BEGIN TRANSACTION;
DROP TABLE IF EXISTS "django_migrations";
CREATE TABLE IF NOT EXISTS "django_migrations" (
	"id"	integer NOT NULL,
	"app"	varchar(255) NOT NULL,
	"name"	varchar(255) NOT NULL,
	"applied"	datetime NOT NULL,
	PRIMARY KEY("id" AUTOINCREMENT)
);
DROP TABLE IF EXISTS "auth_group_permissions";
CREATE TABLE IF NOT EXISTS "auth_group_permissions" (
	"id"	integer NOT NULL,
	"group_id"	integer NOT NULL,
	"permission_id"	integer NOT NULL,
	FOREIGN KEY("group_id") REFERENCES "auth_group"("id") DEFERRABLE INITIALLY DEFERRED,
	FOREIGN KEY("permission_id") REFERENCES "auth_permission"("id") DEFERRABLE INITIALLY DEFERRED,
	PRIMARY KEY("id" AUTOINCREMENT)
);
DROP TABLE IF EXISTS "auth_user_groups";
CREATE TABLE IF NOT EXISTS "auth_user_groups" (
	"id"	integer NOT NULL,
	"user_id"	integer NOT NULL,
	"group_id"	integer NOT NULL,
	FOREIGN KEY("user_id") REFERENCES "auth_user"("id") DEFERRABLE INITIALLY DEFERRED,
	FOREIGN KEY("group_id") REFERENCES "auth_group"("id") DEFERRABLE INITIALLY DEFERRED,
	PRIMARY KEY("id" AUTOINCREMENT)
);
DROP TABLE IF EXISTS "auth_user_user_permissions";
CREATE TABLE IF NOT EXISTS "auth_user_user_permissions" (
	"id"	integer NOT NULL,
	"user_id"	integer NOT NULL,
	"permission_id"	integer NOT NULL,
	FOREIGN KEY("user_id") REFERENCES "auth_user"("id") DEFERRABLE INITIALLY DEFERRED,
	FOREIGN KEY("permission_id") REFERENCES "auth_permission"("id") DEFERRABLE INITIALLY DEFERRED,
	PRIMARY KEY("id" AUTOINCREMENT)
);
DROP TABLE IF EXISTS "django_content_type";
CREATE TABLE IF NOT EXISTS "django_content_type" (
	"id"	integer NOT NULL,
	"app_label"	varchar(100) NOT NULL,
	"model"	varchar(100) NOT NULL,
	PRIMARY KEY("id" AUTOINCREMENT)
);
DROP TABLE IF EXISTS "django_admin_log";
CREATE TABLE IF NOT EXISTS "django_admin_log" (
	"id"	integer NOT NULL,
	"object_id"	text,
	"object_repr"	varchar(200) NOT NULL,
	"action_flag"	smallint unsigned NOT NULL CHECK("action_flag" >= 0),
	"change_message"	text NOT NULL,
	"content_type_id"	integer,
	"user_id"	integer NOT NULL,
	"action_time"	datetime NOT NULL,
	FOREIGN KEY("content_type_id") REFERENCES "django_content_type"("id") DEFERRABLE INITIALLY DEFERRED,
	FOREIGN KEY("user_id") REFERENCES "auth_user"("id") DEFERRABLE INITIALLY DEFERRED,
	PRIMARY KEY("id" AUTOINCREMENT)
);
DROP TABLE IF EXISTS "auth_permission";
CREATE TABLE IF NOT EXISTS "auth_permission" (
	"id"	integer NOT NULL,
	"content_type_id"	integer NOT NULL,
	"codename"	varchar(100) NOT NULL,
	"name"	varchar(255) NOT NULL,
	FOREIGN KEY("content_type_id") REFERENCES "django_content_type"("id") DEFERRABLE INITIALLY DEFERRED,
	PRIMARY KEY("id" AUTOINCREMENT)
);
DROP TABLE IF EXISTS "auth_group";
CREATE TABLE IF NOT EXISTS "auth_group" (
	"id"	integer NOT NULL,
	"name"	varchar(150) NOT NULL UNIQUE,
	PRIMARY KEY("id" AUTOINCREMENT)
);
DROP TABLE IF EXISTS "auth_user";
CREATE TABLE IF NOT EXISTS "auth_user" (
	"id"	integer NOT NULL,
	"password"	varchar(128) NOT NULL,
	"last_login"	datetime,
	"is_superuser"	bool NOT NULL,
	"username"	varchar(150) NOT NULL UNIQUE,
	"last_name"	varchar(150) NOT NULL,
	"email"	varchar(254) NOT NULL,
	"is_staff"	bool NOT NULL,
	"is_active"	bool NOT NULL,
	"date_joined"	datetime NOT NULL,
	"first_name"	varchar(150) NOT NULL,
	PRIMARY KEY("id" AUTOINCREMENT)
);
DROP TABLE IF EXISTS "django_session";
CREATE TABLE IF NOT EXISTS "django_session" (
	"session_key"	varchar(40) NOT NULL,
	"session_data"	text NOT NULL,
	"expire_date"	datetime NOT NULL,
	PRIMARY KEY("session_key")
);
DROP TABLE IF EXISTS "synet_waterconsumption";
CREATE TABLE IF NOT EXISTS "synet_waterconsumption" (
	"id"	integer NOT NULL,
	"serialNumber"	integer,
	"customer"	varchar(100) NOT NULL,
	"date"	date NOT NULL,
	"collecter"	varchar(20),
	"counter"	varchar(20),
	"finalIndication"	integer NOT NULL,
	"initialIndication"	integer NOT NULL,
	"intermediateIndication"	integer,
	"cubicMeters"	integer,
	"billableCubicMeters"	integer,
	"hydronomistsCubicMeters"	decimal,
	"cost"	decimal,
	"hydronomistsRight"	decimal,
	"paid"	decimal,
	"paymentDate"	date,
	"receivedBy"	varchar(10),
	"receiptNumber"	integer,
	"balance"	decimal,
	"viberMsg"	varchar(200),
	"notes"	text,
	"fields"	varchar(20),
	"olivesNumber"	integer,
	PRIMARY KEY("id" AUTOINCREMENT)
);
DROP TABLE IF EXISTS "synet_paid";
CREATE TABLE IF NOT EXISTS "synet_paid" (
	"id"	integer NOT NULL,
	"paid"	decimal,
	"paymentDate"	date,
	"receiptNumber"	integer,
	"balance"	decimal,
	"irrigation_id"	bigint,
	"receiver_id"	bigint,
	FOREIGN KEY("irrigation_id") REFERENCES "synet_watercons"("id") DEFERRABLE INITIALLY DEFERRED,
	FOREIGN KEY("receiver_id") REFERENCES "synet_receiver"("id") DEFERRABLE INITIALLY DEFERRED,
	PRIMARY KEY("id" AUTOINCREMENT)
);
DROP TABLE IF EXISTS "synet_receiver";
CREATE TABLE IF NOT EXISTS "synet_receiver" (
	"id"	integer NOT NULL,
	"receiver"	varchar(30) NOT NULL,
	PRIMARY KEY("id" AUTOINCREMENT)
);
DROP TABLE IF EXISTS "synet_counter";
CREATE TABLE IF NOT EXISTS "synet_counter" (
	"id"	integer NOT NULL,
	"collecter"	varchar(20) NOT NULL,
	"counter"	varchar(20),
	"customer_id"	bigint,
	FOREIGN KEY("customer_id") REFERENCES "synet_person"("id") DEFERRABLE INITIALLY DEFERRED,
	PRIMARY KEY("id" AUTOINCREMENT)
);
DROP TABLE IF EXISTS "synet_field";
CREATE TABLE IF NOT EXISTS "synet_field" (
	"id"	integer NOT NULL,
	"field"	varchar(20),
	"olivesNumber"	integer,
	"customer_id"	bigint NOT NULL,
	FOREIGN KEY("customer_id") REFERENCES "synet_person"("id") DEFERRABLE INITIALLY DEFERRED,
	PRIMARY KEY("id" AUTOINCREMENT)
);
DROP TABLE IF EXISTS "synet_watercons";
CREATE TABLE IF NOT EXISTS "synet_watercons" (
	"id"	integer NOT NULL,
	"serialNumber"	integer,
	"date"	date NOT NULL,
	"finalIndication"	integer NOT NULL,
	"initialIndication"	integer NOT NULL,
	"intermediateIndication"	integer,
	"cubicMeters"	integer,
	"billableCubicMeters"	integer,
	"hydronomistsCubicMeters"	decimal,
	"cost"	decimal,
	"hydronomistsRight"	decimal,
	"viberMsg"	varchar(200),
	"notes"	text,
	"counter_id"	bigint NOT NULL,
	"customer_id"	bigint NOT NULL,
	"field_id"	bigint,
	"costPerMeter"	decimal,
	FOREIGN KEY("counter_id") REFERENCES "synet_counter"("id") DEFERRABLE INITIALLY DEFERRED,
	FOREIGN KEY("customer_id") REFERENCES "synet_person"("id") DEFERRABLE INITIALLY DEFERRED,
	PRIMARY KEY("id" AUTOINCREMENT),
	FOREIGN KEY("field_id") REFERENCES "synet_field"("id") DEFERRABLE INITIALLY DEFERRED
);
DROP TABLE IF EXISTS "synet_person";
CREATE TABLE IF NOT EXISTS "synet_person" (
	"id"	integer NOT NULL,
	"fathersName"	varchar(100),
	"name"	varchar(100),
	"surname"	varchar(100) NOT NULL,
	"member"	bool NOT NULL,
	"payAsMember"	bool NOT NULL,
	"isActive"	bool NOT NULL,
	"aa"	integer UNIQUE,
	"afm"	varchar(9) UNIQUE,
	"placeΟfΡesidence"	varchar(20),
	"mobilePhone"	varchar(10),
	"notes"	varchar(100),
	PRIMARY KEY("id" AUTOINCREMENT)
);
INSERT INTO "django_content_type" ("id","app_label","model") VALUES (1,'admin','logentry');
INSERT INTO "django_content_type" ("id","app_label","model") VALUES (2,'auth','permission');
INSERT INTO "django_content_type" ("id","app_label","model") VALUES (3,'auth','group');
INSERT INTO "django_content_type" ("id","app_label","model") VALUES (4,'auth','user');
INSERT INTO "django_content_type" ("id","app_label","model") VALUES (5,'contenttypes','contenttype');
INSERT INTO "django_content_type" ("id","app_label","model") VALUES (6,'sessions','session');
INSERT INTO "django_content_type" ("id","app_label","model") VALUES (7,'synet','waterconsumption');
INSERT INTO "django_content_type" ("id","app_label","model") VALUES (8,'synet','fields');
INSERT INTO "django_content_type" ("id","app_label","model") VALUES (9,'synet','persons');
INSERT INTO "django_content_type" ("id","app_label","model") VALUES (10,'synet','counters');
INSERT INTO "django_content_type" ("id","app_label","model") VALUES (11,'synet','paids');
INSERT INTO "django_content_type" ("id","app_label","model") VALUES (12,'synet','watercons');
INSERT INTO "django_content_type" ("id","app_label","model") VALUES (13,'synet','receivers');
INSERT INTO "django_content_type" ("id","app_label","model") VALUES (14,'synet','receiver');
INSERT INTO "django_content_type" ("id","app_label","model") VALUES (15,'synet','person');
INSERT INTO "django_content_type" ("id","app_label","model") VALUES (16,'synet','field');
INSERT INTO "django_content_type" ("id","app_label","model") VALUES (17,'synet','counter');
INSERT INTO "django_content_type" ("id","app_label","model") VALUES (18,'synet','paid');
INSERT INTO "auth_permission" ("id","content_type_id","codename","name") VALUES (1,1,'add_logentry','Can add log entry');
INSERT INTO "auth_permission" ("id","content_type_id","codename","name") VALUES (2,1,'change_logentry','Can change log entry');
INSERT INTO "auth_permission" ("id","content_type_id","codename","name") VALUES (3,1,'delete_logentry','Can delete log entry');
INSERT INTO "auth_permission" ("id","content_type_id","codename","name") VALUES (4,1,'view_logentry','Can view log entry');
INSERT INTO "auth_permission" ("id","content_type_id","codename","name") VALUES (5,2,'add_permission','Can add permission');
INSERT INTO "auth_permission" ("id","content_type_id","codename","name") VALUES (6,2,'change_permission','Can change permission');
INSERT INTO "auth_permission" ("id","content_type_id","codename","name") VALUES (7,2,'delete_permission','Can delete permission');
INSERT INTO "auth_permission" ("id","content_type_id","codename","name") VALUES (8,2,'view_permission','Can view permission');
INSERT INTO "auth_permission" ("id","content_type_id","codename","name") VALUES (9,3,'add_group','Can add group');
INSERT INTO "auth_permission" ("id","content_type_id","codename","name") VALUES (10,3,'change_group','Can change group');
INSERT INTO "auth_permission" ("id","content_type_id","codename","name") VALUES (11,3,'delete_group','Can delete group');
INSERT INTO "auth_permission" ("id","content_type_id","codename","name") VALUES (12,3,'view_group','Can view group');
INSERT INTO "auth_permission" ("id","content_type_id","codename","name") VALUES (13,4,'add_user','Can add user');
INSERT INTO "auth_permission" ("id","content_type_id","codename","name") VALUES (14,4,'change_user','Can change user');
INSERT INTO "auth_permission" ("id","content_type_id","codename","name") VALUES (15,4,'delete_user','Can delete user');
INSERT INTO "auth_permission" ("id","content_type_id","codename","name") VALUES (16,4,'view_user','Can view user');
INSERT INTO "auth_permission" ("id","content_type_id","codename","name") VALUES (17,5,'add_contenttype','Can add content type');
INSERT INTO "auth_permission" ("id","content_type_id","codename","name") VALUES (18,5,'change_contenttype','Can change content type');
INSERT INTO "auth_permission" ("id","content_type_id","codename","name") VALUES (19,5,'delete_contenttype','Can delete content type');
INSERT INTO "auth_permission" ("id","content_type_id","codename","name") VALUES (20,5,'view_contenttype','Can view content type');
INSERT INTO "auth_permission" ("id","content_type_id","codename","name") VALUES (21,6,'add_session','Can add session');
INSERT INTO "auth_permission" ("id","content_type_id","codename","name") VALUES (22,6,'change_session','Can change session');
INSERT INTO "auth_permission" ("id","content_type_id","codename","name") VALUES (23,6,'delete_session','Can delete session');
INSERT INTO "auth_permission" ("id","content_type_id","codename","name") VALUES (24,6,'view_session','Can view session');
INSERT INTO "auth_permission" ("id","content_type_id","codename","name") VALUES (25,7,'add_waterconsumption','Can add water consumption');
INSERT INTO "auth_permission" ("id","content_type_id","codename","name") VALUES (26,7,'change_waterconsumption','Can change water consumption');
INSERT INTO "auth_permission" ("id","content_type_id","codename","name") VALUES (27,7,'delete_waterconsumption','Can delete water consumption');
INSERT INTO "auth_permission" ("id","content_type_id","codename","name") VALUES (28,7,'view_waterconsumption','Can view water consumption');
INSERT INTO "auth_permission" ("id","content_type_id","codename","name") VALUES (29,8,'add_fields','Can add fields');
INSERT INTO "auth_permission" ("id","content_type_id","codename","name") VALUES (30,8,'change_fields','Can change fields');
INSERT INTO "auth_permission" ("id","content_type_id","codename","name") VALUES (31,8,'delete_fields','Can delete fields');
INSERT INTO "auth_permission" ("id","content_type_id","codename","name") VALUES (32,8,'view_fields','Can view fields');
INSERT INTO "auth_permission" ("id","content_type_id","codename","name") VALUES (33,9,'add_customers','Can add customers');
INSERT INTO "auth_permission" ("id","content_type_id","codename","name") VALUES (34,9,'change_customers','Can change customers');
INSERT INTO "auth_permission" ("id","content_type_id","codename","name") VALUES (35,9,'delete_customers','Can delete customers');
INSERT INTO "auth_permission" ("id","content_type_id","codename","name") VALUES (36,9,'view_customers','Can view customers');
INSERT INTO "auth_permission" ("id","content_type_id","codename","name") VALUES (37,10,'add_counters','Can add counters');
INSERT INTO "auth_permission" ("id","content_type_id","codename","name") VALUES (38,10,'change_counters','Can change counters');
INSERT INTO "auth_permission" ("id","content_type_id","codename","name") VALUES (39,10,'delete_counters','Can delete counters');
INSERT INTO "auth_permission" ("id","content_type_id","codename","name") VALUES (40,10,'view_counters','Can view counters');
INSERT INTO "auth_permission" ("id","content_type_id","codename","name") VALUES (41,11,'add_paids','Can add paids');
INSERT INTO "auth_permission" ("id","content_type_id","codename","name") VALUES (42,11,'change_paids','Can change paids');
INSERT INTO "auth_permission" ("id","content_type_id","codename","name") VALUES (43,11,'delete_paids','Can delete paids');
INSERT INTO "auth_permission" ("id","content_type_id","codename","name") VALUES (44,11,'view_paids','Can view paids');
INSERT INTO "auth_permission" ("id","content_type_id","codename","name") VALUES (45,12,'add_watercons','Can add water cons');
INSERT INTO "auth_permission" ("id","content_type_id","codename","name") VALUES (46,12,'change_watercons','Can change water cons');
INSERT INTO "auth_permission" ("id","content_type_id","codename","name") VALUES (47,12,'delete_watercons','Can delete water cons');
INSERT INTO "auth_permission" ("id","content_type_id","codename","name") VALUES (48,12,'view_watercons','Can view water cons');
INSERT INTO "auth_permission" ("id","content_type_id","codename","name") VALUES (49,13,'add_receivers','Can add receivers');
INSERT INTO "auth_permission" ("id","content_type_id","codename","name") VALUES (50,13,'change_receivers','Can change receivers');
INSERT INTO "auth_permission" ("id","content_type_id","codename","name") VALUES (51,13,'delete_receivers','Can delete receivers');
INSERT INTO "auth_permission" ("id","content_type_id","codename","name") VALUES (52,13,'view_receivers','Can view receivers');
INSERT INTO "auth_permission" ("id","content_type_id","codename","name") VALUES (53,9,'add_persons','Can add persons');
INSERT INTO "auth_permission" ("id","content_type_id","codename","name") VALUES (54,9,'change_persons','Can change persons');
INSERT INTO "auth_permission" ("id","content_type_id","codename","name") VALUES (55,9,'delete_persons','Can delete persons');
INSERT INTO "auth_permission" ("id","content_type_id","codename","name") VALUES (56,9,'view_persons','Can view persons');
INSERT INTO "auth_permission" ("id","content_type_id","codename","name") VALUES (57,14,'add_receiver','Can add receiver');
INSERT INTO "auth_permission" ("id","content_type_id","codename","name") VALUES (58,14,'change_receiver','Can change receiver');
INSERT INTO "auth_permission" ("id","content_type_id","codename","name") VALUES (59,14,'delete_receiver','Can delete receiver');
INSERT INTO "auth_permission" ("id","content_type_id","codename","name") VALUES (60,14,'view_receiver','Can view receiver');
INSERT INTO "auth_permission" ("id","content_type_id","codename","name") VALUES (61,15,'add_person','Can add person');
INSERT INTO "auth_permission" ("id","content_type_id","codename","name") VALUES (62,15,'change_person','Can change person');
INSERT INTO "auth_permission" ("id","content_type_id","codename","name") VALUES (63,15,'delete_person','Can delete person');
INSERT INTO "auth_permission" ("id","content_type_id","codename","name") VALUES (64,15,'view_person','Can view person');
INSERT INTO "auth_permission" ("id","content_type_id","codename","name") VALUES (65,16,'add_field','Can add field');
INSERT INTO "auth_permission" ("id","content_type_id","codename","name") VALUES (66,16,'change_field','Can change field');
INSERT INTO "auth_permission" ("id","content_type_id","codename","name") VALUES (67,16,'delete_field','Can delete field');
INSERT INTO "auth_permission" ("id","content_type_id","codename","name") VALUES (68,16,'view_field','Can view field');
INSERT INTO "auth_permission" ("id","content_type_id","codename","name") VALUES (69,17,'add_counter','Can add counter');
INSERT INTO "auth_permission" ("id","content_type_id","codename","name") VALUES (70,17,'change_counter','Can change counter');
INSERT INTO "auth_permission" ("id","content_type_id","codename","name") VALUES (71,17,'delete_counter','Can delete counter');
INSERT INTO "auth_permission" ("id","content_type_id","codename","name") VALUES (72,17,'view_counter','Can view counter');
INSERT INTO "auth_permission" ("id","content_type_id","codename","name") VALUES (73,18,'add_paid','Can add paid');
INSERT INTO "auth_permission" ("id","content_type_id","codename","name") VALUES (74,18,'change_paid','Can change paid');
INSERT INTO "auth_permission" ("id","content_type_id","codename","name") VALUES (75,18,'delete_paid','Can delete paid');
INSERT INTO "auth_permission" ("id","content_type_id","codename","name") VALUES (76,18,'view_paid','Can view paid');
INSERT INTO "auth_user" ("id","password","last_login","is_superuser","username","last_name","email","is_staff","is_active","date_joined","first_name") VALUES (1,'pbkdf2_sha256$1000000$d8tUgBXDJN81teh2mrdyz6$RHnhZOjpq7YhL0DPicuZ4aS8b3v6uuB2ybXXjZc0FhU=','2025-05-01 07:58:32.048921',1,'gverv','','gnverv@gmail.com',1,1,'2025-05-01 07:57:14.896513','');
INSERT INTO "django_session" ("session_key","session_data","expire_date") VALUES ('0xn0i68e1jh3yvkxmvstwacgqzn6epjv','.eJxVjEEOwiAQRe_C2hA6IKJL956BDDODVA0kpV0Z726bdKHb_95_bxVxmUtcukxxZHVRgzr8bgnpKXUD_MB6b5panacx6U3RO-361lhe1939CxTsZX2nJIEZIUAWyxnZY85MnGxwxCZkC-LlaJ03OcHadXjyzgzgiYHkrD5fPKM5pA:1uAOoS:wAITovKP2fu-8e-Ccbb54F1_4yA_nKKc_osWSxjqqrc','2025-05-15 07:58:32.069285');
INSERT INTO "synet_waterconsumption" ("id","serialNumber","customer","date","collecter","counter","finalIndication","initialIndication","intermediateIndication","cubicMeters","billableCubicMeters","hydronomistsCubicMeters","cost","hydronomistsRight","paid","paymentDate","receivedBy","receiptNumber","balance","viberMsg","notes","fields","olivesNumber") VALUES (1,1,'Russi Adem( Ανδρέας)','2024-03-12','Κεντρικό','',516416,516216,NULL,200,200,NULL,60,NULL,NULL,NULL,'',NULL,NULL,'','','',NULL);
INSERT INTO "synet_waterconsumption" ("id","serialNumber","customer","date","collecter","counter","finalIndication","initialIndication","intermediateIndication","cubicMeters","billableCubicMeters","hydronomistsCubicMeters","cost","hydronomistsRight","paid","paymentDate","receivedBy","receiptNumber","balance","viberMsg","notes","fields","olivesNumber") VALUES (2,2,'Russi Bilal ( Χρήστος)','2024-03-13','Κεντρικό','',516532,516416,NULL,116,116,NULL,34.8,NULL,NULL,NULL,'',NULL,NULL,'','','',NULL);
INSERT INTO "synet_waterconsumption" ("id","serialNumber","customer","date","collecter","counter","finalIndication","initialIndication","intermediateIndication","cubicMeters","billableCubicMeters","hydronomistsCubicMeters","cost","hydronomistsRight","paid","paymentDate","receivedBy","receiptNumber","balance","viberMsg","notes","fields","olivesNumber") VALUES (3,3,'Μαρουλάκης Ιωάννης','2024-03-13','Κεντρικό','',516674,516532,NULL,142,142,NULL,42.6,NULL,NULL,NULL,'',NULL,NULL,'','','',NULL);
INSERT INTO "synet_waterconsumption" ("id","serialNumber","customer","date","collecter","counter","finalIndication","initialIndication","intermediateIndication","cubicMeters","billableCubicMeters","hydronomistsCubicMeters","cost","hydronomistsRight","paid","paymentDate","receivedBy","receiptNumber","balance","viberMsg","notes","fields","olivesNumber") VALUES (4,4,'Παπαδημητροπούλου Μαρία Θαλασσινός Γιώργος','2024-03-30','Κεντρικό','',516865,516674,NULL,191,191,NULL,57.3,NULL,NULL,NULL,'',NULL,NULL,'','','',NULL);
INSERT INTO "synet_waterconsumption" ("id","serialNumber","customer","date","collecter","counter","finalIndication","initialIndication","intermediateIndication","cubicMeters","billableCubicMeters","hydronomistsCubicMeters","cost","hydronomistsRight","paid","paymentDate","receivedBy","receiptNumber","balance","viberMsg","notes","fields","olivesNumber") VALUES (5,5,'Βερβελάκης Γεώργιος','2024-04-03','Κεντρικό','',517472,516865,NULL,607,607,NULL,182.1,NULL,NULL,NULL,'',NULL,NULL,'','','',NULL);
INSERT INTO "synet_waterconsumption" ("id","serialNumber","customer","date","collecter","counter","finalIndication","initialIndication","intermediateIndication","cubicMeters","billableCubicMeters","hydronomistsCubicMeters","cost","hydronomistsRight","paid","paymentDate","receivedBy","receiptNumber","balance","viberMsg","notes","fields","olivesNumber") VALUES (6,6,'Ζώτος Σπύρος','2024-04-04','Κεντρικό','',517770,517472,NULL,298,298,NULL,89.4,NULL,NULL,NULL,'',NULL,NULL,'','','',NULL);
INSERT INTO "synet_waterconsumption" ("id","serialNumber","customer","date","collecter","counter","finalIndication","initialIndication","intermediateIndication","cubicMeters","billableCubicMeters","hydronomistsCubicMeters","cost","hydronomistsRight","paid","paymentDate","receivedBy","receiptNumber","balance","viberMsg","notes","fields","olivesNumber") VALUES (7,7,'Κικάκης Μιχ. τ. Ιωάννου','2024-04-05','Κεντρικό','',517980,517770,NULL,210,210,NULL,63,NULL,NULL,NULL,'',NULL,NULL,'','','',NULL);
INSERT INTO "synet_waterconsumption" ("id","serialNumber","customer","date","collecter","counter","finalIndication","initialIndication","intermediateIndication","cubicMeters","billableCubicMeters","hydronomistsCubicMeters","cost","hydronomistsRight","paid","paymentDate","receivedBy","receiptNumber","balance","viberMsg","notes","fields","olivesNumber") VALUES (8,8,'Πατιτάκης Μανώλης','2024-04-06','Κεντρικό','',518158,517980,NULL,178,178,NULL,53.4,NULL,NULL,NULL,'',NULL,NULL,'','','',NULL);
INSERT INTO "synet_waterconsumption" ("id","serialNumber","customer","date","collecter","counter","finalIndication","initialIndication","intermediateIndication","cubicMeters","billableCubicMeters","hydronomistsCubicMeters","cost","hydronomistsRight","paid","paymentDate","receivedBy","receiptNumber","balance","viberMsg","notes","fields","olivesNumber") VALUES (9,9,'Κικάκης Μιχ. τ. Ιωάννου','2024-04-06','Κεντρικό','',518244,518158,NULL,86,86,NULL,25.8,NULL,NULL,NULL,'',NULL,NULL,'','','',NULL);
INSERT INTO "synet_waterconsumption" ("id","serialNumber","customer","date","collecter","counter","finalIndication","initialIndication","intermediateIndication","cubicMeters","billableCubicMeters","hydronomistsCubicMeters","cost","hydronomistsRight","paid","paymentDate","receivedBy","receiptNumber","balance","viberMsg","notes","fields","olivesNumber") VALUES (10,10,'Βασιλάκης Ιω. τ. Νικολάου','2024-04-07','Γέφυρα','',998,775,NULL,223,223,NULL,66.9,NULL,NULL,NULL,'',NULL,NULL,'','','',NULL);
INSERT INTO "synet_waterconsumption" ("id","serialNumber","customer","date","collecter","counter","finalIndication","initialIndication","intermediateIndication","cubicMeters","billableCubicMeters","hydronomistsCubicMeters","cost","hydronomistsRight","paid","paymentDate","receivedBy","receiptNumber","balance","viberMsg","notes","fields","olivesNumber") VALUES (11,11,'Ζώτος Σπύρος','2024-04-08','Κεντρικό','',518329,518244,NULL,85,85,NULL,25.5,NULL,NULL,NULL,'',NULL,NULL,'','','',NULL);
INSERT INTO "synet_waterconsumption" ("id","serialNumber","customer","date","collecter","counter","finalIndication","initialIndication","intermediateIndication","cubicMeters","billableCubicMeters","hydronomistsCubicMeters","cost","hydronomistsRight","paid","paymentDate","receivedBy","receiptNumber","balance","viberMsg","notes","fields","olivesNumber") VALUES (12,12,'Βερβελάκη Άννα','2024-04-09','Κεντρικό','',518629,518329,NULL,300,300,NULL,90,NULL,NULL,NULL,'',NULL,NULL,'','','',NULL);
INSERT INTO "synet_waterconsumption" ("id","serialNumber","customer","date","collecter","counter","finalIndication","initialIndication","intermediateIndication","cubicMeters","billableCubicMeters","hydronomistsCubicMeters","cost","hydronomistsRight","paid","paymentDate","receivedBy","receiptNumber","balance","viberMsg","notes","fields","olivesNumber") VALUES (13,13,'Πατιτάκης Μανώλης','2024-04-10','Κεντρικό','',518980,518629,NULL,351,351,NULL,105.3,NULL,NULL,NULL,'',NULL,NULL,'','','',NULL);
INSERT INTO "synet_waterconsumption" ("id","serialNumber","customer","date","collecter","counter","finalIndication","initialIndication","intermediateIndication","cubicMeters","billableCubicMeters","hydronomistsCubicMeters","cost","hydronomistsRight","paid","paymentDate","receivedBy","receiptNumber","balance","viberMsg","notes","fields","olivesNumber") VALUES (14,14,'Τουλουπάκη Άννα','2024-04-11','Κεντρικό','',519180,518980,NULL,200,200,NULL,60,NULL,NULL,NULL,'',NULL,NULL,'','','',NULL);
INSERT INTO "synet_waterconsumption" ("id","serialNumber","customer","date","collecter","counter","finalIndication","initialIndication","intermediateIndication","cubicMeters","billableCubicMeters","hydronomistsCubicMeters","cost","hydronomistsRight","paid","paymentDate","receivedBy","receiptNumber","balance","viberMsg","notes","fields","olivesNumber") VALUES (15,15,'Γρυσμπολάκης Δημήτρης','2024-04-11','Κεντρικό','',519370,519180,NULL,190,190,NULL,57,NULL,NULL,NULL,'',NULL,NULL,'','','',NULL);
INSERT INTO "synet_waterconsumption" ("id","serialNumber","customer","date","collecter","counter","finalIndication","initialIndication","intermediateIndication","cubicMeters","billableCubicMeters","hydronomistsCubicMeters","cost","hydronomistsRight","paid","paymentDate","receivedBy","receiptNumber","balance","viberMsg","notes","fields","olivesNumber") VALUES (16,16,'Βερβελάκη Άννα','2024-04-12','Λούτρα','',16158,16103,NULL,55,55,NULL,16.5,NULL,NULL,NULL,'',NULL,NULL,'','','',NULL);
INSERT INTO "synet_waterconsumption" ("id","serialNumber","customer","date","collecter","counter","finalIndication","initialIndication","intermediateIndication","cubicMeters","billableCubicMeters","hydronomistsCubicMeters","cost","hydronomistsRight","paid","paymentDate","receivedBy","receiptNumber","balance","viberMsg","notes","fields","olivesNumber") VALUES (17,17,'Μαρουλάκης Ιωάννης','2024-04-13','Κεντρικό','',519613,519370,NULL,243,243,NULL,72.9,NULL,NULL,NULL,'',NULL,NULL,'','','',NULL);
INSERT INTO "synet_waterconsumption" ("id","serialNumber","customer","date","collecter","counter","finalIndication","initialIndication","intermediateIndication","cubicMeters","billableCubicMeters","hydronomistsCubicMeters","cost","hydronomistsRight","paid","paymentDate","receivedBy","receiptNumber","balance","viberMsg","notes","fields","olivesNumber") VALUES (18,18,'Χατζοβασιλάκη Μαρία','2024-04-14','Κεντρικό','',519959,519613,NULL,346,346,NULL,103.8,NULL,NULL,NULL,'',NULL,NULL,'','','',NULL);
INSERT INTO "synet_waterconsumption" ("id","serialNumber","customer","date","collecter","counter","finalIndication","initialIndication","intermediateIndication","cubicMeters","billableCubicMeters","hydronomistsCubicMeters","cost","hydronomistsRight","paid","paymentDate","receivedBy","receiptNumber","balance","viberMsg","notes","fields","olivesNumber") VALUES (19,19,'Μαρουλάκης Στέλιος','2024-04-15','Κεντρικό','',520024,519959,NULL,65,65,NULL,19.5,NULL,NULL,NULL,'',NULL,NULL,'','','',NULL);
INSERT INTO "synet_waterconsumption" ("id","serialNumber","customer","date","collecter","counter","finalIndication","initialIndication","intermediateIndication","cubicMeters","billableCubicMeters","hydronomistsCubicMeters","cost","hydronomistsRight","paid","paymentDate","receivedBy","receiptNumber","balance","viberMsg","notes","fields","olivesNumber") VALUES (20,20,'Βερβελάκη Άννα','2024-04-15','Κεντρικό','',520112,520024,NULL,88,88,NULL,26.4,NULL,NULL,NULL,'',NULL,NULL,'','','',NULL);
INSERT INTO "synet_waterconsumption" ("id","serialNumber","customer","date","collecter","counter","finalIndication","initialIndication","intermediateIndication","cubicMeters","billableCubicMeters","hydronomistsCubicMeters","cost","hydronomistsRight","paid","paymentDate","receivedBy","receiptNumber","balance","viberMsg","notes","fields","olivesNumber") VALUES (21,21,'Μαρουλάκης Στέλιος','2024-04-16','Κεντρικό','',520297,520112,NULL,185,185,NULL,55.5,NULL,NULL,NULL,'',NULL,NULL,'','','',NULL);
INSERT INTO "synet_waterconsumption" ("id","serialNumber","customer","date","collecter","counter","finalIndication","initialIndication","intermediateIndication","cubicMeters","billableCubicMeters","hydronomistsCubicMeters","cost","hydronomistsRight","paid","paymentDate","receivedBy","receiptNumber","balance","viberMsg","notes","fields","olivesNumber") VALUES (22,22,'Παπαδημητροπούλου Καίτη','2024-04-17','Κεντρικό','',520576,520297,NULL,279,279,NULL,83.7,NULL,NULL,NULL,'',NULL,NULL,'','','',NULL);
INSERT INTO "synet_waterconsumption" ("id","serialNumber","customer","date","collecter","counter","finalIndication","initialIndication","intermediateIndication","cubicMeters","billableCubicMeters","hydronomistsCubicMeters","cost","hydronomistsRight","paid","paymentDate","receivedBy","receiptNumber","balance","viberMsg","notes","fields","olivesNumber") VALUES (23,23,'Χατζοβασιλάκη Κατερίνα','2024-04-18','Κεντρικό','',520772,520576,NULL,196,196,NULL,58.8,NULL,NULL,NULL,'',NULL,NULL,'','','',NULL);
INSERT INTO "synet_waterconsumption" ("id","serialNumber","customer","date","collecter","counter","finalIndication","initialIndication","intermediateIndication","cubicMeters","billableCubicMeters","hydronomistsCubicMeters","cost","hydronomistsRight","paid","paymentDate","receivedBy","receiptNumber","balance","viberMsg","notes","fields","olivesNumber") VALUES (24,24,'Russi Adem( Ανδρέας)','2024-04-18','Κεντρικό','',520834,520772,NULL,62,62,NULL,18.6,NULL,NULL,NULL,'',NULL,NULL,'','','',NULL);
INSERT INTO "synet_waterconsumption" ("id","serialNumber","customer","date","collecter","counter","finalIndication","initialIndication","intermediateIndication","cubicMeters","billableCubicMeters","hydronomistsCubicMeters","cost","hydronomistsRight","paid","paymentDate","receivedBy","receiptNumber","balance","viberMsg","notes","fields","olivesNumber") VALUES (25,25,'Κικάκης Μιχ. τ. Ιωάννου','2024-04-19','Κεντρικό','',520903,520834,NULL,69,69,NULL,20.7,NULL,NULL,NULL,'',NULL,NULL,'','','',NULL);
INSERT INTO "synet_waterconsumption" ("id","serialNumber","customer","date","collecter","counter","finalIndication","initialIndication","intermediateIndication","cubicMeters","billableCubicMeters","hydronomistsCubicMeters","cost","hydronomistsRight","paid","paymentDate","receivedBy","receiptNumber","balance","viberMsg","notes","fields","olivesNumber") VALUES (26,26,'Τουλουπάκη Άννα','2024-04-20','Κεντρικό','',521089,520903,NULL,186,186,NULL,55.8,NULL,NULL,NULL,'',NULL,NULL,'','','',NULL);
INSERT INTO "synet_waterconsumption" ("id","serialNumber","customer","date","collecter","counter","finalIndication","initialIndication","intermediateIndication","cubicMeters","billableCubicMeters","hydronomistsCubicMeters","cost","hydronomistsRight","paid","paymentDate","receivedBy","receiptNumber","balance","viberMsg","notes","fields","olivesNumber") VALUES (27,27,'Βαρδάκης Μανώλης Ματθαίου','2024-04-21','Κεντρικό','',521408,521089,NULL,319,319,NULL,95.7,NULL,NULL,NULL,'',NULL,NULL,'','','',NULL);
INSERT INTO "synet_waterconsumption" ("id","serialNumber","customer","date","collecter","counter","finalIndication","initialIndication","intermediateIndication","cubicMeters","billableCubicMeters","hydronomistsCubicMeters","cost","hydronomistsRight","paid","paymentDate","receivedBy","receiptNumber","balance","viberMsg","notes","fields","olivesNumber") VALUES (28,28,'Ζώτος Σπύρος','2024-04-22','Κεντρικό','',521563,521408,NULL,155,155,NULL,46.5,NULL,NULL,NULL,'',NULL,NULL,'','','Αργουλίδα',NULL);
INSERT INTO "synet_waterconsumption" ("id","serialNumber","customer","date","collecter","counter","finalIndication","initialIndication","intermediateIndication","cubicMeters","billableCubicMeters","hydronomistsCubicMeters","cost","hydronomistsRight","paid","paymentDate","receivedBy","receiptNumber","balance","viberMsg","notes","fields","olivesNumber") VALUES (29,29,'Russi Adem( Ανδρέας)','2024-04-23','Κεντρικό','',521907,521563,NULL,344,344,NULL,103.2,NULL,NULL,NULL,'',NULL,NULL,'','','Σπίθοι',300);
INSERT INTO "synet_waterconsumption" ("id","serialNumber","customer","date","collecter","counter","finalIndication","initialIndication","intermediateIndication","cubicMeters","billableCubicMeters","hydronomistsCubicMeters","cost","hydronomistsRight","paid","paymentDate","receivedBy","receiptNumber","balance","viberMsg","notes","fields","olivesNumber") VALUES (30,30,'Πατιτάκης Μανώλης','2024-04-24','Κεντρικό','',522187,521907,NULL,280,280,NULL,84,NULL,NULL,NULL,'',NULL,NULL,'','','Γριάς Πλάγια',300);
INSERT INTO "synet_waterconsumption" ("id","serialNumber","customer","date","collecter","counter","finalIndication","initialIndication","intermediateIndication","cubicMeters","billableCubicMeters","hydronomistsCubicMeters","cost","hydronomistsRight","paid","paymentDate","receivedBy","receiptNumber","balance","viberMsg","notes","fields","olivesNumber") VALUES (31,31,'Μαρουλάκης Στέλιος','2024-04-25','Κεντρικό','',522271,522187,NULL,84,84,NULL,25.2,NULL,NULL,NULL,'',NULL,NULL,'','','',NULL);
INSERT INTO "synet_waterconsumption" ("id","serialNumber","customer","date","collecter","counter","finalIndication","initialIndication","intermediateIndication","cubicMeters","billableCubicMeters","hydronomistsCubicMeters","cost","hydronomistsRight","paid","paymentDate","receivedBy","receiptNumber","balance","viberMsg","notes","fields","olivesNumber") VALUES (32,32,'Ζώτος Σπύρος','2024-04-25','Κεντρικό','',522373,522271,NULL,102,102,NULL,30.6,NULL,NULL,NULL,'',NULL,NULL,'','','',NULL);
INSERT INTO "synet_waterconsumption" ("id","serialNumber","customer","date","collecter","counter","finalIndication","initialIndication","intermediateIndication","cubicMeters","billableCubicMeters","hydronomistsCubicMeters","cost","hydronomistsRight","paid","paymentDate","receivedBy","receiptNumber","balance","viberMsg","notes","fields","olivesNumber") VALUES (33,33,'Πατιτάκης Γιώργος','2024-04-25','Κεντρικό','',522451,522373,NULL,78,78,NULL,23.4,NULL,NULL,NULL,'',NULL,NULL,'','','Πετσοκόλι',130);
INSERT INTO "synet_waterconsumption" ("id","serialNumber","customer","date","collecter","counter","finalIndication","initialIndication","intermediateIndication","cubicMeters","billableCubicMeters","hydronomistsCubicMeters","cost","hydronomistsRight","paid","paymentDate","receivedBy","receiptNumber","balance","viberMsg","notes","fields","olivesNumber") VALUES (34,34,'Βερβελάκη Άννα','2024-04-26','Κεντρικό','',522624,522451,NULL,173,173,NULL,51.9,NULL,NULL,NULL,'',NULL,NULL,'','','',NULL);
INSERT INTO "synet_waterconsumption" ("id","serialNumber","customer","date","collecter","counter","finalIndication","initialIndication","intermediateIndication","cubicMeters","billableCubicMeters","hydronomistsCubicMeters","cost","hydronomistsRight","paid","paymentDate","receivedBy","receiptNumber","balance","viberMsg","notes","fields","olivesNumber") VALUES (35,35,'Russi Bilal ( Χρήστος)','2024-04-27','Κεντρικό','',522956,522624,NULL,332,332,NULL,99.6,NULL,NULL,NULL,'',NULL,NULL,'','','Ηρώ',350);
INSERT INTO "synet_waterconsumption" ("id","serialNumber","customer","date","collecter","counter","finalIndication","initialIndication","intermediateIndication","cubicMeters","billableCubicMeters","hydronomistsCubicMeters","cost","hydronomistsRight","paid","paymentDate","receivedBy","receiptNumber","balance","viberMsg","notes","fields","olivesNumber") VALUES (36,36,'Plakut Nikos','2024-04-28','Κεντρικό','',523100,522956,NULL,144,144,NULL,57.6,NULL,NULL,NULL,'',NULL,NULL,'','','Σοφοκλή',150);
INSERT INTO "synet_waterconsumption" ("id","serialNumber","customer","date","collecter","counter","finalIndication","initialIndication","intermediateIndication","cubicMeters","billableCubicMeters","hydronomistsCubicMeters","cost","hydronomistsRight","paid","paymentDate","receivedBy","receiptNumber","balance","viberMsg","notes","fields","olivesNumber") VALUES (37,37,'Ρεστιβάκη Γεωργία Παπαδημητρόπουλος Χαρίδημος','2024-04-28','Κεντρικό','',523201,523100,NULL,101,101,NULL,30.3,NULL,NULL,NULL,'',NULL,NULL,'','','Λούτρα',100);
INSERT INTO "synet_waterconsumption" ("id","serialNumber","customer","date","collecter","counter","finalIndication","initialIndication","intermediateIndication","cubicMeters","billableCubicMeters","hydronomistsCubicMeters","cost","hydronomistsRight","paid","paymentDate","receivedBy","receiptNumber","balance","viberMsg","notes","fields","olivesNumber") VALUES (38,39,'Χατζοβασιλάκη Μαρία','2024-04-29','Κεντρικό','',523376,523230,NULL,146,146,NULL,43.8,NULL,NULL,NULL,'',NULL,NULL,'','','',NULL);
INSERT INTO "synet_waterconsumption" ("id","serialNumber","customer","date","collecter","counter","finalIndication","initialIndication","intermediateIndication","cubicMeters","billableCubicMeters","hydronomistsCubicMeters","cost","hydronomistsRight","paid","paymentDate","receivedBy","receiptNumber","balance","viberMsg","notes","fields","olivesNumber") VALUES (39,40,'Βερβελάκης Γεώργιος','2024-05-01','Κεντρικό','',523915,523376,NULL,539,539,NULL,161.7,NULL,NULL,NULL,'',NULL,NULL,'','','',NULL);
INSERT INTO "synet_waterconsumption" ("id","serialNumber","customer","date","collecter","counter","finalIndication","initialIndication","intermediateIndication","cubicMeters","billableCubicMeters","hydronomistsCubicMeters","cost","hydronomistsRight","paid","paymentDate","receivedBy","receiptNumber","balance","viberMsg","notes","fields","olivesNumber") VALUES (40,41,'Προεστάκη Γλυκερία','2024-05-02','Γέφυρα','',1148,998,NULL,150,150,NULL,45,NULL,NULL,NULL,'',NULL,NULL,'','','',NULL);
INSERT INTO "synet_waterconsumption" ("id","serialNumber","customer","date","collecter","counter","finalIndication","initialIndication","intermediateIndication","cubicMeters","billableCubicMeters","hydronomistsCubicMeters","cost","hydronomistsRight","paid","paymentDate","receivedBy","receiptNumber","balance","viberMsg","notes","fields","olivesNumber") VALUES (41,42,'Παπαδημητρόπουλος Γεώργιος Άγγελου','2024-05-03','Κεντρικό','',523964,523915,NULL,49,49,NULL,14.7,NULL,NULL,NULL,'',NULL,NULL,'','','',NULL);
INSERT INTO "synet_waterconsumption" ("id","serialNumber","customer","date","collecter","counter","finalIndication","initialIndication","intermediateIndication","cubicMeters","billableCubicMeters","hydronomistsCubicMeters","cost","hydronomistsRight","paid","paymentDate","receivedBy","receiptNumber","balance","viberMsg","notes","fields","olivesNumber") VALUES (42,43,'Βασιλάκης Ιω. τ. Νικολάου','2024-05-04','Γέφυρα','',1373,1148,NULL,225,225,NULL,67.5,NULL,NULL,NULL,'',NULL,NULL,'','','',NULL);
INSERT INTO "synet_waterconsumption" ("id","serialNumber","customer","date","collecter","counter","finalIndication","initialIndication","intermediateIndication","cubicMeters","billableCubicMeters","hydronomistsCubicMeters","cost","hydronomistsRight","paid","paymentDate","receivedBy","receiptNumber","balance","viberMsg","notes","fields","olivesNumber") VALUES (43,44,'Παπαδημητροπούλου Μαρία Θαλασσινός Γιώργος','2024-05-06','Κεντρικό','',524119,523964,NULL,155,155,NULL,46.5,NULL,NULL,NULL,'',NULL,NULL,'','','Κεφάλα',160);
INSERT INTO "synet_waterconsumption" ("id","serialNumber","customer","date","collecter","counter","finalIndication","initialIndication","intermediateIndication","cubicMeters","billableCubicMeters","hydronomistsCubicMeters","cost","hydronomistsRight","paid","paymentDate","receivedBy","receiptNumber","balance","viberMsg","notes","fields","olivesNumber") VALUES (44,45,'Παπαδημητροπούλου Καίτη','2024-05-07','Κεντρικό','',524440,524119,NULL,321,321,NULL,96.3,NULL,NULL,NULL,'',NULL,NULL,'','','Σμαϊλη',NULL);
INSERT INTO "synet_waterconsumption" ("id","serialNumber","customer","date","collecter","counter","finalIndication","initialIndication","intermediateIndication","cubicMeters","billableCubicMeters","hydronomistsCubicMeters","cost","hydronomistsRight","paid","paymentDate","receivedBy","receiptNumber","balance","viberMsg","notes","fields","olivesNumber") VALUES (45,46,'Μαργαριτάκης Μανώλης','2024-05-08','Κεντρικό','',524895,524440,NULL,455,455,NULL,136.5,NULL,NULL,NULL,'',NULL,NULL,'','','Κεφάλα-Κόρνια',500);
INSERT INTO "synet_waterconsumption" ("id","serialNumber","customer","date","collecter","counter","finalIndication","initialIndication","intermediateIndication","cubicMeters","billableCubicMeters","hydronomistsCubicMeters","cost","hydronomistsRight","paid","paymentDate","receivedBy","receiptNumber","balance","viberMsg","notes","fields","olivesNumber") VALUES (46,47,'Ρεστιβάκη Γεωργία Παπαδημητρόπουλος Χαρίδημος','2024-05-09','Αόρι','',10141,9936,NULL,205,205,NULL,82,NULL,NULL,NULL,'',NULL,NULL,'','','Καμπιά',400);
INSERT INTO "synet_waterconsumption" ("id","serialNumber","customer","date","collecter","counter","finalIndication","initialIndication","intermediateIndication","cubicMeters","billableCubicMeters","hydronomistsCubicMeters","cost","hydronomistsRight","paid","paymentDate","receivedBy","receiptNumber","balance","viberMsg","notes","fields","olivesNumber") VALUES (47,48,'Μαργαριτάκης Μανώλης','2024-05-09','Κεντρικό','',524993,524895,NULL,98,98,NULL,29.4,NULL,NULL,NULL,'',NULL,NULL,'','','',100);
INSERT INTO "synet_waterconsumption" ("id","serialNumber","customer","date","collecter","counter","finalIndication","initialIndication","intermediateIndication","cubicMeters","billableCubicMeters","hydronomistsCubicMeters","cost","hydronomistsRight","paid","paymentDate","receivedBy","receiptNumber","balance","viberMsg","notes","fields","olivesNumber") VALUES (48,49,'Χατζοβασιλάκη Κατερίνα','2024-05-10','Κεντρικό','',525096,524993,NULL,103,103,NULL,30.9,NULL,NULL,NULL,'',NULL,NULL,'','','Κομάτα',160);
INSERT INTO "synet_waterconsumption" ("id","serialNumber","customer","date","collecter","counter","finalIndication","initialIndication","intermediateIndication","cubicMeters","billableCubicMeters","hydronomistsCubicMeters","cost","hydronomistsRight","paid","paymentDate","receivedBy","receiptNumber","balance","viberMsg","notes","fields","olivesNumber") VALUES (49,50,'Ζώτος Σπύρος','2024-05-11','Κεντρικό','',525340,525096,NULL,244,244,NULL,73.2,NULL,NULL,NULL,'',NULL,NULL,'','','Αργουλίδα',NULL);
INSERT INTO "synet_waterconsumption" ("id","serialNumber","customer","date","collecter","counter","finalIndication","initialIndication","intermediateIndication","cubicMeters","billableCubicMeters","hydronomistsCubicMeters","cost","hydronomistsRight","paid","paymentDate","receivedBy","receiptNumber","balance","viberMsg","notes","fields","olivesNumber") VALUES (50,51,'Πατιτάκης Μανώλης','2024-05-12','Κεντρικό','',525561,525340,NULL,221,221,NULL,66.3,NULL,NULL,NULL,'',NULL,NULL,'','','Κουφωτός',200);
INSERT INTO "synet_waterconsumption" ("id","serialNumber","customer","date","collecter","counter","finalIndication","initialIndication","intermediateIndication","cubicMeters","billableCubicMeters","hydronomistsCubicMeters","cost","hydronomistsRight","paid","paymentDate","receivedBy","receiptNumber","balance","viberMsg","notes","fields","olivesNumber") VALUES (51,52,'Παπαδημητροπούλου Καίτη','2024-05-13','Γέφυρα','',1422,1373,NULL,49,49,NULL,14.7,NULL,NULL,NULL,'',NULL,NULL,'','','Χαμετιανά',NULL);
INSERT INTO "synet_waterconsumption" ("id","serialNumber","customer","date","collecter","counter","finalIndication","initialIndication","intermediateIndication","cubicMeters","billableCubicMeters","hydronomistsCubicMeters","cost","hydronomistsRight","paid","paymentDate","receivedBy","receiptNumber","balance","viberMsg","notes","fields","olivesNumber") VALUES (52,53,'Ρεστιβάκη Γεωργία Παπαδημητρόπουλος Χαρίδημος','2024-05-13','Κεντρικό','',525640,525561,NULL,79,79,NULL,23.7,NULL,NULL,NULL,'',NULL,NULL,'','','Συνοικισμός',NULL);
INSERT INTO "synet_waterconsumption" ("id","serialNumber","customer","date","collecter","counter","finalIndication","initialIndication","intermediateIndication","cubicMeters","billableCubicMeters","hydronomistsCubicMeters","cost","hydronomistsRight","paid","paymentDate","receivedBy","receiptNumber","balance","viberMsg","notes","fields","olivesNumber") VALUES (53,54,'Προεστάκη Γλυκερία','2024-05-13','Κεντρικό','',525727,525640,NULL,87,87,NULL,26.1,NULL,NULL,NULL,'',NULL,NULL,'','','Συνοικισμός',NULL);
INSERT INTO "synet_waterconsumption" ("id","serialNumber","customer","date","collecter","counter","finalIndication","initialIndication","intermediateIndication","cubicMeters","billableCubicMeters","hydronomistsCubicMeters","cost","hydronomistsRight","paid","paymentDate","receivedBy","receiptNumber","balance","viberMsg","notes","fields","olivesNumber") VALUES (54,56,'Μαρουλάκης Ιωάννης','2024-05-14','Κεντρικό','',526086,525981,NULL,105,105,NULL,31.5,NULL,NULL,NULL,'',NULL,NULL,'','','',390);
INSERT INTO "synet_waterconsumption" ("id","serialNumber","customer","date","collecter","counter","finalIndication","initialIndication","intermediateIndication","cubicMeters","billableCubicMeters","hydronomistsCubicMeters","cost","hydronomistsRight","paid","paymentDate","receivedBy","receiptNumber","balance","viberMsg","notes","fields","olivesNumber") VALUES (55,57,'Ζώτος Σπύρος','2024-05-14','Κεντρικό','',526111,526086,NULL,25,25,NULL,7.5,NULL,NULL,NULL,'',NULL,NULL,'','','Χατζ. Αργουλίδα',100);
INSERT INTO "synet_waterconsumption" ("id","serialNumber","customer","date","collecter","counter","finalIndication","initialIndication","intermediateIndication","cubicMeters","billableCubicMeters","hydronomistsCubicMeters","cost","hydronomistsRight","paid","paymentDate","receivedBy","receiptNumber","balance","viberMsg","notes","fields","olivesNumber") VALUES (56,58,'Κικάκης Μιχ. τ. Ιωάννου','2024-05-15','Κεντρικό','',526432,526111,NULL,321,321,NULL,96.3,NULL,NULL,NULL,'',NULL,NULL,'','','Κεφάλα',300);
INSERT INTO "synet_waterconsumption" ("id","serialNumber","customer","date","collecter","counter","finalIndication","initialIndication","intermediateIndication","cubicMeters","billableCubicMeters","hydronomistsCubicMeters","cost","hydronomistsRight","paid","paymentDate","receivedBy","receiptNumber","balance","viberMsg","notes","fields","olivesNumber") VALUES (57,59,'Ζώτος Σπύρος','2024-05-16','Κεντρικό','',526655,526432,NULL,223,223,NULL,66.9,NULL,NULL,NULL,'',NULL,NULL,'','','Αντωνία',NULL);
INSERT INTO "synet_waterconsumption" ("id","serialNumber","customer","date","collecter","counter","finalIndication","initialIndication","intermediateIndication","cubicMeters","billableCubicMeters","hydronomistsCubicMeters","cost","hydronomistsRight","paid","paymentDate","receivedBy","receiptNumber","balance","viberMsg","notes","fields","olivesNumber") VALUES (58,60,'Ρεστιβάκη Γεωργία Παπαδημητρόπουλος Χαρίδημος','2024-05-17','Κεντρικό','',526792,526655,NULL,137,137,NULL,41.1,NULL,NULL,NULL,'',NULL,NULL,'','','Συνοικισμός',NULL);
INSERT INTO "synet_waterconsumption" ("id","serialNumber","customer","date","collecter","counter","finalIndication","initialIndication","intermediateIndication","cubicMeters","billableCubicMeters","hydronomistsCubicMeters","cost","hydronomistsRight","paid","paymentDate","receivedBy","receiptNumber","balance","viberMsg","notes","fields","olivesNumber") VALUES (59,61,'Γρυνιεζάκης Δημήτρης','2024-05-18','Κεντρικό','',526867,526792,NULL,75,75,NULL,30,NULL,NULL,NULL,'',NULL,NULL,'','','Συνοικισμός',80);
INSERT INTO "synet_waterconsumption" ("id","serialNumber","customer","date","collecter","counter","finalIndication","initialIndication","intermediateIndication","cubicMeters","billableCubicMeters","hydronomistsCubicMeters","cost","hydronomistsRight","paid","paymentDate","receivedBy","receiptNumber","balance","viberMsg","notes","fields","olivesNumber") VALUES (60,62,'Βερβελάκη Άννα','2024-05-19','Κεντρικό','',527191,526867,NULL,324,324,NULL,97.2,NULL,NULL,NULL,'',NULL,NULL,'','','Αργουλίδα',NULL);
INSERT INTO "synet_waterconsumption" ("id","serialNumber","customer","date","collecter","counter","finalIndication","initialIndication","intermediateIndication","cubicMeters","billableCubicMeters","hydronomistsCubicMeters","cost","hydronomistsRight","paid","paymentDate","receivedBy","receiptNumber","balance","viberMsg","notes","fields","olivesNumber") VALUES (61,63,'Μαρουλάκης Στέλιος','2024-05-20','Κεντρικό','',527259,527191,NULL,68,68,NULL,20.4,NULL,NULL,NULL,'',NULL,NULL,'','','Πετσοκόλι',NULL);
INSERT INTO "synet_waterconsumption" ("id","serialNumber","customer","date","collecter","counter","finalIndication","initialIndication","intermediateIndication","cubicMeters","billableCubicMeters","hydronomistsCubicMeters","cost","hydronomistsRight","paid","paymentDate","receivedBy","receiptNumber","balance","viberMsg","notes","fields","olivesNumber") VALUES (62,64,'Βερβελάκη Άννα','2024-05-20','Κεντρικό','',527342,527259,NULL,83,83,NULL,24.9,NULL,NULL,NULL,'',NULL,NULL,'','','Κατσικαντάρι',NULL);
INSERT INTO "synet_waterconsumption" ("id","serialNumber","customer","date","collecter","counter","finalIndication","initialIndication","intermediateIndication","cubicMeters","billableCubicMeters","hydronomistsCubicMeters","cost","hydronomistsRight","paid","paymentDate","receivedBy","receiptNumber","balance","viberMsg","notes","fields","olivesNumber") VALUES (63,65,'Russi Adem( Ανδρέας)','2024-05-21','Κεντρικό','',527572,527342,NULL,230,230,NULL,69,NULL,NULL,NULL,'',NULL,NULL,'','','',NULL);
INSERT INTO "synet_waterconsumption" ("id","serialNumber","customer","date","collecter","counter","finalIndication","initialIndication","intermediateIndication","cubicMeters","billableCubicMeters","hydronomistsCubicMeters","cost","hydronomistsRight","paid","paymentDate","receivedBy","receiptNumber","balance","viberMsg","notes","fields","olivesNumber") VALUES (64,66,'Russi Adem( Ανδρέας)','2024-05-21','Γέφυρα','',1505,1422,NULL,83,83,NULL,24.9,NULL,NULL,NULL,'',NULL,NULL,'','','Τσιγαράς',NULL);
INSERT INTO "synet_waterconsumption" ("id","serialNumber","customer","date","collecter","counter","finalIndication","initialIndication","intermediateIndication","cubicMeters","billableCubicMeters","hydronomistsCubicMeters","cost","hydronomistsRight","paid","paymentDate","receivedBy","receiptNumber","balance","viberMsg","notes","fields","olivesNumber") VALUES (65,67,'Μαργαριτάκης Μανώλης','2024-05-22','Κεντρικό','',527913,527572,NULL,341,341,NULL,102.3,NULL,NULL,NULL,'',NULL,NULL,'','','',NULL);
INSERT INTO "synet_waterconsumption" ("id","serialNumber","customer","date","collecter","counter","finalIndication","initialIndication","intermediateIndication","cubicMeters","billableCubicMeters","hydronomistsCubicMeters","cost","hydronomistsRight","paid","paymentDate","receivedBy","receiptNumber","balance","viberMsg","notes","fields","olivesNumber") VALUES (66,68,'ΑΠΩΛΕΙΑ','2024-05-23','Κεντρικό','',528008,527913,NULL,95,95,NULL,28.5,NULL,NULL,NULL,'',NULL,NULL,'','','',NULL);
INSERT INTO "synet_waterconsumption" ("id","serialNumber","customer","date","collecter","counter","finalIndication","initialIndication","intermediateIndication","cubicMeters","billableCubicMeters","hydronomistsCubicMeters","cost","hydronomistsRight","paid","paymentDate","receivedBy","receiptNumber","balance","viberMsg","notes","fields","olivesNumber") VALUES (67,69,'Μαρουλάκης Στέλιος','2024-05-23','Κεντρικό','',528110,528008,NULL,102,102,NULL,30.6,NULL,NULL,NULL,'',NULL,NULL,'','','Περδικόσελο',NULL);
INSERT INTO "synet_waterconsumption" ("id","serialNumber","customer","date","collecter","counter","finalIndication","initialIndication","intermediateIndication","cubicMeters","billableCubicMeters","hydronomistsCubicMeters","cost","hydronomistsRight","paid","paymentDate","receivedBy","receiptNumber","balance","viberMsg","notes","fields","olivesNumber") VALUES (68,70,'Μαρουλάκης Στέλιος','2024-05-24','Κεντρικό','',528210,528110,NULL,100,100,NULL,30,NULL,NULL,NULL,'',NULL,NULL,'','','Περδικόσελο-Γεώτρηση',NULL);
INSERT INTO "synet_waterconsumption" ("id","serialNumber","customer","date","collecter","counter","finalIndication","initialIndication","intermediateIndication","cubicMeters","billableCubicMeters","hydronomistsCubicMeters","cost","hydronomistsRight","paid","paymentDate","receivedBy","receiptNumber","balance","viberMsg","notes","fields","olivesNumber") VALUES (69,71,'Βερβελάκη Άννα','2024-05-24','Κεντρικό','',528269,528210,NULL,59,59,NULL,17.7,NULL,NULL,NULL,'',NULL,NULL,'','','Αμυγδαλές',NULL);
INSERT INTO "synet_waterconsumption" ("id","serialNumber","customer","date","collecter","counter","finalIndication","initialIndication","intermediateIndication","cubicMeters","billableCubicMeters","hydronomistsCubicMeters","cost","hydronomistsRight","paid","paymentDate","receivedBy","receiptNumber","balance","viberMsg","notes","fields","olivesNumber") VALUES (70,72,'ΑΠΩΛΕΙΑ','2024-05-25','Κεντρικό','',528277,528269,NULL,8,8,NULL,2.4,NULL,NULL,NULL,'',NULL,NULL,'','','',NULL);
INSERT INTO "synet_waterconsumption" ("id","serialNumber","customer","date","collecter","counter","finalIndication","initialIndication","intermediateIndication","cubicMeters","billableCubicMeters","hydronomistsCubicMeters","cost","hydronomistsRight","paid","paymentDate","receivedBy","receiptNumber","balance","viberMsg","notes","fields","olivesNumber") VALUES (71,73,'Χατζοβασιλάκη Μαρία','2024-05-25','Κεντρικό','',528760,528277,NULL,483,483,NULL,144.9,NULL,NULL,NULL,'',NULL,NULL,'','','',NULL);
INSERT INTO "synet_waterconsumption" ("id","serialNumber","customer","date","collecter","counter","finalIndication","initialIndication","intermediateIndication","cubicMeters","billableCubicMeters","hydronomistsCubicMeters","cost","hydronomistsRight","paid","paymentDate","receivedBy","receiptNumber","balance","viberMsg","notes","fields","olivesNumber") VALUES (72,74,'Βερβελάκη Άννα','2024-05-26','Λούτρα','',16245,16158,NULL,87,87,NULL,26.1,NULL,NULL,NULL,'',NULL,NULL,'','','Λούτρα',NULL);
INSERT INTO "synet_waterconsumption" ("id","serialNumber","customer","date","collecter","counter","finalIndication","initialIndication","intermediateIndication","cubicMeters","billableCubicMeters","hydronomistsCubicMeters","cost","hydronomistsRight","paid","paymentDate","receivedBy","receiptNumber","balance","viberMsg","notes","fields","olivesNumber") VALUES (73,75,'Ποντικάκης Μανώλης','2024-05-27','Κεντρικό','',528951,528760,NULL,191,191,NULL,57.3,NULL,NULL,NULL,'',NULL,NULL,'','','Χαμετιανά',NULL);
INSERT INTO "synet_waterconsumption" ("id","serialNumber","customer","date","collecter","counter","finalIndication","initialIndication","intermediateIndication","cubicMeters","billableCubicMeters","hydronomistsCubicMeters","cost","hydronomistsRight","paid","paymentDate","receivedBy","receiptNumber","balance","viberMsg","notes","fields","olivesNumber") VALUES (74,76,'Russi Bilal ( Χρήστος)','2024-05-28','Κεντρικό','',529212,528951,NULL,261,261,NULL,78.3,NULL,NULL,NULL,'',NULL,NULL,'','','',NULL);
INSERT INTO "synet_waterconsumption" ("id","serialNumber","customer","date","collecter","counter","finalIndication","initialIndication","intermediateIndication","cubicMeters","billableCubicMeters","hydronomistsCubicMeters","cost","hydronomistsRight","paid","paymentDate","receivedBy","receiptNumber","balance","viberMsg","notes","fields","olivesNumber") VALUES (75,77,'Russi Bilal ( Χρήστος)','2024-05-28','Γέφυρα','',1557,1505,NULL,52,52,NULL,15.6,NULL,NULL,NULL,'',NULL,NULL,'','','',NULL);
INSERT INTO "synet_waterconsumption" ("id","serialNumber","customer","date","collecter","counter","finalIndication","initialIndication","intermediateIndication","cubicMeters","billableCubicMeters","hydronomistsCubicMeters","cost","hydronomistsRight","paid","paymentDate","receivedBy","receiptNumber","balance","viberMsg","notes","fields","olivesNumber") VALUES (76,78,'Βερβελάκης Γεώργιος','2024-05-29','Κεντρικό','',529847,529212,NULL,635,635,NULL,190.5,NULL,NULL,NULL,'',NULL,NULL,'','','',NULL);
INSERT INTO "synet_waterconsumption" ("id","serialNumber","customer","date","collecter","counter","finalIndication","initialIndication","intermediateIndication","cubicMeters","billableCubicMeters","hydronomistsCubicMeters","cost","hydronomistsRight","paid","paymentDate","receivedBy","receiptNumber","balance","viberMsg","notes","fields","olivesNumber") VALUES (77,79,'Μηλιαράκης Αριστομένης','2024-05-30','Αόρι','',10322,10172,NULL,150,150,NULL,60,NULL,NULL,NULL,'',NULL,NULL,'','','',NULL);
INSERT INTO "synet_waterconsumption" ("id","serialNumber","customer","date","collecter","counter","finalIndication","initialIndication","intermediateIndication","cubicMeters","billableCubicMeters","hydronomistsCubicMeters","cost","hydronomistsRight","paid","paymentDate","receivedBy","receiptNumber","balance","viberMsg","notes","fields","olivesNumber") VALUES (78,80,'Βαρδάκης Μανώλης Ματθαίου','2024-06-01','Κεντρικό','',530189,529847,529847,342,342,342,102.6,17.1,NULL,NULL,'',NULL,NULL,'','','',NULL);
INSERT INTO "synet_waterconsumption" ("id","serialNumber","customer","date","collecter","counter","finalIndication","initialIndication","intermediateIndication","cubicMeters","billableCubicMeters","hydronomistsCubicMeters","cost","hydronomistsRight","paid","paymentDate","receivedBy","receiptNumber","balance","viberMsg","notes","fields","olivesNumber") VALUES (79,81,'Κικάκης Μιχ. τ. Εμμ.','2024-06-02','Κεντρικό','',530320,530189,530189,131,131,131,39.3,6.55,NULL,NULL,'',NULL,NULL,'','','',NULL);
INSERT INTO "synet_waterconsumption" ("id","serialNumber","customer","date","collecter","counter","finalIndication","initialIndication","intermediateIndication","cubicMeters","billableCubicMeters","hydronomistsCubicMeters","cost","hydronomistsRight","paid","paymentDate","receivedBy","receiptNumber","balance","viberMsg","notes","fields","olivesNumber") VALUES (80,82,'Ρεστιβάκη Γεωργία Παπαδημητρόπουλος Χαρίδημος','2024-06-03','Κεντρικό','',530567,530320,530320,247,247,247,74.1,12.35,NULL,NULL,'',NULL,NULL,'','','',NULL);
INSERT INTO "synet_waterconsumption" ("id","serialNumber","customer","date","collecter","counter","finalIndication","initialIndication","intermediateIndication","cubicMeters","billableCubicMeters","hydronomistsCubicMeters","cost","hydronomistsRight","paid","paymentDate","receivedBy","receiptNumber","balance","viberMsg","notes","fields","olivesNumber") VALUES (81,83,'Χατζοβασιλάκη Δανάη','2024-06-04','Κεντρικό','',530708,530567,530567,141,141,141,42.3,7.05,NULL,NULL,'',NULL,NULL,'','','',NULL);
INSERT INTO "synet_waterconsumption" ("id","serialNumber","customer","date","collecter","counter","finalIndication","initialIndication","intermediateIndication","cubicMeters","billableCubicMeters","hydronomistsCubicMeters","cost","hydronomistsRight","paid","paymentDate","receivedBy","receiptNumber","balance","viberMsg","notes","fields","olivesNumber") VALUES (82,84,'Πατιτάκη Γιάννα','2024-06-05','Κεντρικό','',531013,530708,530708,305,305,305,91.5,15.25,NULL,NULL,'',NULL,NULL,'','','',NULL);
INSERT INTO "synet_waterconsumption" ("id","serialNumber","customer","date","collecter","counter","finalIndication","initialIndication","intermediateIndication","cubicMeters","billableCubicMeters","hydronomistsCubicMeters","cost","hydronomistsRight","paid","paymentDate","receivedBy","receiptNumber","balance","viberMsg","notes","fields","olivesNumber") VALUES (83,85,'Τουλουπάκη Άννα','2024-06-06','Κεντρικό','',531350,531013,531013,337,337,337,101.1,16.85,NULL,NULL,'',NULL,NULL,'','','',NULL);
INSERT INTO "synet_waterconsumption" ("id","serialNumber","customer","date","collecter","counter","finalIndication","initialIndication","intermediateIndication","cubicMeters","billableCubicMeters","hydronomistsCubicMeters","cost","hydronomistsRight","paid","paymentDate","receivedBy","receiptNumber","balance","viberMsg","notes","fields","olivesNumber") VALUES (84,86,'Παπαδημητρόπουλος Γεώργιος Άγγελου','2024-06-07','Κεντρικό','',531410,531350,531350,60,60,60,18,3,NULL,NULL,'',NULL,NULL,'','','',NULL);
INSERT INTO "synet_waterconsumption" ("id","serialNumber","customer","date","collecter","counter","finalIndication","initialIndication","intermediateIndication","cubicMeters","billableCubicMeters","hydronomistsCubicMeters","cost","hydronomistsRight","paid","paymentDate","receivedBy","receiptNumber","balance","viberMsg","notes","fields","olivesNumber") VALUES (85,87,'Ζώτος Σπύρος','2024-06-07','Κεντρικό','',531659,531410,531410,249,249,249,74.7,12.45,NULL,NULL,'',NULL,NULL,'','','',NULL);
INSERT INTO "synet_waterconsumption" ("id","serialNumber","customer","date","collecter","counter","finalIndication","initialIndication","intermediateIndication","cubicMeters","billableCubicMeters","hydronomistsCubicMeters","cost","hydronomistsRight","paid","paymentDate","receivedBy","receiptNumber","balance","viberMsg","notes","fields","olivesNumber") VALUES (86,88,'Ποντικάκης Μανώλης','2024-06-08','Κεντρικό','',531901,531659,531659,242,242,242,72.6,12.1,NULL,NULL,'',NULL,NULL,'','','',NULL);
INSERT INTO "synet_waterconsumption" ("id","serialNumber","customer","date","collecter","counter","finalIndication","initialIndication","intermediateIndication","cubicMeters","billableCubicMeters","hydronomistsCubicMeters","cost","hydronomistsRight","paid","paymentDate","receivedBy","receiptNumber","balance","viberMsg","notes","fields","olivesNumber") VALUES (87,89,'Παπαδημητροπούλου Μαρία Θαλασσινός Γιώργος','2024-06-09','Κεντρικό','',532060,531901,531901,159,159,159,47.7,7.95,NULL,NULL,'',NULL,NULL,'','','',NULL);
INSERT INTO "synet_waterconsumption" ("id","serialNumber","customer","date","collecter","counter","finalIndication","initialIndication","intermediateIndication","cubicMeters","billableCubicMeters","hydronomistsCubicMeters","cost","hydronomistsRight","paid","paymentDate","receivedBy","receiptNumber","balance","viberMsg","notes","fields","olivesNumber") VALUES (88,90,'Russi Adem( Ανδρέας)','2024-06-09','Κεντρικό','',532194,532060,532060,134,134,134,40.2,6.7,NULL,NULL,'',NULL,NULL,'','','',NULL);
INSERT INTO "synet_waterconsumption" ("id","serialNumber","customer","date","collecter","counter","finalIndication","initialIndication","intermediateIndication","cubicMeters","billableCubicMeters","hydronomistsCubicMeters","cost","hydronomistsRight","paid","paymentDate","receivedBy","receiptNumber","balance","viberMsg","notes","fields","olivesNumber") VALUES (89,91,'Χατζοβασιλάκη Κατερίνα','2024-06-10','Κεντρικό','',532401,532194,532194,207,207,207,62.1,10.35,NULL,NULL,'',NULL,NULL,'','','',NULL);
INSERT INTO "synet_waterconsumption" ("id","serialNumber","customer","date","collecter","counter","finalIndication","initialIndication","intermediateIndication","cubicMeters","billableCubicMeters","hydronomistsCubicMeters","cost","hydronomistsRight","paid","paymentDate","receivedBy","receiptNumber","balance","viberMsg","notes","fields","olivesNumber") VALUES (90,92,'Plakut Nikos','2024-06-11','Κεντρικό','',532613,532401,532401,212,212,212,84.8,10.6,NULL,NULL,'',NULL,NULL,'','','',NULL);
INSERT INTO "synet_waterconsumption" ("id","serialNumber","customer","date","collecter","counter","finalIndication","initialIndication","intermediateIndication","cubicMeters","billableCubicMeters","hydronomistsCubicMeters","cost","hydronomistsRight","paid","paymentDate","receivedBy","receiptNumber","balance","viberMsg","notes","fields","olivesNumber") VALUES (91,93,'Βασιλάκης Ιω. τ. Νικολάου','2024-06-12','Γέφυρα','',1727,1557,1557,170,170,170,51,8.5,NULL,NULL,'',NULL,NULL,'','','',NULL);
INSERT INTO "synet_waterconsumption" ("id","serialNumber","customer","date","collecter","counter","finalIndication","initialIndication","intermediateIndication","cubicMeters","billableCubicMeters","hydronomistsCubicMeters","cost","hydronomistsRight","paid","paymentDate","receivedBy","receiptNumber","balance","viberMsg","notes","fields","olivesNumber") VALUES (92,94,'Προεστάκη Γλυκερία','2024-06-13','Γέφυρα','',1970,1727,1727,243,243,243,72.9,12.15,NULL,NULL,'',NULL,NULL,'','','',NULL);
INSERT INTO "synet_waterconsumption" ("id","serialNumber","customer","date","collecter","counter","finalIndication","initialIndication","intermediateIndication","cubicMeters","billableCubicMeters","hydronomistsCubicMeters","cost","hydronomistsRight","paid","paymentDate","receivedBy","receiptNumber","balance","viberMsg","notes","fields","olivesNumber") VALUES (93,95,'Κικάκης Μιχ. τ. Ιωάννου','2024-06-13','Κεντρικό','',532939,532613,532613,326,326,326,97.8,16.3,NULL,NULL,'',NULL,NULL,'','','',NULL);
INSERT INTO "synet_waterconsumption" ("id","serialNumber","customer","date","collecter","counter","finalIndication","initialIndication","intermediateIndication","cubicMeters","billableCubicMeters","hydronomistsCubicMeters","cost","hydronomistsRight","paid","paymentDate","receivedBy","receiptNumber","balance","viberMsg","notes","fields","olivesNumber") VALUES (94,96,'Ρεστιβάκη Γεωργία Παπαδημητρόπουλος Χαρίδημος','2024-06-14','Κεντρικό','',532999,532939,532939,60,60,60,18,3,NULL,NULL,'',NULL,NULL,'14/06/24 Ρεστιβάκη Γεωργία Παπαδημητρόπουλος Χαρίδημος 60 κυβικά 18€','','',NULL);
INSERT INTO "synet_waterconsumption" ("id","serialNumber","customer","date","collecter","counter","finalIndication","initialIndication","intermediateIndication","cubicMeters","billableCubicMeters","hydronomistsCubicMeters","cost","hydronomistsRight","paid","paymentDate","receivedBy","receiptNumber","balance","viberMsg","notes","fields","olivesNumber") VALUES (95,97,'Ρεστιβάκη Γεωργία Παπαδημητρόπουλος Χαρίδημος','2024-06-14','Αόρι','',10435,10322,10322,113,113,113,45.2,5.65,NULL,NULL,'',NULL,NULL,'14/06/24 Ρεστιβάκη Γεωργία Παπαδημητρόπουλος Χαρίδημος 113 κυβικά 45,2€','','',NULL);
INSERT INTO "synet_waterconsumption" ("id","serialNumber","customer","date","collecter","counter","finalIndication","initialIndication","intermediateIndication","cubicMeters","billableCubicMeters","hydronomistsCubicMeters","cost","hydronomistsRight","paid","paymentDate","receivedBy","receiptNumber","balance","viberMsg","notes","fields","olivesNumber") VALUES (96,98,'Παπαδημητροπούλου Καίτη','2024-06-15','Κεντρικό','',533336,532999,532999,337,337,337,101.1,16.85,NULL,NULL,'',NULL,NULL,'15/06/24 Παπαδημητροπούλου Καίτη 337 κυβικά 101,1€','','',NULL);
INSERT INTO "synet_waterconsumption" ("id","serialNumber","customer","date","collecter","counter","finalIndication","initialIndication","intermediateIndication","cubicMeters","billableCubicMeters","hydronomistsCubicMeters","cost","hydronomistsRight","paid","paymentDate","receivedBy","receiptNumber","balance","viberMsg","notes","fields","olivesNumber") VALUES (97,99,'Γρυσμπολάκης Δημήτρης','2024-06-16','Κεντρικό','',533505,533336,533336,169,169,169,50.7,8.45,NULL,NULL,'',NULL,NULL,'16/06/24 Γρυσμπολάκης Δημήτρης 169 κυβικά 50,7€','','',NULL);
INSERT INTO "synet_waterconsumption" ("id","serialNumber","customer","date","collecter","counter","finalIndication","initialIndication","intermediateIndication","cubicMeters","billableCubicMeters","hydronomistsCubicMeters","cost","hydronomistsRight","paid","paymentDate","receivedBy","receiptNumber","balance","viberMsg","notes","fields","olivesNumber") VALUES (98,100,'Προεστάκη Γλυκερία','2024-06-16','Κεντρικό','',533565,533505,533505,60,60,60,18,3,NULL,NULL,'',NULL,NULL,'16/06/24 Προεστάκη Γλυκερία 60 κυβικά 18€','','',NULL);
INSERT INTO "synet_waterconsumption" ("id","serialNumber","customer","date","collecter","counter","finalIndication","initialIndication","intermediateIndication","cubicMeters","billableCubicMeters","hydronomistsCubicMeters","cost","hydronomistsRight","paid","paymentDate","receivedBy","receiptNumber","balance","viberMsg","notes","fields","olivesNumber") VALUES (99,101,'Μαρουλάκης Ιωάννης','2024-06-17','Κεντρικό','',533726,533565,533565,161,161,161,48.3,8.05,NULL,NULL,'',NULL,NULL,'17/06/24 Μαρουλάκης Ιωάννης 161 κυβικά 48,3€','','',NULL);
INSERT INTO "synet_waterconsumption" ("id","serialNumber","customer","date","collecter","counter","finalIndication","initialIndication","intermediateIndication","cubicMeters","billableCubicMeters","hydronomistsCubicMeters","cost","hydronomistsRight","paid","paymentDate","receivedBy","receiptNumber","balance","viberMsg","notes","fields","olivesNumber") VALUES (100,102,'Μαργαριτάκης Μανώλης','2024-06-18','Κεντρικό','',534164,533726,533726,438,438,438,131.4,21.9,NULL,NULL,'',NULL,NULL,'18/06/24 Μαργαριτάκης Μανώλης 438 κυβικά 131,4€','','',NULL);
INSERT INTO "synet_waterconsumption" ("id","serialNumber","customer","date","collecter","counter","finalIndication","initialIndication","intermediateIndication","cubicMeters","billableCubicMeters","hydronomistsCubicMeters","cost","hydronomistsRight","paid","paymentDate","receivedBy","receiptNumber","balance","viberMsg","notes","fields","olivesNumber") VALUES (101,103,'Ρεστιβάκη Γεωργία Παπαδημητρόπουλος Χαρίδημος','2024-06-19','Κεντρικό','',534291,534164,534164,127,127,127,38.1,6.35,NULL,NULL,'',NULL,NULL,'19/06/24 Ρεστιβάκη Γεωργία Παπαδημητρόπουλος Χαρίδημος 127 κυβικά 38,1€','','',NULL);
INSERT INTO "synet_waterconsumption" ("id","serialNumber","customer","date","collecter","counter","finalIndication","initialIndication","intermediateIndication","cubicMeters","billableCubicMeters","hydronomistsCubicMeters","cost","hydronomistsRight","paid","paymentDate","receivedBy","receiptNumber","balance","viberMsg","notes","fields","olivesNumber") VALUES (102,104,'Βερβελάκης Μανώλης','2024-06-20','Κεντρικό','',534625,534291,534291,334,334,334,100.2,16.7,NULL,NULL,'',NULL,NULL,'20/06/24 Βερβελάκης Μανώλης 334 κυβικά 100,2€','','',NULL);
INSERT INTO "synet_waterconsumption" ("id","serialNumber","customer","date","collecter","counter","finalIndication","initialIndication","intermediateIndication","cubicMeters","billableCubicMeters","hydronomistsCubicMeters","cost","hydronomistsRight","paid","paymentDate","receivedBy","receiptNumber","balance","viberMsg","notes","fields","olivesNumber") VALUES (103,105,'Βερβελάκης Μανώλης','2024-06-21','Κεντρικό','',534697,534625,534625,72,72,72,21.6,3.6,NULL,NULL,'',NULL,NULL,'21/06/24 Βερβελάκης Μανώλης 72 κυβικά 21,6€','','',NULL);
INSERT INTO "synet_waterconsumption" ("id","serialNumber","customer","date","collecter","counter","finalIndication","initialIndication","intermediateIndication","cubicMeters","billableCubicMeters","hydronomistsCubicMeters","cost","hydronomistsRight","paid","paymentDate","receivedBy","receiptNumber","balance","viberMsg","notes","fields","olivesNumber") VALUES (104,106,'Μαρουλάκης Στέλιος','2024-06-21','Κεντρικό','',534771,534697,534697,74,74,74,22.2,3.7,NULL,NULL,'',NULL,NULL,'21/06/24 Μαρουλάκης Στέλιος 74 κυβικά 22,2€','','',NULL);
INSERT INTO "synet_waterconsumption" ("id","serialNumber","customer","date","collecter","counter","finalIndication","initialIndication","intermediateIndication","cubicMeters","billableCubicMeters","hydronomistsCubicMeters","cost","hydronomistsRight","paid","paymentDate","receivedBy","receiptNumber","balance","viberMsg","notes","fields","olivesNumber") VALUES (105,107,'Russi Bilal ( Χρήστος)','2024-06-22','Κεντρικό','',535022,534771,534771,251,251,251,75.3,12.55,NULL,NULL,'',NULL,NULL,'22/06/24 Russi Bilal ( Χρήστος) 251 κυβικά 75,3€','','',NULL);
INSERT INTO "synet_waterconsumption" ("id","serialNumber","customer","date","collecter","counter","finalIndication","initialIndication","intermediateIndication","cubicMeters","billableCubicMeters","hydronomistsCubicMeters","cost","hydronomistsRight","paid","paymentDate","receivedBy","receiptNumber","balance","viberMsg","notes","fields","olivesNumber") VALUES (106,108,'Russi Bilal ( Χρήστος)','2024-06-22','Γέφυρα','',2037,1970,1970,67,67,67,20.1,3.35,NULL,NULL,'',NULL,NULL,'22/06/24 Russi Bilal ( Χρήστος) 67 κυβικά 20,1€','','',NULL);
INSERT INTO "synet_waterconsumption" ("id","serialNumber","customer","date","collecter","counter","finalIndication","initialIndication","intermediateIndication","cubicMeters","billableCubicMeters","hydronomistsCubicMeters","cost","hydronomistsRight","paid","paymentDate","receivedBy","receiptNumber","balance","viberMsg","notes","fields","olivesNumber") VALUES (107,109,'Ρεστιβάκη Γεωργία Παπαδημητρόπουλος Χαρίδημος','2024-06-19','Αόρι','',10564,10435,10435,129,129,129,51.6,6.45,NULL,NULL,'',NULL,NULL,'19/06/24 Ρεστιβάκη Γεωργία Παπαδημητρόπουλος Χαρίδημος 129 κυβικά 51,6€','','',NULL);
INSERT INTO "synet_waterconsumption" ("id","serialNumber","customer","date","collecter","counter","finalIndication","initialIndication","intermediateIndication","cubicMeters","billableCubicMeters","hydronomistsCubicMeters","cost","hydronomistsRight","paid","paymentDate","receivedBy","receiptNumber","balance","viberMsg","notes","fields","olivesNumber") VALUES (108,110,'Russi Adem( Ανδρέας)','2024-06-23','Κεντρικό','',535225,535022,535022,203,203,203,60.9,10.15,NULL,NULL,'',NULL,NULL,'23/06/24 Russi Adem( Ανδρέας) 203 κυβικά 60,9€','','',NULL);
INSERT INTO "synet_waterconsumption" ("id","serialNumber","customer","date","collecter","counter","finalIndication","initialIndication","intermediateIndication","cubicMeters","billableCubicMeters","hydronomistsCubicMeters","cost","hydronomistsRight","paid","paymentDate","receivedBy","receiptNumber","balance","viberMsg","notes","fields","olivesNumber") VALUES (109,111,'Russi Adem( Ανδρέας)','2024-06-23','Γέφυρα','',2134,2037,2037,97,97,97,29.1,4.85,NULL,NULL,'',NULL,NULL,'23/06/24 Russi Adem( Ανδρέας) 97 κυβικά 29,1€','','',NULL);
INSERT INTO "synet_waterconsumption" ("id","serialNumber","customer","date","collecter","counter","finalIndication","initialIndication","intermediateIndication","cubicMeters","billableCubicMeters","hydronomistsCubicMeters","cost","hydronomistsRight","paid","paymentDate","receivedBy","receiptNumber","balance","viberMsg","notes","fields","olivesNumber") VALUES (110,112,'Ποντικάκης Μανώλης','2024-06-24','Κεντρικό','',535297,535225,535225,72,72,72,21.6,3.6,NULL,NULL,'',NULL,NULL,'24/06/24 Ποντικάκης Μανώλης 72 κυβικά 21,6€','','',NULL);
INSERT INTO "synet_waterconsumption" ("id","serialNumber","customer","date","collecter","counter","finalIndication","initialIndication","intermediateIndication","cubicMeters","billableCubicMeters","hydronomistsCubicMeters","cost","hydronomistsRight","paid","paymentDate","receivedBy","receiptNumber","balance","viberMsg","notes","fields","olivesNumber") VALUES (111,113,'Πατιτάκης Μανώλης','2024-06-25','Κεντρικό','',535674,535297,535297,377,377,377,113.1,18.85,NULL,NULL,'',NULL,NULL,'25/06/24 Πατιτάκης Μανώλης 377 κυβικά 113,1€','','',NULL);
INSERT INTO "synet_waterconsumption" ("id","serialNumber","customer","date","collecter","counter","finalIndication","initialIndication","intermediateIndication","cubicMeters","billableCubicMeters","hydronomistsCubicMeters","cost","hydronomistsRight","paid","paymentDate","receivedBy","receiptNumber","balance","viberMsg","notes","fields","olivesNumber") VALUES (112,114,'Βερβελάκης Γεώργιος','2024-06-27','Κεντρικό','',536357,535674,535674,683,683,683,204.9,34.15,NULL,NULL,'',NULL,NULL,'27/06/24 Βερβελάκης Γεώργιος 683 κυβικά 204,9€','','',NULL);
INSERT INTO "synet_waterconsumption" ("id","serialNumber","customer","date","collecter","counter","finalIndication","initialIndication","intermediateIndication","cubicMeters","billableCubicMeters","hydronomistsCubicMeters","cost","hydronomistsRight","paid","paymentDate","receivedBy","receiptNumber","balance","viberMsg","notes","fields","olivesNumber") VALUES (113,115,'Μπρότσικας Κώστας','2024-06-04','Λούτρα','',16281,16245,16245,36,36,36,10.8,1.8,NULL,NULL,'',NULL,NULL,'04/06/24 Μπρότσικας Κώστας 36 κυβικά 10,8€','','',NULL);
INSERT INTO "synet_waterconsumption" ("id","serialNumber","customer","date","collecter","counter","finalIndication","initialIndication","intermediateIndication","cubicMeters","billableCubicMeters","hydronomistsCubicMeters","cost","hydronomistsRight","paid","paymentDate","receivedBy","receiptNumber","balance","viberMsg","notes","fields","olivesNumber") VALUES (114,116,'Βερβελάκης Μανώλης','2024-06-24','Λούτρα','',16354,16281,16281,73,73,73,21.9,3.65,NULL,NULL,'',NULL,NULL,'24/06/24 Βερβελάκης Μανώλης 73 κυβικά 21,9€','','',NULL);
INSERT INTO "synet_waterconsumption" ("id","serialNumber","customer","date","collecter","counter","finalIndication","initialIndication","intermediateIndication","cubicMeters","billableCubicMeters","hydronomistsCubicMeters","cost","hydronomistsRight","paid","paymentDate","receivedBy","receiptNumber","balance","viberMsg","notes","fields","olivesNumber") VALUES (115,117,'Μαρουλάκης Στέλιος','2024-06-28','Κεντρικό','',536491,536357,536357,134,134,134,40.2,6.7,NULL,NULL,'',NULL,NULL,'28/06/24 Μαρουλάκης Στέλιος 134 κυβικά 40,2€','','',NULL);
INSERT INTO "synet_waterconsumption" ("id","serialNumber","customer","date","collecter","counter","finalIndication","initialIndication","intermediateIndication","cubicMeters","billableCubicMeters","hydronomistsCubicMeters","cost","hydronomistsRight","paid","paymentDate","receivedBy","receiptNumber","balance","viberMsg","notes","fields","olivesNumber") VALUES (116,118,'Χατζοβασιλάκη Μαρία','2024-06-28','Κεντρικό','',536546,536491,536491,55,55,55,16.5,2.75,NULL,NULL,'',NULL,NULL,'28/06/24 Χατζοβασιλάκη Μαρία 55 κυβικά 16,5€','','',NULL);
INSERT INTO "synet_waterconsumption" ("id","serialNumber","customer","date","collecter","counter","finalIndication","initialIndication","intermediateIndication","cubicMeters","billableCubicMeters","hydronomistsCubicMeters","cost","hydronomistsRight","paid","paymentDate","receivedBy","receiptNumber","balance","viberMsg","notes","fields","olivesNumber") VALUES (117,119,'Μαρουλάκης Στέλιος','2024-06-29','Κεντρικό','',536665,536546,536546,119,119,119,35.7,5.95,NULL,NULL,'',NULL,NULL,'29/06/24 Μαρουλάκης Στέλιος 119 κυβικά 35,7€','','',NULL);
INSERT INTO "synet_waterconsumption" ("id","serialNumber","customer","date","collecter","counter","finalIndication","initialIndication","intermediateIndication","cubicMeters","billableCubicMeters","hydronomistsCubicMeters","cost","hydronomistsRight","paid","paymentDate","receivedBy","receiptNumber","balance","viberMsg","notes","fields","olivesNumber") VALUES (118,120,'Κικάκης Μιχ. τ. Ιωάννου','2024-06-29','Κεντρικό','',536725,536665,536665,60,60,60,18,3,NULL,NULL,'',NULL,NULL,'29/06/24 Κικάκης Μιχ. τ. Ιωάννου 60 κυβικά 18€','','',NULL);
INSERT INTO "synet_waterconsumption" ("id","serialNumber","customer","date","collecter","counter","finalIndication","initialIndication","intermediateIndication","cubicMeters","billableCubicMeters","hydronomistsCubicMeters","cost","hydronomistsRight","paid","paymentDate","receivedBy","receiptNumber","balance","viberMsg","notes","fields","olivesNumber") VALUES (119,121,'Κικάκης Μιχ. τ. Εμμ.','2024-06-30','Κεντρικό','',536863,536725,536725,138,138,138,41.4,6.9,NULL,NULL,'',NULL,NULL,'30/06/24 Κικάκης Μιχ. τ. Εμμ. 138 κυβικά 41,4€','','',NULL);
INSERT INTO "synet_waterconsumption" ("id","serialNumber","customer","date","collecter","counter","finalIndication","initialIndication","intermediateIndication","cubicMeters","billableCubicMeters","hydronomistsCubicMeters","cost","hydronomistsRight","paid","paymentDate","receivedBy","receiptNumber","balance","viberMsg","notes","fields","olivesNumber") VALUES (120,122,'Ποντικάκης Μανώλης','2024-07-01','Κεντρικό','',537213,536863,536863,350,350,350,105,17.5,NULL,NULL,'',NULL,NULL,'01/07/24 Ποντικάκης Μανώλης 350 κυβικά 105€','','',NULL);
INSERT INTO "synet_waterconsumption" ("id","serialNumber","customer","date","collecter","counter","finalIndication","initialIndication","intermediateIndication","cubicMeters","billableCubicMeters","hydronomistsCubicMeters","cost","hydronomistsRight","paid","paymentDate","receivedBy","receiptNumber","balance","viberMsg","notes","fields","olivesNumber") VALUES (121,123,'Χατζοβασιλάκη Κατερίνα','2024-07-02','Κεντρικό','',537475,537213,537213,262,262,262,78.6,13.1,NULL,NULL,'',NULL,NULL,'02/07/24 Χατζοβασιλάκη Κατερίνα 262 κυβικά 78,6€','','',NULL);
INSERT INTO "synet_waterconsumption" ("id","serialNumber","customer","date","collecter","counter","finalIndication","initialIndication","intermediateIndication","cubicMeters","billableCubicMeters","hydronomistsCubicMeters","cost","hydronomistsRight","paid","paymentDate","receivedBy","receiptNumber","balance","viberMsg","notes","fields","olivesNumber") VALUES (122,124,'Χατζοβασιλάκη Μαρία','2024-07-03','Κεντρικό','',537851,537475,537475,376,376,376,112.8,18.8,NULL,NULL,'',NULL,NULL,'03/07/24 Χατζοβασιλάκη Μαρία 376 κυβικά 112,8€','','',NULL);
INSERT INTO "synet_waterconsumption" ("id","serialNumber","customer","date","collecter","counter","finalIndication","initialIndication","intermediateIndication","cubicMeters","billableCubicMeters","hydronomistsCubicMeters","cost","hydronomistsRight","paid","paymentDate","receivedBy","receiptNumber","balance","viberMsg","notes","fields","olivesNumber") VALUES (123,125,'Βαρδάκης Μανώλης Ματθαίου','2024-07-04','Κεντρικό','',538126,537851,537851,275,275,275,82.5,13.75,NULL,NULL,'',NULL,NULL,'04/07/24 Βαρδάκης Μανώλης Ματθαίου 275 κυβικά 82,5€','','',NULL);
INSERT INTO "synet_waterconsumption" ("id","serialNumber","customer","date","collecter","counter","finalIndication","initialIndication","intermediateIndication","cubicMeters","billableCubicMeters","hydronomistsCubicMeters","cost","hydronomistsRight","paid","paymentDate","receivedBy","receiptNumber","balance","viberMsg","notes","fields","olivesNumber") VALUES (124,126,'Παπαδημητροπούλου Μαρία Θαλασσινός Γιώργος','2024-07-05','Κεντρικό','',538273,538126,538126,147,147,147,44.1,7.35,NULL,NULL,'',NULL,NULL,'05/07/24 Παπαδημητροπούλου Μαρία Θαλασσινός Γιώργος 147 κυβικά 44,1€','','',NULL);
INSERT INTO "synet_waterconsumption" ("id","serialNumber","customer","date","collecter","counter","finalIndication","initialIndication","intermediateIndication","cubicMeters","billableCubicMeters","hydronomistsCubicMeters","cost","hydronomistsRight","paid","paymentDate","receivedBy","receiptNumber","balance","viberMsg","notes","fields","olivesNumber") VALUES (125,127,'Ρεστιβάκη Γεωργία Παπαδημητρόπουλος Χαρίδημος','2024-07-06','Κεντρικό','',538407,538273,538273,134,134,134,40.2,6.7,NULL,NULL,'',NULL,NULL,'06/07/24 Ρεστιβάκη Γεωργία Παπαδημητρόπουλος Χαρίδημος 134 κυβικά 40,2€','','',NULL);
INSERT INTO "synet_waterconsumption" ("id","serialNumber","customer","date","collecter","counter","finalIndication","initialIndication","intermediateIndication","cubicMeters","billableCubicMeters","hydronomistsCubicMeters","cost","hydronomistsRight","paid","paymentDate","receivedBy","receiptNumber","balance","viberMsg","notes","fields","olivesNumber") VALUES (126,128,'Ρεστιβάκη Γεωργία Παπαδημητρόπουλος Χαρίδημος','2024-07-06','Αόρι','',10688,10564,10564,124,124,124,49.6,6.2,NULL,NULL,'',NULL,NULL,'06/07/24 Ρεστιβάκη Γεωργία Παπαδημητρόπουλος Χαρίδημος 124 κυβικά 49,6€','','',NULL);
INSERT INTO "synet_waterconsumption" ("id","serialNumber","customer","date","collecter","counter","finalIndication","initialIndication","intermediateIndication","cubicMeters","billableCubicMeters","hydronomistsCubicMeters","cost","hydronomistsRight","paid","paymentDate","receivedBy","receiptNumber","balance","viberMsg","notes","fields","olivesNumber") VALUES (127,129,'Γρυνιεζάκης Δημήτρης','2024-07-07','Κεντρικό','',538499,538407,538407,92,92,92,36.8,4.6,NULL,NULL,'',NULL,NULL,'07/07/24 Γρυνιεζάκης Δημήτρης 92 κυβικά 36,8€','','',NULL);
INSERT INTO "synet_waterconsumption" ("id","serialNumber","customer","date","collecter","counter","finalIndication","initialIndication","intermediateIndication","cubicMeters","billableCubicMeters","hydronomistsCubicMeters","cost","hydronomistsRight","paid","paymentDate","receivedBy","receiptNumber","balance","viberMsg","notes","fields","olivesNumber") VALUES (128,130,'Παπαδημητρόπουλος Γεώργιος Άγγελου','2024-07-07','Κεντρικό','',538531,538499,538499,32,32,32,9.6,1.6,NULL,NULL,'',NULL,NULL,'07/07/24 Παπαδημητρόπουλος Γεώργιος Άγγελου 32 κυβικά 9,6€','','',NULL);
INSERT INTO "synet_waterconsumption" ("id","serialNumber","customer","date","collecter","counter","finalIndication","initialIndication","intermediateIndication","cubicMeters","billableCubicMeters","hydronomistsCubicMeters","cost","hydronomistsRight","paid","paymentDate","receivedBy","receiptNumber","balance","viberMsg","notes","fields","olivesNumber") VALUES (129,131,'Χατζοβασιλάκη Ηρώ','2024-07-08','Κεντρικό','',538612,538531,538531,81,81,81,24.3,4.05,NULL,NULL,'',NULL,NULL,'08/07/24 Χατζοβασιλάκη Ηρώ 81 κυβικά 24,3€','','',NULL);
INSERT INTO "synet_waterconsumption" ("id","serialNumber","customer","date","collecter","counter","finalIndication","initialIndication","intermediateIndication","cubicMeters","billableCubicMeters","hydronomistsCubicMeters","cost","hydronomistsRight","paid","paymentDate","receivedBy","receiptNumber","balance","viberMsg","notes","fields","olivesNumber") VALUES (130,132,'Κοκινάκης Θεοχάρης','2024-07-09','Κεντρικό','',538775,538612,538612,163,163,163,48.9,8.15,NULL,NULL,'',NULL,NULL,'09/07/24 Κοκινάκης Θεοχάρης 163 κυβικά 48,9€','','',NULL);
INSERT INTO "synet_waterconsumption" ("id","serialNumber","customer","date","collecter","counter","finalIndication","initialIndication","intermediateIndication","cubicMeters","billableCubicMeters","hydronomistsCubicMeters","cost","hydronomistsRight","paid","paymentDate","receivedBy","receiptNumber","balance","viberMsg","notes","fields","olivesNumber") VALUES (131,133,'Κοκινάκης Θεοχάρης','2024-07-09','Αόρι','',10793,10688,10688,105,105,105,42,5.25,NULL,NULL,'',NULL,NULL,'09/07/24 Κοκινάκης Θεοχάρης 105 κυβικά 42€','','',NULL);
INSERT INTO "synet_waterconsumption" ("id","serialNumber","customer","date","collecter","counter","finalIndication","initialIndication","intermediateIndication","cubicMeters","billableCubicMeters","hydronomistsCubicMeters","cost","hydronomistsRight","paid","paymentDate","receivedBy","receiptNumber","balance","viberMsg","notes","fields","olivesNumber") VALUES (132,134,'Πατιτάκη Γιάννα','2024-07-10','Κεντρικό','',539098,538775,538775,323,323,323,96.9,16.15,NULL,NULL,'',NULL,NULL,'10/07/24 Πατιτάκη Γιάννα 323 κυβικά 96,9€','','',NULL);
INSERT INTO "synet_waterconsumption" ("id","serialNumber","customer","date","collecter","counter","finalIndication","initialIndication","intermediateIndication","cubicMeters","billableCubicMeters","hydronomistsCubicMeters","cost","hydronomistsRight","paid","paymentDate","receivedBy","receiptNumber","balance","viberMsg","notes","fields","olivesNumber") VALUES (133,135,'Πιτροπάκης Γεώργιος Νικολάου','2024-07-11','Κεντρικό','',539326,539098,539098,228,228,228,68.4,11.4,NULL,NULL,'',NULL,NULL,'11/07/24 Πιτροπάκης Γεώργιος Νικολάου 228 κυβικά 68,4€','','',NULL);
INSERT INTO "synet_waterconsumption" ("id","serialNumber","customer","date","collecter","counter","finalIndication","initialIndication","intermediateIndication","cubicMeters","billableCubicMeters","hydronomistsCubicMeters","cost","hydronomistsRight","paid","paymentDate","receivedBy","receiptNumber","balance","viberMsg","notes","fields","olivesNumber") VALUES (134,136,'Ζώτος Σπύρος','2024-07-13','Κεντρικό','',539653,539326,539326,327,327,327,98.1,16.35,NULL,NULL,'',NULL,NULL,'13/07/24 Ζώτος Σπύρος 327 κυβικά 98,1€','','',NULL);
INSERT INTO "synet_waterconsumption" ("id","serialNumber","customer","date","collecter","counter","finalIndication","initialIndication","intermediateIndication","cubicMeters","billableCubicMeters","hydronomistsCubicMeters","cost","hydronomistsRight","paid","paymentDate","receivedBy","receiptNumber","balance","viberMsg","notes","fields","olivesNumber") VALUES (135,137,'Κικάκης Μιχ. τ. Εμμ.','2024-07-13','Κεντρικό','',539815,539653,539653,162,162,162,48.6,8.1,NULL,NULL,'',NULL,NULL,'13/07/24 Κικάκης Μιχ. τ. Εμμ. 162 κυβικά 48,6€','','',NULL);
INSERT INTO "synet_waterconsumption" ("id","serialNumber","customer","date","collecter","counter","finalIndication","initialIndication","intermediateIndication","cubicMeters","billableCubicMeters","hydronomistsCubicMeters","cost","hydronomistsRight","paid","paymentDate","receivedBy","receiptNumber","balance","viberMsg","notes","fields","olivesNumber") VALUES (136,138,'Προεστάκη Γλυκερία','2024-07-14','Γέφυρα','',2346,2037,2037,309,309,309,92.7,15.45,NULL,NULL,'',NULL,NULL,'14/07/24 Προεστάκη Γλυκερία 309 κυβικά 92,70€','','',NULL);
INSERT INTO "synet_waterconsumption" ("id","serialNumber","customer","date","collecter","counter","finalIndication","initialIndication","intermediateIndication","cubicMeters","billableCubicMeters","hydronomistsCubicMeters","cost","hydronomistsRight","paid","paymentDate","receivedBy","receiptNumber","balance","viberMsg","notes","fields","olivesNumber") VALUES (137,139,'Ποντικάκης Μανώλης','2024-07-15','Κεντρικό','',539900,539815,539815,85,85,85,25.5,4.25,NULL,NULL,'',NULL,NULL,'15/07/24 Ποντικάκης Μανώλης 85 κυβικά 25,50€','','',NULL);
INSERT INTO "synet_waterconsumption" ("id","serialNumber","customer","date","collecter","counter","finalIndication","initialIndication","intermediateIndication","cubicMeters","billableCubicMeters","hydronomistsCubicMeters","cost","hydronomistsRight","paid","paymentDate","receivedBy","receiptNumber","balance","viberMsg","notes","fields","olivesNumber") VALUES (138,140,'Μαρουλάκης Ιωάννης','2024-07-16','Κεντρικό','',540084,539900,539900,184,184,184,55.2,9.2,NULL,NULL,'',NULL,NULL,'16/07/24 Μαρουλάκης Ιωάννης 184 κυβικά 55,20€','','',NULL);
INSERT INTO "synet_waterconsumption" ("id","serialNumber","customer","date","collecter","counter","finalIndication","initialIndication","intermediateIndication","cubicMeters","billableCubicMeters","hydronomistsCubicMeters","cost","hydronomistsRight","paid","paymentDate","receivedBy","receiptNumber","balance","viberMsg","notes","fields","olivesNumber") VALUES (139,141,'Russi Adem( Ανδρέας)','2024-07-16','Κεντρικό','',540194,540084,540084,110,110,110,33,5.5,NULL,NULL,'',NULL,NULL,'16/07/24 Russi Adem( Ανδρέας) 110 κυβικά 33,00€','','',NULL);
INSERT INTO "synet_waterconsumption" ("id","serialNumber","customer","date","collecter","counter","finalIndication","initialIndication","intermediateIndication","cubicMeters","billableCubicMeters","hydronomistsCubicMeters","cost","hydronomistsRight","paid","paymentDate","receivedBy","receiptNumber","balance","viberMsg","notes","fields","olivesNumber") VALUES (140,142,'Τουλουπάκη Άννα','2024-07-17','Κεντρικό','',540496,540194,540194,302,302,302,90.6,15.1,NULL,NULL,'',NULL,NULL,'17/07/24 Τουλουπάκη Άννα 302 κυβικά 90,60€','','',NULL);
INSERT INTO "synet_waterconsumption" ("id","serialNumber","customer","date","collecter","counter","finalIndication","initialIndication","intermediateIndication","cubicMeters","billableCubicMeters","hydronomistsCubicMeters","cost","hydronomistsRight","paid","paymentDate","receivedBy","receiptNumber","balance","viberMsg","notes","fields","olivesNumber") VALUES (141,143,'Russi Bilal ( Χρήστος)','2024-07-18','Κεντρικό','',540783,540496,540496,287,287,287,86.1,14.35,NULL,NULL,'',NULL,NULL,'18/07/24 Russi Bilal ( Χρήστος) 287 κυβικά 86,10€','','',NULL);
INSERT INTO "synet_waterconsumption" ("id","serialNumber","customer","date","collecter","counter","finalIndication","initialIndication","intermediateIndication","cubicMeters","billableCubicMeters","hydronomistsCubicMeters","cost","hydronomistsRight","paid","paymentDate","receivedBy","receiptNumber","balance","viberMsg","notes","fields","olivesNumber") VALUES (142,144,'Κακλαμάνος Ανδρέας','2024-07-19','Κεντρικό','',540897,540783,540783,114,114,114,34.2,5.7,NULL,NULL,'',NULL,NULL,'19/07/24 Κακλαμάνος Ανδρέας 114 κυβικά 34,20€','','',NULL);
INSERT INTO "synet_waterconsumption" ("id","serialNumber","customer","date","collecter","counter","finalIndication","initialIndication","intermediateIndication","cubicMeters","billableCubicMeters","hydronomistsCubicMeters","cost","hydronomistsRight","paid","paymentDate","receivedBy","receiptNumber","balance","viberMsg","notes","fields","olivesNumber") VALUES (143,145,'Παπαδημητροπούλου Καίτη','2024-07-20','Κεντρικό','',541167,540897,540897,270,270,270,81,13.5,NULL,NULL,'',NULL,NULL,'20/07/24 Παπαδημητροπούλου Καίτη 270 κυβικά 81,00€','','',NULL);
INSERT INTO "synet_waterconsumption" ("id","serialNumber","customer","date","collecter","counter","finalIndication","initialIndication","intermediateIndication","cubicMeters","billableCubicMeters","hydronomistsCubicMeters","cost","hydronomistsRight","paid","paymentDate","receivedBy","receiptNumber","balance","viberMsg","notes","fields","olivesNumber") VALUES (144,146,'Κικάκης Μιχ. τ. Εμμ.','2024-07-21','Κεντρικό','',541429,541167,541167,262,262,262,78.6,13.1,NULL,NULL,'',NULL,NULL,'21/07/24 Κικάκης Μιχ. τ. Εμμ. 262 κυβικά 78,60€','','',NULL);
INSERT INTO "synet_waterconsumption" ("id","serialNumber","customer","date","collecter","counter","finalIndication","initialIndication","intermediateIndication","cubicMeters","billableCubicMeters","hydronomistsCubicMeters","cost","hydronomistsRight","paid","paymentDate","receivedBy","receiptNumber","balance","viberMsg","notes","fields","olivesNumber") VALUES (145,147,'Παπαδημητροπούλου Μαρία Θαλασσινός Γιώργος','2024-07-22','Κεντρικό','',541550,541429,541429,121,121,121,36.3,6.05,NULL,NULL,'',NULL,NULL,'22/07/24 Παπαδημητροπούλου Μαρία Θαλασσινός Γιώργος 121 κυβικά 36,30€','','',NULL);
INSERT INTO "synet_waterconsumption" ("id","serialNumber","customer","date","collecter","counter","finalIndication","initialIndication","intermediateIndication","cubicMeters","billableCubicMeters","hydronomistsCubicMeters","cost","hydronomistsRight","paid","paymentDate","receivedBy","receiptNumber","balance","viberMsg","notes","fields","olivesNumber") VALUES (146,148,'Βερβελάκης Μανώλης','2024-07-23','Κεντρικό','',541838,541550,541550,288,288,288,86.4,14.4,NULL,NULL,'',NULL,NULL,'23/07/24 Βερβελάκης Μανώλης 288 κυβικά 86,40€','','',NULL);
INSERT INTO "synet_waterconsumption" ("id","serialNumber","customer","date","collecter","counter","finalIndication","initialIndication","intermediateIndication","cubicMeters","billableCubicMeters","hydronomistsCubicMeters","cost","hydronomistsRight","paid","paymentDate","receivedBy","receiptNumber","balance","viberMsg","notes","fields","olivesNumber") VALUES (147,149,'Μαρουλάκης Στέλιος','2024-07-25','Κεντρικό','',542081,541838,541838,243,243,243,72.9,12.15,NULL,NULL,'',NULL,NULL,'25/07/24 Μαρουλάκης Στέλιος 243 κυβικά 72,90€','','',NULL);
INSERT INTO "synet_waterconsumption" ("id","serialNumber","customer","date","collecter","counter","finalIndication","initialIndication","intermediateIndication","cubicMeters","billableCubicMeters","hydronomistsCubicMeters","cost","hydronomistsRight","paid","paymentDate","receivedBy","receiptNumber","balance","viberMsg","notes","fields","olivesNumber") VALUES (148,150,'Βερβελάκης Μανώλης','2024-07-25','Κεντρικό','',542126,542081,542081,45,45,45,13.5,2.25,NULL,NULL,'',NULL,NULL,'25/07/24 Βερβελάκης Μανώλης 45 κυβικά 13,50€','','',NULL);
INSERT INTO "synet_waterconsumption" ("id","serialNumber","customer","date","collecter","counter","finalIndication","initialIndication","intermediateIndication","cubicMeters","billableCubicMeters","hydronomistsCubicMeters","cost","hydronomistsRight","paid","paymentDate","receivedBy","receiptNumber","balance","viberMsg","notes","fields","olivesNumber") VALUES (149,151,'Αλεξάκης Μανώλης','2024-07-25','Λούτρα','',16396,16354,16354,42,42,42,12.6,2.1,NULL,NULL,'',NULL,NULL,'25/07/24 Αλεξάκης Μανώλης 42 κυβικά 12,60€','','',NULL);
INSERT INTO "synet_waterconsumption" ("id","serialNumber","customer","date","collecter","counter","finalIndication","initialIndication","intermediateIndication","cubicMeters","billableCubicMeters","hydronomistsCubicMeters","cost","hydronomistsRight","paid","paymentDate","receivedBy","receiptNumber","balance","viberMsg","notes","fields","olivesNumber") VALUES (150,152,'Βερβελάκης Μανώλης','2024-07-26','Λούτρα','',16487,16396,16396,91,91,91,27.3,4.55,NULL,NULL,'',NULL,NULL,'26/07/24 Βερβελάκης Μανώλης 91 κυβικά 27,30€','','',NULL);
INSERT INTO "synet_waterconsumption" ("id","serialNumber","customer","date","collecter","counter","finalIndication","initialIndication","intermediateIndication","cubicMeters","billableCubicMeters","hydronomistsCubicMeters","cost","hydronomistsRight","paid","paymentDate","receivedBy","receiptNumber","balance","viberMsg","notes","fields","olivesNumber") VALUES (151,153,'Προεστάκη Γλυκερία','2024-07-25','Κεντρικό','',542179,542126,542126,53,53,53,15.9,2.65,NULL,NULL,'',NULL,NULL,'25/07/24 Προεστάκη Γλυκερία 53 κυβικά 15,90€','','',NULL);
INSERT INTO "synet_waterconsumption" ("id","serialNumber","customer","date","collecter","counter","finalIndication","initialIndication","intermediateIndication","cubicMeters","billableCubicMeters","hydronomistsCubicMeters","cost","hydronomistsRight","paid","paymentDate","receivedBy","receiptNumber","balance","viberMsg","notes","fields","olivesNumber") VALUES (152,154,'Βερβελάκης Γεώργιος','2024-07-28','Κεντρικό','',542803,542179,542179,624,624,624,187.2,31.2,NULL,NULL,'',NULL,NULL,'28/07/24 Βερβελάκης Γεώργιος 624 κυβικά 187,20€','','',NULL);
INSERT INTO "synet_waterconsumption" ("id","serialNumber","customer","date","collecter","counter","finalIndication","initialIndication","intermediateIndication","cubicMeters","billableCubicMeters","hydronomistsCubicMeters","cost","hydronomistsRight","paid","paymentDate","receivedBy","receiptNumber","balance","viberMsg","notes","fields","olivesNumber") VALUES (153,155,'Μπετεινάκης Κωστής','2024-07-30','Αόρι','',10958,10793,10793,165,165,165,66,8.25,NULL,NULL,'',NULL,NULL,'30/07/24 Μπετεινάκης Κωστής 165 κυβικά 66,00€','','',NULL);
INSERT INTO "synet_waterconsumption" ("id","serialNumber","customer","date","collecter","counter","finalIndication","initialIndication","intermediateIndication","cubicMeters","billableCubicMeters","hydronomistsCubicMeters","cost","hydronomistsRight","paid","paymentDate","receivedBy","receiptNumber","balance","viberMsg","notes","fields","olivesNumber") VALUES (154,156,'Russi Adem( Ανδρέας)','2024-07-31','Κεντρικό','',543141,542803,542803,338,338,338,101.4,16.9,NULL,NULL,'',NULL,NULL,'31/07/24 Russi Adem( Ανδρέας) 338 κυβικά 101,40€','','',NULL);
INSERT INTO "synet_waterconsumption" ("id","serialNumber","customer","date","collecter","counter","finalIndication","initialIndication","intermediateIndication","cubicMeters","billableCubicMeters","hydronomistsCubicMeters","cost","hydronomistsRight","paid","paymentDate","receivedBy","receiptNumber","balance","viberMsg","notes","fields","olivesNumber") VALUES (155,157,'Χατζοβασιλάκη Κατερίνα','2024-08-01','Κεντρικό','',543358,543141,543141,217,217,217,65.1,10.85,NULL,NULL,'',NULL,NULL,'01/08/24 Χατζοβασιλάκη Κατερίνα 217 κυβικά 65,10€','','',NULL);
INSERT INTO "synet_waterconsumption" ("id","serialNumber","customer","date","collecter","counter","finalIndication","initialIndication","intermediateIndication","cubicMeters","billableCubicMeters","hydronomistsCubicMeters","cost","hydronomistsRight","paid","paymentDate","receivedBy","receiptNumber","balance","viberMsg","notes","fields","olivesNumber") VALUES (156,158,'Κικάκης Μιχ. τ. Ιωάννου','2024-08-02','Λούτρα','',16520,16487,16487,33,33,33,9.9,1.65,NULL,NULL,'',NULL,NULL,'02/08/24 Κικάκης Μιχ. τ. Ιωάννου 33 κυβικά 9,90€','','',NULL);
INSERT INTO "synet_waterconsumption" ("id","serialNumber","customer","date","collecter","counter","finalIndication","initialIndication","intermediateIndication","cubicMeters","billableCubicMeters","hydronomistsCubicMeters","cost","hydronomistsRight","paid","paymentDate","receivedBy","receiptNumber","balance","viberMsg","notes","fields","olivesNumber") VALUES (157,159,'Χατζοβασιλάκη Μαρία','2024-08-03','Κεντρικό','',543725,543358,543358,367,367,367,110.1,18.35,NULL,NULL,'',NULL,NULL,'03/08/24 Χατζοβασιλάκη Μαρία 367 κυβικά 110,10€','','',NULL);
INSERT INTO "synet_waterconsumption" ("id","serialNumber","customer","date","collecter","counter","finalIndication","initialIndication","intermediateIndication","cubicMeters","billableCubicMeters","hydronomistsCubicMeters","cost","hydronomistsRight","paid","paymentDate","receivedBy","receiptNumber","balance","viberMsg","notes","fields","olivesNumber") VALUES (158,160,'Βαρδάκης Μανώλης Ματθαίου','2024-08-04','Κεντρικό','',544006,543725,543725,281,281,281,84.3,14.05,NULL,NULL,'',NULL,NULL,'04/08/24 Βαρδάκης Μανώλης Ματθαίου 281 κυβικά 84,30€','','',NULL);
INSERT INTO "synet_waterconsumption" ("id","serialNumber","customer","date","collecter","counter","finalIndication","initialIndication","intermediateIndication","cubicMeters","billableCubicMeters","hydronomistsCubicMeters","cost","hydronomistsRight","paid","paymentDate","receivedBy","receiptNumber","balance","viberMsg","notes","fields","olivesNumber") VALUES (159,161,'Σηφάκη Μαρία','2024-08-05','Κεντρικό','',544105,544006,544006,99,99,99,29.7,4.95,NULL,NULL,'',NULL,NULL,'05/08/24 Σηφάκη Μαρία 99 κυβικά 29,70€','','',NULL);
INSERT INTO "synet_waterconsumption" ("id","serialNumber","customer","date","collecter","counter","finalIndication","initialIndication","intermediateIndication","cubicMeters","billableCubicMeters","hydronomistsCubicMeters","cost","hydronomistsRight","paid","paymentDate","receivedBy","receiptNumber","balance","viberMsg","notes","fields","olivesNumber") VALUES (160,162,'Ζώτος Σπύρος','2024-08-06','Κεντρικό','',544173,544105,544105,68,68,68,20.4,3.4,NULL,NULL,'',NULL,NULL,'06/08/24 Ζώτος Σπύρος 68 κυβικά 20,40€','','',NULL);
INSERT INTO "synet_waterconsumption" ("id","serialNumber","customer","date","collecter","counter","finalIndication","initialIndication","intermediateIndication","cubicMeters","billableCubicMeters","hydronomistsCubicMeters","cost","hydronomistsRight","paid","paymentDate","receivedBy","receiptNumber","balance","viberMsg","notes","fields","olivesNumber") VALUES (161,163,'Plakut Nikos','2024-08-06','Κεντρικό','',544304,544173,544173,131,131,131,52.4,6.55,NULL,NULL,'',NULL,NULL,'06/08/24 Plakut Nikos 131 κυβικά 52,40€','','',NULL);
INSERT INTO "synet_waterconsumption" ("id","serialNumber","customer","date","collecter","counter","finalIndication","initialIndication","intermediateIndication","cubicMeters","billableCubicMeters","hydronomistsCubicMeters","cost","hydronomistsRight","paid","paymentDate","receivedBy","receiptNumber","balance","viberMsg","notes","fields","olivesNumber") VALUES (162,164,'Παπαδημητρόπουλος Γεώργιος Άγγελου','2024-08-06','Κεντρικό','',544334,544304,544304,30,30,30,9,1.5,NULL,NULL,'',NULL,NULL,'06/08/24 Παπαδημητρόπουλος Γεώργιος Άγγελου 30 κυβικά 9,00€','','',NULL);
INSERT INTO "synet_waterconsumption" ("id","serialNumber","customer","date","collecter","counter","finalIndication","initialIndication","intermediateIndication","cubicMeters","billableCubicMeters","hydronomistsCubicMeters","cost","hydronomistsRight","paid","paymentDate","receivedBy","receiptNumber","balance","viberMsg","notes","fields","olivesNumber") VALUES (163,165,'Πατιτάκης Μανώλης','2024-08-07','Κεντρικό','',544750,544334,544334,416,416,416,124.8,20.8,NULL,NULL,'',NULL,NULL,'07/08/24 Πατιτάκης Μανώλης 416 κυβικά 124,80€','','',NULL);
INSERT INTO "synet_waterconsumption" ("id","serialNumber","customer","date","collecter","counter","finalIndication","initialIndication","intermediateIndication","cubicMeters","billableCubicMeters","hydronomistsCubicMeters","cost","hydronomistsRight","paid","paymentDate","receivedBy","receiptNumber","balance","viberMsg","notes","fields","olivesNumber") VALUES (164,166,'Ζώτος Σπύρος','2024-08-08','Κεντρικό','',545124,544750,544750,374,374,374,112.2,18.7,NULL,NULL,'',NULL,NULL,'08/08/24 Ζώτος Σπύρος 374 κυβικά 112,20€','','',NULL);
INSERT INTO "synet_waterconsumption" ("id","serialNumber","customer","date","collecter","counter","finalIndication","initialIndication","intermediateIndication","cubicMeters","billableCubicMeters","hydronomistsCubicMeters","cost","hydronomistsRight","paid","paymentDate","receivedBy","receiptNumber","balance","viberMsg","notes","fields","olivesNumber") VALUES (165,167,'Βασιλάκης Ιω. τ. Νικολάου','2024-08-10','Γέφυρα','',2548,2346,2346,202,202,202,60.6,10.1,NULL,NULL,'',NULL,NULL,'10/08/24 Βασιλάκης Ιω. τ. Νικολάου 202 κυβικά 60,60€','','',NULL);
INSERT INTO "synet_waterconsumption" ("id","serialNumber","customer","date","collecter","counter","finalIndication","initialIndication","intermediateIndication","cubicMeters","billableCubicMeters","hydronomistsCubicMeters","cost","hydronomistsRight","paid","paymentDate","receivedBy","receiptNumber","balance","viberMsg","notes","fields","olivesNumber") VALUES (166,168,'Μαργαριτάκης Μανώλης','2024-08-11','Κεντρικό','',545415,545124,545124,291,291,291,87.3,14.55,NULL,NULL,'',NULL,NULL,'11/08/24 Μαργαριτάκης Μανώλης 291 κυβικά 87,30€','','',NULL);
INSERT INTO "synet_waterconsumption" ("id","serialNumber","customer","date","collecter","counter","finalIndication","initialIndication","intermediateIndication","cubicMeters","billableCubicMeters","hydronomistsCubicMeters","cost","hydronomistsRight","paid","paymentDate","receivedBy","receiptNumber","balance","viberMsg","notes","fields","olivesNumber") VALUES (167,169,'Κικάκης Νικόλαος','2024-08-13','Κεντρικό','',545744,545415,545415,329,329,329,98.7,16.45,NULL,NULL,'',NULL,NULL,'13/08/24 Κικάκης Νικόλαος 329 κυβικά 98,70€','','',NULL);
INSERT INTO "synet_waterconsumption" ("id","serialNumber","customer","date","collecter","counter","finalIndication","initialIndication","intermediateIndication","cubicMeters","billableCubicMeters","hydronomistsCubicMeters","cost","hydronomistsRight","paid","paymentDate","receivedBy","receiptNumber","balance","viberMsg","notes","fields","olivesNumber") VALUES (168,170,'Πιτροπάκης Γεώργιος Νικολάου','2024-08-14','Κεντρικό','',545895,545744,545744,151,151,151,45.3,7.55,NULL,NULL,'',NULL,NULL,'14/08/24 Πιτροπάκης Γεώργιος Νικολάου 151 κυβικά 45,30€','','',NULL);
INSERT INTO "synet_waterconsumption" ("id","serialNumber","customer","date","collecter","counter","finalIndication","initialIndication","intermediateIndication","cubicMeters","billableCubicMeters","hydronomistsCubicMeters","cost","hydronomistsRight","paid","paymentDate","receivedBy","receiptNumber","balance","viberMsg","notes","fields","olivesNumber") VALUES (169,171,'Παπαδημητρόπουλος Ιωάννης Νικολάου','2024-08-15','Κεντρικό','',546055,545895,545895,160,160,160,48,8,NULL,NULL,'',NULL,NULL,'15/08/24 Παπαδημητρόπουλος Ιωάννης Νικολάου 160 κυβικά 48,00€','','',NULL);
INSERT INTO "synet_waterconsumption" ("id","serialNumber","customer","date","collecter","counter","finalIndication","initialIndication","intermediateIndication","cubicMeters","billableCubicMeters","hydronomistsCubicMeters","cost","hydronomistsRight","paid","paymentDate","receivedBy","receiptNumber","balance","viberMsg","notes","fields","olivesNumber") VALUES (170,172,'Κακλαμάνος Ανδρέας','2024-08-16','Κεντρικό','',546190,546055,546055,135,135,135,40.5,6.75,NULL,NULL,'',NULL,NULL,'16/08/24 Κακλαμάνος Ανδρέας 135 κυβικά 40,50€','','',NULL);
INSERT INTO "synet_waterconsumption" ("id","serialNumber","customer","date","collecter","counter","finalIndication","initialIndication","intermediateIndication","cubicMeters","billableCubicMeters","hydronomistsCubicMeters","cost","hydronomistsRight","paid","paymentDate","receivedBy","receiptNumber","balance","viberMsg","notes","fields","olivesNumber") VALUES (171,173,'Κικάκης Μιχ. τ. Ιωάννου','2024-08-17','Κεντρικό','',546473,546190,546190,283,283,283,84.9,14.15,NULL,NULL,'',NULL,NULL,'17/08/24 Κικάκης Μιχ. τ. Ιωάννου 283 κυβικά 84,90€','','',NULL);
INSERT INTO "synet_waterconsumption" ("id","serialNumber","customer","date","collecter","counter","finalIndication","initialIndication","intermediateIndication","cubicMeters","billableCubicMeters","hydronomistsCubicMeters","cost","hydronomistsRight","paid","paymentDate","receivedBy","receiptNumber","balance","viberMsg","notes","fields","olivesNumber") VALUES (172,174,'Russi Bilal ( Χρήστος)','2024-08-18','Κεντρικό','',546775,546473,546473,302,302,302,90.6,15.1,NULL,NULL,'',NULL,NULL,'18/08/24 Russi Bilal ( Χρήστος) 302 κυβικά 90,60€','','',NULL);
INSERT INTO "synet_waterconsumption" ("id","serialNumber","customer","date","collecter","counter","finalIndication","initialIndication","intermediateIndication","cubicMeters","billableCubicMeters","hydronomistsCubicMeters","cost","hydronomistsRight","paid","paymentDate","receivedBy","receiptNumber","balance","viberMsg","notes","fields","olivesNumber") VALUES (173,175,'Russi Adem( Ανδρέας)','2024-08-20','Κεντρικό','',547069,546775,546775,294,294,294,88.2,14.7,NULL,NULL,'',NULL,NULL,'20/08/24 Russi Adem( Ανδρέας) 294 κυβικά 88,20€','','',NULL);
INSERT INTO "synet_waterconsumption" ("id","serialNumber","customer","date","collecter","counter","finalIndication","initialIndication","intermediateIndication","cubicMeters","billableCubicMeters","hydronomistsCubicMeters","cost","hydronomistsRight","paid","paymentDate","receivedBy","receiptNumber","balance","viberMsg","notes","fields","olivesNumber") VALUES (174,176,'Μαρουλάκης Ιωάννης','2024-08-21','Κεντρικό','',547239,547069,547069,170,170,170,51,8.5,NULL,NULL,'',NULL,NULL,'21/08/24 Μαρουλάκης Ιωάννης 170 κυβικά 51,00€','','',NULL);
INSERT INTO "synet_waterconsumption" ("id","serialNumber","customer","date","collecter","counter","finalIndication","initialIndication","intermediateIndication","cubicMeters","billableCubicMeters","hydronomistsCubicMeters","cost","hydronomistsRight","paid","paymentDate","receivedBy","receiptNumber","balance","viberMsg","notes","fields","olivesNumber") VALUES (175,177,'Ποντικάκης Μανώλης','2024-08-21','Κεντρικό','',547310,547239,547239,71,71,71,21.3,3.55,NULL,NULL,'',NULL,NULL,'21/08/24 Ποντικάκης Μανώλης 71 κυβικά 21,30€','','',NULL);
INSERT INTO "synet_waterconsumption" ("id","serialNumber","customer","date","collecter","counter","finalIndication","initialIndication","intermediateIndication","cubicMeters","billableCubicMeters","hydronomistsCubicMeters","cost","hydronomistsRight","paid","paymentDate","receivedBy","receiptNumber","balance","viberMsg","notes","fields","olivesNumber") VALUES (176,178,'Τουλουπάκη Άννα','2024-08-22','Κεντρικό','',547547,547310,547310,237,237,237,71.1,11.85,NULL,NULL,'',NULL,NULL,'22/08/24 Τουλουπάκη Άννα 237 κυβικά 71,10€','','',NULL);
INSERT INTO "synet_waterconsumption" ("id","serialNumber","customer","date","collecter","counter","finalIndication","initialIndication","intermediateIndication","cubicMeters","billableCubicMeters","hydronomistsCubicMeters","cost","hydronomistsRight","paid","paymentDate","receivedBy","receiptNumber","balance","viberMsg","notes","fields","olivesNumber") VALUES (177,179,'Γρυνιεζάκης Δημήτρης','2024-08-23','Κεντρικό','',547625,547547,547547,78,78,78,31.2,3.9,NULL,NULL,'',NULL,NULL,'Παρ 23/08/24 Γρυνιεζάκης Δημήτρης 78 κυβικά 31,20€','','',NULL);
INSERT INTO "synet_waterconsumption" ("id","serialNumber","customer","date","collecter","counter","finalIndication","initialIndication","intermediateIndication","cubicMeters","billableCubicMeters","hydronomistsCubicMeters","cost","hydronomistsRight","paid","paymentDate","receivedBy","receiptNumber","balance","viberMsg","notes","fields","olivesNumber") VALUES (178,180,'Παπαδημητροπούλου Μαρία Θαλασσινός Γιώργος','2024-08-24','Κεντρικό','',547779,547625,547625,154,154,154,46.2,7.7,NULL,NULL,'',NULL,NULL,'Σάβ 24/08/24 Παπαδημητροπούλου Μαρία Θαλασσινός Γιώργος 154 κυβικά 46,20€','','',NULL);
INSERT INTO "synet_waterconsumption" ("id","serialNumber","customer","date","collecter","counter","finalIndication","initialIndication","intermediateIndication","cubicMeters","billableCubicMeters","hydronomistsCubicMeters","cost","hydronomistsRight","paid","paymentDate","receivedBy","receiptNumber","balance","viberMsg","notes","fields","olivesNumber") VALUES (179,181,'Παπαδημητροπούλου Καίτη','2024-08-24','Κεντρικό','',547893,547779,547779,114,114,114,34.2,5.7,NULL,NULL,'',NULL,NULL,'Σάβ 24/08/24 Παπαδημητροπούλου Καίτη 114 κυβικά 34,20€','','',NULL);
INSERT INTO "synet_waterconsumption" ("id","serialNumber","customer","date","collecter","counter","finalIndication","initialIndication","intermediateIndication","cubicMeters","billableCubicMeters","hydronomistsCubicMeters","cost","hydronomistsRight","paid","paymentDate","receivedBy","receiptNumber","balance","viberMsg","notes","fields","olivesNumber") VALUES (180,182,'Βερβελάκης Γεώργιος','2024-08-25','Κεντρικό','',548255,547893,547893,362,362,362,108.6,18.1,NULL,NULL,'',NULL,NULL,'Κυρ 25/08/24 Βερβελάκης Γεώργιος 362 κυβικά 108,60€','','',NULL);
INSERT INTO "synet_waterconsumption" ("id","serialNumber","customer","date","collecter","counter","finalIndication","initialIndication","intermediateIndication","cubicMeters","billableCubicMeters","hydronomistsCubicMeters","cost","hydronomistsRight","paid","paymentDate","receivedBy","receiptNumber","balance","viberMsg","notes","fields","olivesNumber") VALUES (181,183,'Βερβελάκης Μανώλης','2024-08-26','Κεντρικό','',548314,548255,548255,59,59,59,17.7,2.95,NULL,NULL,'',NULL,NULL,'Δευ 26/08/24 Βερβελάκης Μανώλης 59 κυβικά 17,70€','','',NULL);
INSERT INTO "synet_waterconsumption" ("id","serialNumber","customer","date","collecter","counter","finalIndication","initialIndication","intermediateIndication","cubicMeters","billableCubicMeters","hydronomistsCubicMeters","cost","hydronomistsRight","paid","paymentDate","receivedBy","receiptNumber","balance","viberMsg","notes","fields","olivesNumber") VALUES (182,184,'Μαρουλάκης Στέλιος','2024-08-27','Κεντρικό','',548567,548314,548314,253,253,253,75.9,12.65,NULL,NULL,'',NULL,NULL,'Τρί 27/08/24 Μαρουλάκης Στέλιος 253 κυβικά 75,90€','','',NULL);
INSERT INTO "synet_waterconsumption" ("id","serialNumber","customer","date","collecter","counter","finalIndication","initialIndication","intermediateIndication","cubicMeters","billableCubicMeters","hydronomistsCubicMeters","cost","hydronomistsRight","paid","paymentDate","receivedBy","receiptNumber","balance","viberMsg","notes","fields","olivesNumber") VALUES (183,185,'Προεστάκη Γλυκερία','2024-08-28','Γέφυρα','',2749,2548,2548,201,201,201,60.3,10.05,NULL,NULL,'',NULL,NULL,'Τετ 28/08/24 Προεστάκη Γλυκερία 201 κυβικά 60,30€','','',NULL);
INSERT INTO "synet_waterconsumption" ("id","serialNumber","customer","date","collecter","counter","finalIndication","initialIndication","intermediateIndication","cubicMeters","billableCubicMeters","hydronomistsCubicMeters","cost","hydronomistsRight","paid","paymentDate","receivedBy","receiptNumber","balance","viberMsg","notes","fields","olivesNumber") VALUES (184,186,'Ποντικάκης Μανώλης','2024-08-29','Κεντρικό','',548918,548567,548567,351,351,351,105.3,17.55,NULL,NULL,'',NULL,NULL,'Πέμ 29/08/24 Ποντικάκης Μανώλης 351 κυβικά 105,30€','','',NULL);
INSERT INTO "synet_waterconsumption" ("id","serialNumber","customer","date","collecter","counter","finalIndication","initialIndication","intermediateIndication","cubicMeters","billableCubicMeters","hydronomistsCubicMeters","cost","hydronomistsRight","paid","paymentDate","receivedBy","receiptNumber","balance","viberMsg","notes","fields","olivesNumber") VALUES (185,187,'Μαρουλάκης Στέλιος','2024-08-29','Κεντρικό','',549013,548918,548918,95,95,95,28.5,4.75,NULL,NULL,'',NULL,NULL,'Πέμ 29/08/24 Μαρουλάκης Στέλιος 95 κυβικά 28,50€','','',NULL);
INSERT INTO "synet_waterconsumption" ("id","serialNumber","customer","date","collecter","counter","finalIndication","initialIndication","intermediateIndication","cubicMeters","billableCubicMeters","hydronomistsCubicMeters","cost","hydronomistsRight","paid","paymentDate","receivedBy","receiptNumber","balance","viberMsg","notes","fields","olivesNumber") VALUES (186,188,'Ρεστιβάκη Γεωργία Παπαδημητρόπουλος Χαρίδημος','2024-09-01','Κεντρικό','',549210,549013,549013,197,197,197,59.1,9.85,NULL,NULL,'',NULL,NULL,'Κυρ 01/09/24 Ρεστιβάκη Γεωργία Παπαδημητρόπουλος Χαρίδημος 197 κυβικά 59,10€','','',NULL);
INSERT INTO "synet_waterconsumption" ("id","serialNumber","customer","date","collecter","counter","finalIndication","initialIndication","intermediateIndication","cubicMeters","billableCubicMeters","hydronomistsCubicMeters","cost","hydronomistsRight","paid","paymentDate","receivedBy","receiptNumber","balance","viberMsg","notes","fields","olivesNumber") VALUES (187,189,'Ρεστιβάκη Γεωργία Παπαδημητρόπουλος Χαρίδημος','2024-09-01','Αόρι','',11206,10958,10958,248,248,248,99.2,12.4,NULL,NULL,'',NULL,NULL,'Κυρ 01/09/24 Ρεστιβάκη Γεωργία Παπαδημητρόπουλος Χαρίδημος 248 κυβικά 99,20€','','',NULL);
INSERT INTO "synet_waterconsumption" ("id","serialNumber","customer","date","collecter","counter","finalIndication","initialIndication","intermediateIndication","cubicMeters","billableCubicMeters","hydronomistsCubicMeters","cost","hydronomistsRight","paid","paymentDate","receivedBy","receiptNumber","balance","viberMsg","notes","fields","olivesNumber") VALUES (188,190,'Βερβελάκης Μανώλης','2024-09-02','Κεντρικό','',549305,549210,549210,95,95,95,28.5,4.75,NULL,NULL,'',NULL,NULL,'Δευ 02/09/24 Βερβελάκης Μανώλης 95 κυβικά 28,50€','','',NULL);
INSERT INTO "synet_waterconsumption" ("id","serialNumber","customer","date","collecter","counter","finalIndication","initialIndication","intermediateIndication","cubicMeters","billableCubicMeters","hydronomistsCubicMeters","cost","hydronomistsRight","paid","paymentDate","receivedBy","receiptNumber","balance","viberMsg","notes","fields","olivesNumber") VALUES (189,191,'Ζώτος Σπύρος','2024-09-02','Κεντρικό','',549481,549305,549305,176,176,176,52.8,8.8,NULL,NULL,'',NULL,NULL,'Δευ 02/09/24 Ζώτος Σπύρος 176 κυβικά 52,80€','','',NULL);
INSERT INTO "synet_waterconsumption" ("id","serialNumber","customer","date","collecter","counter","finalIndication","initialIndication","intermediateIndication","cubicMeters","billableCubicMeters","hydronomistsCubicMeters","cost","hydronomistsRight","paid","paymentDate","receivedBy","receiptNumber","balance","viberMsg","notes","fields","olivesNumber") VALUES (190,192,'Κικάκης Μιχ. τ. Εμμ.','2024-09-03','Κεντρικό','',549753,549481,549481,272,272,272,81.6,13.6,NULL,NULL,'',NULL,NULL,'Τρί 03/09/24 Κικάκης Μιχ. τ. Εμμ. 272 κυβικά 81,60€','','',NULL);
INSERT INTO "synet_waterconsumption" ("id","serialNumber","customer","date","collecter","counter","finalIndication","initialIndication","intermediateIndication","cubicMeters","billableCubicMeters","hydronomistsCubicMeters","cost","hydronomistsRight","paid","paymentDate","receivedBy","receiptNumber","balance","viberMsg","notes","fields","olivesNumber") VALUES (191,193,'Βερβελάκης Γεώργιος','2024-09-05','Κεντρικό','',550260,549753,549753,507,507,507,152.1,25.35,NULL,NULL,'',NULL,NULL,'Πέμ 05/09/24 Βερβελάκης Γεώργιος 507 κυβικά 152,10€','','',NULL);
INSERT INTO "synet_waterconsumption" ("id","serialNumber","customer","date","collecter","counter","finalIndication","initialIndication","intermediateIndication","cubicMeters","billableCubicMeters","hydronomistsCubicMeters","cost","hydronomistsRight","paid","paymentDate","receivedBy","receiptNumber","balance","viberMsg","notes","fields","olivesNumber") VALUES (192,194,'Κακλαμάνος Ανδρέας','2024-09-06','Κεντρικό','',550377,550260,550260,117,117,117,35.1,5.85,NULL,NULL,'',NULL,NULL,'Παρ 06/09/24 Κακλαμάνος Ανδρέας 117 κυβικά 35,10€','','',NULL);
INSERT INTO "synet_waterconsumption" ("id","serialNumber","customer","date","collecter","counter","finalIndication","initialIndication","intermediateIndication","cubicMeters","billableCubicMeters","hydronomistsCubicMeters","cost","hydronomistsRight","paid","paymentDate","receivedBy","receiptNumber","balance","viberMsg","notes","fields","olivesNumber") VALUES (193,195,'Βερβελάκης Μανώλης','2024-09-07','Κεντρικό','',550541,550377,550377,164,164,164,49.2,8.2,NULL,NULL,'',NULL,NULL,'Σάβ 07/09/24 Βερβελάκης Μανώλης 164 κυβικά 49,20€','','',NULL);
INSERT INTO "synet_waterconsumption" ("id","serialNumber","customer","date","collecter","counter","finalIndication","initialIndication","intermediateIndication","cubicMeters","billableCubicMeters","hydronomistsCubicMeters","cost","hydronomistsRight","paid","paymentDate","receivedBy","receiptNumber","balance","viberMsg","notes","fields","olivesNumber") VALUES (194,196,'Βερβελάκης Μανώλης','2024-09-07','Λούτρα','',16584,16520,16520,64,64,64,19.2,3.2,NULL,NULL,'',NULL,NULL,'Σάβ 07/09/24 Βερβελάκης Μανώλης 64 κυβικά 19,20€','','',NULL);
INSERT INTO "synet_waterconsumption" ("id","serialNumber","customer","date","collecter","counter","finalIndication","initialIndication","intermediateIndication","cubicMeters","billableCubicMeters","hydronomistsCubicMeters","cost","hydronomistsRight","paid","paymentDate","receivedBy","receiptNumber","balance","viberMsg","notes","fields","olivesNumber") VALUES (195,197,'Βαρδάκης Μανώλης Ματθαίου','2024-09-08','Κεντρικό','',550834,550541,550541,293,293,293,87.9,14.65,NULL,NULL,'',NULL,NULL,'Κυρ 08/09/24 Βαρδάκης Μανώλης Ματθαίου 293 κυβικά 87,90€','','',NULL);
INSERT INTO "synet_waterconsumption" ("id","serialNumber","customer","date","collecter","counter","finalIndication","initialIndication","intermediateIndication","cubicMeters","billableCubicMeters","hydronomistsCubicMeters","cost","hydronomistsRight","paid","paymentDate","receivedBy","receiptNumber","balance","viberMsg","notes","fields","olivesNumber") VALUES (196,198,'Χατζοβασιλάκη Μαρία','2024-09-10','Κεντρικό','',551077,550834,550834,243,243,243,72.9,12.15,NULL,NULL,'',NULL,NULL,'Τρί 10/09/24 Χατζοβασιλάκη Μαρία 243 κυβικά 72,90€','','',NULL);
INSERT INTO "synet_waterconsumption" ("id","serialNumber","customer","date","collecter","counter","finalIndication","initialIndication","intermediateIndication","cubicMeters","billableCubicMeters","hydronomistsCubicMeters","cost","hydronomistsRight","paid","paymentDate","receivedBy","receiptNumber","balance","viberMsg","notes","fields","olivesNumber") VALUES (197,199,'Πατιτάκη Γιάννα','2024-09-12','Κεντρικό','',551596,551077,551077,519,519,519,155.7,25.95,NULL,NULL,'',NULL,NULL,'Πέμ 12/09/24 Πατιτάκη Γιάννα 519 κυβικά 155,70€','','',NULL);
INSERT INTO "synet_waterconsumption" ("id","serialNumber","customer","date","collecter","counter","finalIndication","initialIndication","intermediateIndication","cubicMeters","billableCubicMeters","hydronomistsCubicMeters","cost","hydronomistsRight","paid","paymentDate","receivedBy","receiptNumber","balance","viberMsg","notes","fields","olivesNumber") VALUES (198,200,'Ποντικάκης Μανώλης','2024-09-13','Κεντρικό','',551745,551596,551596,149,149,149,44.7,7.45,NULL,NULL,'',NULL,NULL,'Παρ 13/09/24 Ποντικάκης Μανώλης 149 κυβικά 44,70€','','',NULL);
INSERT INTO "synet_waterconsumption" ("id","serialNumber","customer","date","collecter","counter","finalIndication","initialIndication","intermediateIndication","cubicMeters","billableCubicMeters","hydronomistsCubicMeters","cost","hydronomistsRight","paid","paymentDate","receivedBy","receiptNumber","balance","viberMsg","notes","fields","olivesNumber") VALUES (199,201,'Βασιλάκης Ιω. τ. Νικολάου','2024-09-14','Γέφυρα','',2952,2749,2749,203,203,203,60.9,10.15,NULL,NULL,'',NULL,NULL,'Σάβ 14/09/24 Βασιλάκης Ιω. τ. Νικολάου 203 κυβικά 60,90€','','',NULL);
INSERT INTO "synet_waterconsumption" ("id","serialNumber","customer","date","collecter","counter","finalIndication","initialIndication","intermediateIndication","cubicMeters","billableCubicMeters","hydronomistsCubicMeters","cost","hydronomistsRight","paid","paymentDate","receivedBy","receiptNumber","balance","viberMsg","notes","fields","olivesNumber") VALUES (200,202,'Μαργαριτάκης Μανώλης','2024-09-15','Κεντρικό','',551977,551745,551745,232,232,232,69.6,11.6,NULL,NULL,'',NULL,NULL,'Κυρ 15/09/24 Μαργαριτάκης Μανώλης 232 κυβικά 69,60€','','',NULL);
INSERT INTO "synet_waterconsumption" ("id","serialNumber","customer","date","collecter","counter","finalIndication","initialIndication","intermediateIndication","cubicMeters","billableCubicMeters","hydronomistsCubicMeters","cost","hydronomistsRight","paid","paymentDate","receivedBy","receiptNumber","balance","viberMsg","notes","fields","olivesNumber") VALUES (201,203,'Μαργαριτάκης Μανώλης','2024-09-15','Αόρι','',11264,11206,11206,58,58,58,23.2,2.9,NULL,NULL,'',NULL,NULL,'Κυρ 15/09/24 Μαργαριτάκης Μανώλης 58 κυβικά 23,20€','','',NULL);
INSERT INTO "synet_waterconsumption" ("id","serialNumber","customer","date","collecter","counter","finalIndication","initialIndication","intermediateIndication","cubicMeters","billableCubicMeters","hydronomistsCubicMeters","cost","hydronomistsRight","paid","paymentDate","receivedBy","receiptNumber","balance","viberMsg","notes","fields","olivesNumber") VALUES (202,204,'Μαρουλάκης Ιωάννης','2024-09-17','Κεντρικό','',552130,551977,551977,153,153,153,45.9,7.65,NULL,NULL,'',NULL,NULL,'Τρί 17/09/24 Μαρουλάκης Ιωάννης 153 κυβικά 45,90€','','',NULL);
INSERT INTO "synet_waterconsumption" ("id","serialNumber","customer","date","collecter","counter","finalIndication","initialIndication","intermediateIndication","cubicMeters","billableCubicMeters","hydronomistsCubicMeters","cost","hydronomistsRight","paid","paymentDate","receivedBy","receiptNumber","balance","viberMsg","notes","fields","olivesNumber") VALUES (203,205,'Ζώτος Σπύρος','2024-09-18','Κεντρικό','',552363,552130,552130,233,233,233,69.9,11.65,NULL,NULL,'',NULL,NULL,'Τετ 18/09/24 Ζώτος Σπύρος 233 κυβικά 69,90€','','',NULL);
INSERT INTO "synet_waterconsumption" ("id","serialNumber","customer","date","collecter","counter","finalIndication","initialIndication","intermediateIndication","cubicMeters","billableCubicMeters","hydronomistsCubicMeters","cost","hydronomistsRight","paid","paymentDate","receivedBy","receiptNumber","balance","viberMsg","notes","fields","olivesNumber") VALUES (204,206,'Russi Bilal ( Χρήστος)','2024-09-19','Κεντρικό','',552505,552130,552130,375,375,375,112.5,18.75,NULL,NULL,'',NULL,NULL,'Πέμ 19/09/24 Russi Bilal ( Χρήστος) 375 κυβικά 112,50€','','',NULL);
INSERT INTO "synet_waterconsumption" ("id","serialNumber","customer","date","collecter","counter","finalIndication","initialIndication","intermediateIndication","cubicMeters","billableCubicMeters","hydronomistsCubicMeters","cost","hydronomistsRight","paid","paymentDate","receivedBy","receiptNumber","balance","viberMsg","notes","fields","olivesNumber") VALUES (205,207,'Προεστάκη Γλυκερία','2024-09-21','Γέφυρα','',3102,2952,2952,150,150,150,45,7.5,NULL,NULL,'',NULL,NULL,'Σάβ 21/09/24 Προεστάκη Γλυκερία 150 κυβικά 45,00€','','',NULL);
INSERT INTO "synet_waterconsumption" ("id","serialNumber","customer","date","collecter","counter","finalIndication","initialIndication","intermediateIndication","cubicMeters","billableCubicMeters","hydronomistsCubicMeters","cost","hydronomistsRight","paid","paymentDate","receivedBy","receiptNumber","balance","viberMsg","notes","fields","olivesNumber") VALUES (206,208,'Παπαδημητροπούλου Μαρία Θαλασσινός Γιώργος','2024-09-22','Κεντρικό','',552617,552505,552505,112,112,112,33.6,5.6,NULL,NULL,'',NULL,NULL,'Κυρ 22/09/24 Παπαδημητροπούλου Μαρία Θαλασσινός Γιώργος 112 κυβικά 33,60€','','',NULL);
INSERT INTO "synet_waterconsumption" ("id","serialNumber","customer","date","collecter","counter","finalIndication","initialIndication","intermediateIndication","cubicMeters","billableCubicMeters","hydronomistsCubicMeters","cost","hydronomistsRight","paid","paymentDate","receivedBy","receiptNumber","balance","viberMsg","notes","fields","olivesNumber") VALUES (207,209,'Κικάκης Μιχ. τ. Εμμ.','2024-09-24','Κεντρικό','',552782,552617,552617,165,165,165,49.5,8.25,NULL,NULL,'',NULL,NULL,'Τρί 24/09/24 Κικάκης Μιχ. τ. Εμμ. 165 κυβικά 49,50€','','',NULL);
INSERT INTO "synet_waterconsumption" ("id","serialNumber","customer","date","collecter","counter","finalIndication","initialIndication","intermediateIndication","cubicMeters","billableCubicMeters","hydronomistsCubicMeters","cost","hydronomistsRight","paid","paymentDate","receivedBy","receiptNumber","balance","viberMsg","notes","fields","olivesNumber") VALUES (208,210,'Χατζοβασιλάκη Δανάη','2024-09-25','Κεντρικό','',552942,552782,552782,160,160,160,48,8,NULL,NULL,'',NULL,NULL,'Τετ 25/09/24 Χατζοβασιλάκη Δανάη 160 κυβικά 48,00€','','',NULL);
INSERT INTO "synet_waterconsumption" ("id","serialNumber","customer","date","collecter","counter","finalIndication","initialIndication","intermediateIndication","cubicMeters","billableCubicMeters","hydronomistsCubicMeters","cost","hydronomistsRight","paid","paymentDate","receivedBy","receiptNumber","balance","viberMsg","notes","fields","olivesNumber") VALUES (209,211,'Κικάκης Μιχ. τ. Ιωάννου','2024-09-26','Κεντρικό','',553126,552942,552942,184,166,184,49.8,8.3,NULL,NULL,'',NULL,5.4,'Πέμ 26/09/24 Κικάκης Μιχ. τ. Ιωάννου 166 κυβικά 49,80€','','',NULL);
INSERT INTO "synet_waterconsumption" ("id","serialNumber","customer","date","collecter","counter","finalIndication","initialIndication","intermediateIndication","cubicMeters","billableCubicMeters","hydronomistsCubicMeters","cost","hydronomistsRight","paid","paymentDate","receivedBy","receiptNumber","balance","viberMsg","notes","fields","olivesNumber") VALUES (210,212,'Βερβελάκης Γεώργιος','2024-09-28','Κεντρικό','',553221,553126,553126,95,140,95,42,7,NULL,NULL,'',NULL,NULL,'Σάβ 28/09/24 Βερβελάκης Γεώργιος 140 κυβικά 42,00€','','',NULL);
INSERT INTO "synet_waterconsumption" ("id","serialNumber","customer","date","collecter","counter","finalIndication","initialIndication","intermediateIndication","cubicMeters","billableCubicMeters","hydronomistsCubicMeters","cost","hydronomistsRight","paid","paymentDate","receivedBy","receiptNumber","balance","viberMsg","notes","fields","olivesNumber") VALUES (211,213,'Russi Adem( Ανδρέας)','2024-09-29','Κεντρικό','',553261,553221,553221,40,110,40,33,5.5,NULL,NULL,'',NULL,NULL,'Κυρ 29/09/24 Russi Adem( Ανδρέας) 110 κυβικά 33,00€','','',NULL);
INSERT INTO "synet_waterconsumption" ("id","serialNumber","customer","date","collecter","counter","finalIndication","initialIndication","intermediateIndication","cubicMeters","billableCubicMeters","hydronomistsCubicMeters","cost","hydronomistsRight","paid","paymentDate","receivedBy","receiptNumber","balance","viberMsg","notes","fields","olivesNumber") VALUES (212,214,'Βερβελάκης Μανώλης','2024-10-01','Κεντρικό','',10,0,0,10,60,10,18,3,NULL,NULL,'',NULL,NULL,'Τρί 01/10/24 Βερβελάκης Μανώλης 60 κυβικά 18,00€','','',NULL);
INSERT INTO "synet_waterconsumption" ("id","serialNumber","customer","date","collecter","counter","finalIndication","initialIndication","intermediateIndication","cubicMeters","billableCubicMeters","hydronomistsCubicMeters","cost","hydronomistsRight","paid","paymentDate","receivedBy","receiptNumber","balance","viberMsg","notes","fields","olivesNumber") VALUES (213,215,'Βερβελάκης Γεώργιος','2024-10-02','Κεντρικό','',224,10,10,214,214,214,64.2,10.7,NULL,NULL,'',NULL,NULL,'Τετ 02/10/24 Βερβελάκης Γεώργιος 214 κυβικά 64,20€','','',NULL);
INSERT INTO "synet_waterconsumption" ("id","serialNumber","customer","date","collecter","counter","finalIndication","initialIndication","intermediateIndication","cubicMeters","billableCubicMeters","hydronomistsCubicMeters","cost","hydronomistsRight","paid","paymentDate","receivedBy","receiptNumber","balance","viberMsg","notes","fields","olivesNumber") VALUES (214,216,'Βερβελάκης Μανώλης','2024-10-02','Κεντρικό','',267,224,224,43,43,43,12.9,2.15,NULL,NULL,'',NULL,NULL,'Τετ 02/10/24 Βερβελάκης Μανώλης 43 κυβικά 12,90€','','',NULL);
INSERT INTO "synet_waterconsumption" ("id","serialNumber","customer","date","collecter","counter","finalIndication","initialIndication","intermediateIndication","cubicMeters","billableCubicMeters","hydronomistsCubicMeters","cost","hydronomistsRight","paid","paymentDate","receivedBy","receiptNumber","balance","viberMsg","notes","fields","olivesNumber") VALUES (215,217,'Ποντικάκης Μανώλης','2024-10-03','Κεντρικό','',458,267,267,191,191,191,57.3,9.55,NULL,NULL,'',NULL,NULL,'Πέμ 03/10/24 Ποντικάκης Μανώλης 191 κυβικά 57,30€','','',NULL);
INSERT INTO "synet_waterconsumption" ("id","serialNumber","customer","date","collecter","counter","finalIndication","initialIndication","intermediateIndication","cubicMeters","billableCubicMeters","hydronomistsCubicMeters","cost","hydronomistsRight","paid","paymentDate","receivedBy","receiptNumber","balance","viberMsg","notes","fields","olivesNumber") VALUES (216,218,'Βερβελάκης Μανώλης','2024-10-05','Κεντρικό','',647,458,458,189,189,189,56.7,9.45,NULL,NULL,'',NULL,NULL,'Σάβ 05/10/24 Βερβελάκης Μανώλης 189 κυβικά 56,70€','','',NULL);
INSERT INTO "synet_waterconsumption" ("id","serialNumber","customer","date","collecter","counter","finalIndication","initialIndication","intermediateIndication","cubicMeters","billableCubicMeters","hydronomistsCubicMeters","cost","hydronomistsRight","paid","paymentDate","receivedBy","receiptNumber","balance","viberMsg","notes","fields","olivesNumber") VALUES (217,219,'Βερβελάκης Μανώλης','2024-10-05','Λούτρα','',16621,16584,16584,37,37,37,11.1,1.85,NULL,NULL,'',NULL,NULL,'Σάβ 05/10/24 Βερβελάκης Μανώλης 37 κυβικά 11,10€','','',NULL);
INSERT INTO "synet_waterconsumption" ("id","serialNumber","customer","date","collecter","counter","finalIndication","initialIndication","intermediateIndication","cubicMeters","billableCubicMeters","hydronomistsCubicMeters","cost","hydronomistsRight","paid","paymentDate","receivedBy","receiptNumber","balance","viberMsg","notes","fields","olivesNumber") VALUES (218,220,'Τουλουπάκη Άννα','2024-10-06','Κεντρικό','',914,647,647,267,267,267,80.1,13.35,NULL,NULL,'',NULL,NULL,'Κυρ 06/10/24 Τουλουπάκη Άννα 267 κυβικά 80,10€','','',NULL);
INSERT INTO "synet_waterconsumption" ("id","serialNumber","customer","date","collecter","counter","finalIndication","initialIndication","intermediateIndication","cubicMeters","billableCubicMeters","hydronomistsCubicMeters","cost","hydronomistsRight","paid","paymentDate","receivedBy","receiptNumber","balance","viberMsg","notes","fields","olivesNumber") VALUES (219,221,'Παπαδημητρόπουλος Γεώργιος Άγγελου','2024-10-06','Κεντρικό','',950,914,914,36,36,36,10.8,1.8,NULL,NULL,'',NULL,NULL,'Κυρ 06/10/24 Παπαδημητρόπουλος Γεώργιος Άγγελου 36 κυβικά 10,80€','','',NULL);
INSERT INTO "synet_waterconsumption" ("id","serialNumber","customer","date","collecter","counter","finalIndication","initialIndication","intermediateIndication","cubicMeters","billableCubicMeters","hydronomistsCubicMeters","cost","hydronomistsRight","paid","paymentDate","receivedBy","receiptNumber","balance","viberMsg","notes","fields","olivesNumber") VALUES (220,222,'Ποντικάκης Μανώλης','2024-10-07','Κεντρικό','',1088,950,950,138,138,138,41.4,6.9,NULL,NULL,'',NULL,NULL,'Δευ 07/10/24 Ποντικάκης Μανώλης 138 κυβικά 41,40€','','',NULL);
INSERT INTO "synet_waterconsumption" ("id","serialNumber","customer","date","collecter","counter","finalIndication","initialIndication","intermediateIndication","cubicMeters","billableCubicMeters","hydronomistsCubicMeters","cost","hydronomistsRight","paid","paymentDate","receivedBy","receiptNumber","balance","viberMsg","notes","fields","olivesNumber") VALUES (221,223,'Προεστάκη Γλυκερία','2024-10-08','Κεντρικό','',1294,1088,1088,206,206,206,61.8,10.3,NULL,NULL,'',NULL,NULL,'Τρί 08/10/24 Προεστάκη Γλυκερία 206 κυβικά 61,80€','','',NULL);
INSERT INTO "synet_waterconsumption" ("id","serialNumber","customer","date","collecter","counter","finalIndication","initialIndication","intermediateIndication","cubicMeters","billableCubicMeters","hydronomistsCubicMeters","cost","hydronomistsRight","paid","paymentDate","receivedBy","receiptNumber","balance","viberMsg","notes","fields","olivesNumber") VALUES (222,224,'Russi Adem( Ανδρέας)','2024-10-08','Κεντρικό','',1387,1294,1294,93,93,93,27.9,4.65,NULL,NULL,'',NULL,NULL,'Τρί 08/10/24 Russi Adem( Ανδρέας) 93 κυβικά 27,90€','','',NULL);
INSERT INTO "synet_waterconsumption" ("id","serialNumber","customer","date","collecter","counter","finalIndication","initialIndication","intermediateIndication","cubicMeters","billableCubicMeters","hydronomistsCubicMeters","cost","hydronomistsRight","paid","paymentDate","receivedBy","receiptNumber","balance","viberMsg","notes","fields","olivesNumber") VALUES (223,225,'Μαρουλάκης Στέλιος','2024-10-09','Κεντρικό','',1690,1387,1387,303,303,303,90.9,15.15,NULL,NULL,'',NULL,NULL,'Τετ 09/10/24 Μαρουλάκης Στέλιος 303 κυβικά 90,90€','','',NULL);
INSERT INTO "synet_waterconsumption" ("id","serialNumber","customer","date","collecter","counter","finalIndication","initialIndication","intermediateIndication","cubicMeters","billableCubicMeters","hydronomistsCubicMeters","cost","hydronomistsRight","paid","paymentDate","receivedBy","receiptNumber","balance","viberMsg","notes","fields","olivesNumber") VALUES (224,226,'Βαρδάκης Μανώλης Ματθαίου','2024-10-10','Κεντρικό','',2050,1690,1690,360,360,360,108,18,NULL,NULL,'',NULL,NULL,'Πέμ 10/10/24 Βαρδάκης Μανώλης Ματθαίου 360 κυβικά 108,00€','','',NULL);
INSERT INTO "synet_waterconsumption" ("id","serialNumber","customer","date","collecter","counter","finalIndication","initialIndication","intermediateIndication","cubicMeters","billableCubicMeters","hydronomistsCubicMeters","cost","hydronomistsRight","paid","paymentDate","receivedBy","receiptNumber","balance","viberMsg","notes","fields","olivesNumber") VALUES (225,227,'Κακλαμάνος Ανδρέας','2024-10-11','Κεντρικό','',2180,2050,2050,130,130,130,39,6.5,NULL,NULL,'',NULL,NULL,'Παρ 11/10/24 Κακλαμάνος Ανδρέας 130 κυβικά 39,00€','','',NULL);
INSERT INTO "synet_waterconsumption" ("id","serialNumber","customer","date","collecter","counter","finalIndication","initialIndication","intermediateIndication","cubicMeters","billableCubicMeters","hydronomistsCubicMeters","cost","hydronomistsRight","paid","paymentDate","receivedBy","receiptNumber","balance","viberMsg","notes","fields","olivesNumber") VALUES (226,228,'Βερβελάκης Μανώλης','2024-10-12','Κεντρικό','',2443,2180,2180,263,263,263,78.9,13.15,NULL,NULL,'',NULL,NULL,'Σάβ 12/10/24 Βερβελάκης Μανώλης 263 κυβικά 78,90€','','',NULL);
INSERT INTO "synet_waterconsumption" ("id","serialNumber","customer","date","collecter","counter","finalIndication","initialIndication","intermediateIndication","cubicMeters","billableCubicMeters","hydronomistsCubicMeters","cost","hydronomistsRight","paid","paymentDate","receivedBy","receiptNumber","balance","viberMsg","notes","fields","olivesNumber") VALUES (227,229,'Βερβελάκης Γεώργιος','2024-10-12','Κεντρικό','',2566,2443,2443,123,123,123,36.9,6.15,NULL,NULL,'',NULL,NULL,'Σάβ 12/10/24 Βερβελάκης Γεώργιος 123 κυβικά 36,90€','','',NULL);
INSERT INTO "synet_waterconsumption" ("id","serialNumber","customer","date","collecter","counter","finalIndication","initialIndication","intermediateIndication","cubicMeters","billableCubicMeters","hydronomistsCubicMeters","cost","hydronomistsRight","paid","paymentDate","receivedBy","receiptNumber","balance","viberMsg","notes","fields","olivesNumber") VALUES (228,230,'Κικάκης Μιχ. τ. Εμμ.','2024-10-13','Κεντρικό','',2843,2566,2566,277,277,277,83.1,13.85,NULL,NULL,'',NULL,NULL,'Κυρ 13/10/24 Κικάκης Μιχ. τ. Εμμ. 277 κυβικά 83,10€','','',NULL);
INSERT INTO "synet_waterconsumption" ("id","serialNumber","customer","date","collecter","counter","finalIndication","initialIndication","intermediateIndication","cubicMeters","billableCubicMeters","hydronomistsCubicMeters","cost","hydronomistsRight","paid","paymentDate","receivedBy","receiptNumber","balance","viberMsg","notes","fields","olivesNumber") VALUES (229,231,'Ζώτος Σπύρος','2024-10-14','Κεντρικό','',2983,2843,2843,140,140,140,42,7,NULL,NULL,'',NULL,NULL,'Δευ 14/10/24 Ζώτος Σπύρος 140 κυβικά 42,00€','','',NULL);
INSERT INTO "synet_waterconsumption" ("id","serialNumber","customer","date","collecter","counter","finalIndication","initialIndication","intermediateIndication","cubicMeters","billableCubicMeters","hydronomistsCubicMeters","cost","hydronomistsRight","paid","paymentDate","receivedBy","receiptNumber","balance","viberMsg","notes","fields","olivesNumber") VALUES (230,232,'Ρεστιβάκη Γεωργία Παπαδημητρόπουλος Χαρίδημος','2024-10-15','Αόρι','',11554,11264,11264,290,290,290,116,14.5,NULL,NULL,'',NULL,NULL,'Τρί 15/10/24 Ρεστιβάκη Γεωργία Παπαδημητρόπουλος Χαρίδημος 290 κυβικά 116,00€','','',NULL);
INSERT INTO "synet_waterconsumption" ("id","serialNumber","customer","date","collecter","counter","finalIndication","initialIndication","intermediateIndication","cubicMeters","billableCubicMeters","hydronomistsCubicMeters","cost","hydronomistsRight","paid","paymentDate","receivedBy","receiptNumber","balance","viberMsg","notes","fields","olivesNumber") VALUES (231,233,'Russi Adem( Ανδρέας)','2024-10-16','Κεντρικό','',3133,2983,2983,150,150,150,45,7.5,NULL,NULL,'',NULL,NULL,'Τετ 16/10/24 Russi Adem( Ανδρέας) 150 κυβικά 45,00€','','',NULL);
INSERT INTO "synet_waterconsumption" ("id","serialNumber","customer","date","collecter","counter","finalIndication","initialIndication","intermediateIndication","cubicMeters","billableCubicMeters","hydronomistsCubicMeters","cost","hydronomistsRight","paid","paymentDate","receivedBy","receiptNumber","balance","viberMsg","notes","fields","olivesNumber") VALUES (232,234,'Russi Bilal ( Χρήστος)','2024-10-16','Κεντρικό','',3204,3133,3133,71,71,71,21.3,3.55,NULL,NULL,'',NULL,NULL,'Τετ 16/10/24 Russi Bilal ( Χρήστος) 71 κυβικά 21,30€','','',NULL);
INSERT INTO "synet_waterconsumption" ("id","serialNumber","customer","date","collecter","counter","finalIndication","initialIndication","intermediateIndication","cubicMeters","billableCubicMeters","hydronomistsCubicMeters","cost","hydronomistsRight","paid","paymentDate","receivedBy","receiptNumber","balance","viberMsg","notes","fields","olivesNumber") VALUES (233,235,'Μαργαριτάκης Μανώλης','2024-10-16','Κεντρικό','',3301,3204,3204,97,97,97,29.1,4.85,NULL,NULL,'',NULL,NULL,'Τετ 16/10/24 Μαργαριτάκης Μανώλης 97 κυβικά 29,10€','','',NULL);
INSERT INTO "synet_waterconsumption" ("id","serialNumber","customer","date","collecter","counter","finalIndication","initialIndication","intermediateIndication","cubicMeters","billableCubicMeters","hydronomistsCubicMeters","cost","hydronomistsRight","paid","paymentDate","receivedBy","receiptNumber","balance","viberMsg","notes","fields","olivesNumber") VALUES (234,236,'Ρεστιβάκη Γεωργία Παπαδημητρόπουλος Χαρίδημος','2024-10-17','Κεντρικό','',3586,3301,3301,285,285,285,85.5,14.25,NULL,NULL,'',NULL,NULL,'Πέμ 17/10/24 Ρεστιβάκη Γεωργία Παπαδημητρόπουλος Χαρίδημος 285 κυβικά 85,50€','','',NULL);
INSERT INTO "synet_waterconsumption" ("id","serialNumber","customer","date","collecter","counter","finalIndication","initialIndication","intermediateIndication","cubicMeters","billableCubicMeters","hydronomistsCubicMeters","cost","hydronomistsRight","paid","paymentDate","receivedBy","receiptNumber","balance","viberMsg","notes","fields","olivesNumber") VALUES (235,237,'Μαρουλάκης Ιωάννης','2024-10-18','Κεντρικό','',3781,3586,3586,195,195,195,58.5,9.75,NULL,NULL,'',NULL,NULL,'Παρ 18/10/24 Μαρουλάκης Ιωάννης 195 κυβικά 58,50€','','',NULL);
INSERT INTO "synet_waterconsumption" ("id","serialNumber","customer","date","collecter","counter","finalIndication","initialIndication","intermediateIndication","cubicMeters","billableCubicMeters","hydronomistsCubicMeters","cost","hydronomistsRight","paid","paymentDate","receivedBy","receiptNumber","balance","viberMsg","notes","fields","olivesNumber") VALUES (236,238,'Πατιτάκης Μανώλης','2024-10-19','Κεντρικό','',4259,3781,3781,478,478,478,143.4,23.9,NULL,NULL,'',NULL,NULL,'Σάβ 19/10/24 Πατιτάκης Μανώλης 478 κυβικά 143,40€','','',NULL);
INSERT INTO "synet_waterconsumption" ("id","serialNumber","customer","date","collecter","counter","finalIndication","initialIndication","intermediateIndication","cubicMeters","billableCubicMeters","hydronomistsCubicMeters","cost","hydronomistsRight","paid","paymentDate","receivedBy","receiptNumber","balance","viberMsg","notes","fields","olivesNumber") VALUES (237,239,'Παπαδημητροπούλου Μαρία Θαλασσινός Γιώργος','2024-10-20','Κεντρικό','',4430,4259,4259,171,171,171,51.3,8.55,NULL,NULL,'',NULL,NULL,'Κυρ 20/10/24 Παπαδημητροπούλου Μαρία Θαλασσινός Γιώργος 171 κυβικά 51,30€','','',NULL);
INSERT INTO "synet_waterconsumption" ("id","serialNumber","customer","date","collecter","counter","finalIndication","initialIndication","intermediateIndication","cubicMeters","billableCubicMeters","hydronomistsCubicMeters","cost","hydronomistsRight","paid","paymentDate","receivedBy","receiptNumber","balance","viberMsg","notes","fields","olivesNumber") VALUES (238,240,'Πατιτάκη Γιάννα','2024-10-20','Κεντρικό','',4580,4430,4430,150,150,150,45,7.5,NULL,NULL,'',NULL,NULL,'Κυρ 20/10/24 Πατιτάκη Γιάννα 150 κυβικά 45,00€','','',NULL);
INSERT INTO "synet_waterconsumption" ("id","serialNumber","customer","date","collecter","counter","finalIndication","initialIndication","intermediateIndication","cubicMeters","billableCubicMeters","hydronomistsCubicMeters","cost","hydronomistsRight","paid","paymentDate","receivedBy","receiptNumber","balance","viberMsg","notes","fields","olivesNumber") VALUES (239,241,'Ζώτος Σπύρος','2024-10-21','Κεντρικό','',4690,4580,4580,110,110,110,33,5.5,NULL,NULL,'',NULL,NULL,'Δευ 21/10/24 Ζώτος Σπύρος 110 κυβικά 33,00€','','',NULL);
INSERT INTO "synet_waterconsumption" ("id","serialNumber","customer","date","collecter","counter","finalIndication","initialIndication","intermediateIndication","cubicMeters","billableCubicMeters","hydronomistsCubicMeters","cost","hydronomistsRight","paid","paymentDate","receivedBy","receiptNumber","balance","viberMsg","notes","fields","olivesNumber") VALUES (240,242,'Ποντικάκης Μανώλης','2024-10-22','Κεντρικό','',4924,4690,4690,234,234,234,70.2,11.7,NULL,NULL,'',NULL,NULL,'Τρί 22/10/24 Ποντικάκης Μανώλης 234 κυβικά 70,20€','','',NULL);
INSERT INTO "synet_waterconsumption" ("id","serialNumber","customer","date","collecter","counter","finalIndication","initialIndication","intermediateIndication","cubicMeters","billableCubicMeters","hydronomistsCubicMeters","cost","hydronomistsRight","paid","paymentDate","receivedBy","receiptNumber","balance","viberMsg","notes","fields","olivesNumber") VALUES (241,243,'Ζώτος Σπύρος','2024-10-22','Κεντρικό','',5092,4924,4924,168,168,168,50.4,8.4,NULL,NULL,'',NULL,NULL,'Τρί 22/10/24 Ζώτος Σπύρος 168 κυβικά 50,40€','','',NULL);
INSERT INTO "synet_waterconsumption" ("id","serialNumber","customer","date","collecter","counter","finalIndication","initialIndication","intermediateIndication","cubicMeters","billableCubicMeters","hydronomistsCubicMeters","cost","hydronomistsRight","paid","paymentDate","receivedBy","receiptNumber","balance","viberMsg","notes","fields","olivesNumber") VALUES (242,244,'Παπαδημητροπούλου Μαρία Νικηφόρου','2024-10-23','Κεντρικό','',5463,5092,5092,371,371,371,111.3,18.55,NULL,NULL,'',NULL,NULL,'Τετ 23/10/24 Παπαδημητροπούλου Μαρία Νικηφόρου 371 κυβικά 111,30€','','',NULL);
INSERT INTO "synet_waterconsumption" ("id","serialNumber","customer","date","collecter","counter","finalIndication","initialIndication","intermediateIndication","cubicMeters","billableCubicMeters","hydronomistsCubicMeters","cost","hydronomistsRight","paid","paymentDate","receivedBy","receiptNumber","balance","viberMsg","notes","fields","olivesNumber") VALUES (243,245,'Βαρδάκης Μανώλης Ματθαίου','2024-10-24','Κεντρικό','',5813,5463,5463,350,350,350,105,17.5,NULL,NULL,'',NULL,NULL,'Πέμ 24/10/24 Βαρδάκης Μανώλης Ματθαίου 350 κυβικά 105,00€','','',NULL);
INSERT INTO "synet_waterconsumption" ("id","serialNumber","customer","date","collecter","counter","finalIndication","initialIndication","intermediateIndication","cubicMeters","billableCubicMeters","hydronomistsCubicMeters","cost","hydronomistsRight","paid","paymentDate","receivedBy","receiptNumber","balance","viberMsg","notes","fields","olivesNumber") VALUES (244,246,'Προεστάκη Γλυκερία','2024-10-25','Γέφυρα','',3228,3102,3102,126,126,126,37.8,6.3,NULL,NULL,'',NULL,NULL,'Παρ 25/10/24 Προεστάκη Γλυκερία 126 κυβικά 37,80€','','',NULL);
INSERT INTO "synet_waterconsumption" ("id","serialNumber","customer","date","collecter","counter","finalIndication","initialIndication","intermediateIndication","cubicMeters","billableCubicMeters","hydronomistsCubicMeters","cost","hydronomistsRight","paid","paymentDate","receivedBy","receiptNumber","balance","viberMsg","notes","fields","olivesNumber") VALUES (245,247,'Βερβελάκης Γεώργιος','2024-10-26','Κεντρικό','',6143,5813,5813,330,330,330,99,16.5,NULL,NULL,'',NULL,NULL,'Σάβ 26/10/24 Βερβελάκης Γεώργιος 330 κυβικά 99,00€','','',NULL);
INSERT INTO "synet_waterconsumption" ("id","serialNumber","customer","date","collecter","counter","finalIndication","initialIndication","intermediateIndication","cubicMeters","billableCubicMeters","hydronomistsCubicMeters","cost","hydronomistsRight","paid","paymentDate","receivedBy","receiptNumber","balance","viberMsg","notes","fields","olivesNumber") VALUES (246,248,'Κικάκης Μιχ. τ. Εμμ.','2024-10-27','Κεντρικό','',6415,6143,6143,272,272,272,81.6,13.6,NULL,NULL,'',NULL,NULL,'Κυρ 27/10/24 Κικάκης Μιχ. τ. Εμμ. 272 κυβικά 81,60€','','',NULL);
INSERT INTO "synet_waterconsumption" ("id","serialNumber","customer","date","collecter","counter","finalIndication","initialIndication","intermediateIndication","cubicMeters","billableCubicMeters","hydronomistsCubicMeters","cost","hydronomistsRight","paid","paymentDate","receivedBy","receiptNumber","balance","viberMsg","notes","fields","olivesNumber") VALUES (247,249,'Plakut Nikos','2024-10-27','Κεντρικό','',6538,6415,6415,123,123,123,49.2,6.15,NULL,NULL,'',NULL,NULL,'Κυρ 27/10/24 Plakut Nikos 123 κυβικά 49,20€','','',NULL);
INSERT INTO "synet_waterconsumption" ("id","serialNumber","customer","date","collecter","counter","finalIndication","initialIndication","intermediateIndication","cubicMeters","billableCubicMeters","hydronomistsCubicMeters","cost","hydronomistsRight","paid","paymentDate","receivedBy","receiptNumber","balance","viberMsg","notes","fields","olivesNumber") VALUES (248,250,'Χατζοβασιλάκη Δανάη','2024-10-29','Κεντρικό','',6733,6538,6538,195,195,195,58.5,9.75,NULL,NULL,'',NULL,NULL,'Τρί 29/10/24 Χατζοβασιλάκη Δανάη 195 κυβικά 58,50€','','',NULL);
INSERT INTO "synet_waterconsumption" ("id","serialNumber","customer","date","collecter","counter","finalIndication","initialIndication","intermediateIndication","cubicMeters","billableCubicMeters","hydronomistsCubicMeters","cost","hydronomistsRight","paid","paymentDate","receivedBy","receiptNumber","balance","viberMsg","notes","fields","olivesNumber") VALUES (249,251,'Russi Bilal ( Χρήστος)','2024-10-30','Κεντρικό','',7093,6733,6733,360,360,360,108,18,NULL,NULL,'',NULL,NULL,'Τετ 30/10/24 Russi Bilal ( Χρήστος) 360 κυβικά 108,00€','','',NULL);
INSERT INTO "synet_waterconsumption" ("id","serialNumber","customer","date","collecter","counter","finalIndication","initialIndication","intermediateIndication","cubicMeters","billableCubicMeters","hydronomistsCubicMeters","cost","hydronomistsRight","paid","paymentDate","receivedBy","receiptNumber","balance","viberMsg","notes","fields","olivesNumber") VALUES (250,252,'Βασιλάκης Ιω. τ. Νικολάου','2024-10-31','Γέφυρα','',3392,3228,3228,164,164,164,49.2,8.2,NULL,NULL,'',NULL,NULL,'Πέμ 31/10/24 Βασιλάκης Ιω. τ. Νικολάου 164 κυβικά 49,20€','','',NULL);
INSERT INTO "synet_waterconsumption" ("id","serialNumber","customer","date","collecter","counter","finalIndication","initialIndication","intermediateIndication","cubicMeters","billableCubicMeters","hydronomistsCubicMeters","cost","hydronomistsRight","paid","paymentDate","receivedBy","receiptNumber","balance","viberMsg","notes","fields","olivesNumber") VALUES (251,253,'Βερβελάκης Γεώργιος','2024-11-02','Γέφυρα','',3482,3392,3392,90,90,90,27,4.5,NULL,NULL,'',NULL,NULL,'Σάβ 02/11/24 Βερβελάκης Γεώργιος 90 κυβικά 27,00€','','',NULL);
INSERT INTO "synet_waterconsumption" ("id","serialNumber","customer","date","collecter","counter","finalIndication","initialIndication","intermediateIndication","cubicMeters","billableCubicMeters","hydronomistsCubicMeters","cost","hydronomistsRight","paid","paymentDate","receivedBy","receiptNumber","balance","viberMsg","notes","fields","olivesNumber") VALUES (252,254,'Βερβελάκης Γεώργιος','2024-11-02','Κεντρικό','',7389,7093,7093,296,296,296,88.8,14.8,NULL,NULL,'',NULL,NULL,'Σάβ 02/11/24 Βερβελάκης Γεώργιος 296 κυβικά 88,80€','','',NULL);
INSERT INTO "synet_waterconsumption" ("id","serialNumber","customer","date","collecter","counter","finalIndication","initialIndication","intermediateIndication","cubicMeters","billableCubicMeters","hydronomistsCubicMeters","cost","hydronomistsRight","paid","paymentDate","receivedBy","receiptNumber","balance","viberMsg","notes","fields","olivesNumber") VALUES (253,255,'Ρεστιβάκη Γεωργία Παπαδημητρόπουλος Χαρίδημος','2024-11-03','Αόρι','',11833,11554,11554,279,279,279,111.6,13.95,NULL,NULL,'',NULL,NULL,'Κυρ 03/11/24 Ρεστιβάκη Γεωργία Παπαδημητρόπουλος Χαρίδημος 279 κυβικά 111,60€','','',NULL);
INSERT INTO "synet_waterconsumption" ("id","serialNumber","customer","date","collecter","counter","finalIndication","initialIndication","intermediateIndication","cubicMeters","billableCubicMeters","hydronomistsCubicMeters","cost","hydronomistsRight","paid","paymentDate","receivedBy","receiptNumber","balance","viberMsg","notes","fields","olivesNumber") VALUES (254,256,'Βερβελάκης Μανώλης','2024-11-04','Λούτρα','',16697,16621,16621,76,76,76,22.8,3.8,NULL,NULL,'',NULL,NULL,'Δευ 04/11/24 Βερβελάκης Μανώλης 76 κυβικά 22,80€','','',NULL);
INSERT INTO "synet_waterconsumption" ("id","serialNumber","customer","date","collecter","counter","finalIndication","initialIndication","intermediateIndication","cubicMeters","billableCubicMeters","hydronomistsCubicMeters","cost","hydronomistsRight","paid","paymentDate","receivedBy","receiptNumber","balance","viberMsg","notes","fields","olivesNumber") VALUES (255,257,'Ποντικάκης Μανώλης','2024-11-05','Κεντρικό','',7657,7389,7389,268,268,268,80.4,13.4,NULL,NULL,'',NULL,NULL,'Τρί 05/11/24 Ποντικάκης Μανώλης 268 κυβικά 80,40€','','',NULL);
INSERT INTO "synet_waterconsumption" ("id","serialNumber","customer","date","collecter","counter","finalIndication","initialIndication","intermediateIndication","cubicMeters","billableCubicMeters","hydronomistsCubicMeters","cost","hydronomistsRight","paid","paymentDate","receivedBy","receiptNumber","balance","viberMsg","notes","fields","olivesNumber") VALUES (256,258,'Τουλουπάκη Άννα','2024-11-06','Κεντρικό','',7912,7657,7657,255,255,255,76.5,12.75,NULL,NULL,'',NULL,NULL,'Τετ 06/11/24 Τουλουπάκη Άννα 255 κυβικά 76,50€','','',NULL);
INSERT INTO "synet_waterconsumption" ("id","serialNumber","customer","date","collecter","counter","finalIndication","initialIndication","intermediateIndication","cubicMeters","billableCubicMeters","hydronomistsCubicMeters","cost","hydronomistsRight","paid","paymentDate","receivedBy","receiptNumber","balance","viberMsg","notes","fields","olivesNumber") VALUES (257,259,'Ρεστιβάκη Γεωργία Παπαδημητρόπουλος Χαρίδημος','2024-11-07','Αόρι','',11977,11833,11833,144,144,144,57.6,7.2,NULL,NULL,'',NULL,NULL,'Πέμ 07/11/24 Ρεστιβάκη Γεωργία Παπαδημητρόπουλος Χαρίδημος 144 κυβικά 57,60€','','',NULL);
INSERT INTO "synet_waterconsumption" ("id","serialNumber","customer","date","collecter","counter","finalIndication","initialIndication","intermediateIndication","cubicMeters","billableCubicMeters","hydronomistsCubicMeters","cost","hydronomistsRight","paid","paymentDate","receivedBy","receiptNumber","balance","viberMsg","notes","fields","olivesNumber") VALUES (258,260,'Ρεστιβάκη Γεωργία Παπαδημητρόπουλος Χαρίδημος','2024-11-07','Κεντρικό','',8040,7912,7912,128,128,128,38.4,6.4,NULL,NULL,'',NULL,NULL,'Πέμ 07/11/24 Ρεστιβάκη Γεωργία Παπαδημητρόπουλος Χαρίδημος 128 κυβικά 38,40€','','',NULL);
INSERT INTO "synet_waterconsumption" ("id","serialNumber","customer","date","collecter","counter","finalIndication","initialIndication","intermediateIndication","cubicMeters","billableCubicMeters","hydronomistsCubicMeters","cost","hydronomistsRight","paid","paymentDate","receivedBy","receiptNumber","balance","viberMsg","notes","fields","olivesNumber") VALUES (259,261,'Ζώτος Σπύρος','2024-11-08','Κεντρικό','',8175,8040,8040,135,135,135,40.5,6.75,NULL,NULL,'',NULL,NULL,'Παρ 08/11/24 Ζώτος Σπύρος 135 κυβικά 40,50€','','',NULL);
INSERT INTO "synet_waterconsumption" ("id","serialNumber","customer","date","collecter","counter","finalIndication","initialIndication","intermediateIndication","cubicMeters","billableCubicMeters","hydronomistsCubicMeters","cost","hydronomistsRight","paid","paymentDate","receivedBy","receiptNumber","balance","viberMsg","notes","fields","olivesNumber") VALUES (260,262,'Προεστάκη Γλυκερία','2024-11-09','Κεντρικό','',8310,8175,8175,135,135,135,40.5,6.75,NULL,NULL,'',NULL,NULL,'Σάβ 09/11/24 Προεστάκη Γλυκερία 135 κυβικά 40,50€','','',NULL);
INSERT INTO "synet_waterconsumption" ("id","serialNumber","customer","date","collecter","counter","finalIndication","initialIndication","intermediateIndication","cubicMeters","billableCubicMeters","hydronomistsCubicMeters","cost","hydronomistsRight","paid","paymentDate","receivedBy","receiptNumber","balance","viberMsg","notes","fields","olivesNumber") VALUES (261,263,'Βερβελάκης Μανώλης','2024-11-10','Κεντρικό','',8620,8310,8310,310,310,310,93,15.5,NULL,NULL,'',NULL,NULL,'Κυρ 10/11/24 Βερβελάκης Μανώλης 310 κυβικά 93,00€','','',NULL);
INSERT INTO "synet_waterconsumption" ("id","serialNumber","customer","date","collecter","counter","finalIndication","initialIndication","intermediateIndication","cubicMeters","billableCubicMeters","hydronomistsCubicMeters","cost","hydronomistsRight","paid","paymentDate","receivedBy","receiptNumber","balance","viberMsg","notes","fields","olivesNumber") VALUES (262,264,'Κικάκης Μιχ. τ. Εμμ.','2024-11-12','Κεντρικό','',8840,8620,8620,220,220,220,66,11,NULL,NULL,'',NULL,NULL,'Τρί 12/11/24 Κικάκης Μιχ. τ. Εμμ. 220 κυβικά 66,00€','','',NULL);
INSERT INTO "synet_waterconsumption" ("id","serialNumber","customer","date","collecter","counter","finalIndication","initialIndication","intermediateIndication","cubicMeters","billableCubicMeters","hydronomistsCubicMeters","cost","hydronomistsRight","paid","paymentDate","receivedBy","receiptNumber","balance","viberMsg","notes","fields","olivesNumber") VALUES (263,265,'Παπαδημητροπούλου Μαρία Νικηφόρου','2024-11-13','Κεντρικό','',9167,8840,8840,327,327,327,98.1,16.35,NULL,NULL,'',NULL,NULL,'Τετ 13/11/24 Παπαδημητροπούλου Μαρία Νικηφόρου 327 κυβικά 98,10€','','',NULL);
INSERT INTO "synet_waterconsumption" ("id","serialNumber","customer","date","collecter","counter","finalIndication","initialIndication","intermediateIndication","cubicMeters","billableCubicMeters","hydronomistsCubicMeters","cost","hydronomistsRight","paid","paymentDate","receivedBy","receiptNumber","balance","viberMsg","notes","fields","olivesNumber") VALUES (264,266,'Μαργαριτάκης Μανώλης','2024-11-14','Κεντρικό','',9373,9167,9167,206,206,206,61.8,10.3,NULL,NULL,'',NULL,NULL,'Πέμ 14/11/24 Μαργαριτάκης Μανώλης 206 κυβικά 61,80€','','',NULL);
INSERT INTO "synet_waterconsumption" ("id","serialNumber","customer","date","collecter","counter","finalIndication","initialIndication","intermediateIndication","cubicMeters","billableCubicMeters","hydronomistsCubicMeters","cost","hydronomistsRight","paid","paymentDate","receivedBy","receiptNumber","balance","viberMsg","notes","fields","olivesNumber") VALUES (265,267,'Μαργαριτάκης Μανώλης','2024-11-14','Αόρι','',12059,11977,11977,82,82,82,32.8,4.1,NULL,NULL,'',NULL,NULL,'Πέμ 14/11/24 Μαργαριτάκης Μανώλης 82 κυβικά 32,80€','','',NULL);
INSERT INTO "synet_waterconsumption" ("id","serialNumber","customer","date","collecter","counter","finalIndication","initialIndication","intermediateIndication","cubicMeters","billableCubicMeters","hydronomistsCubicMeters","cost","hydronomistsRight","paid","paymentDate","receivedBy","receiptNumber","balance","viberMsg","notes","fields","olivesNumber") VALUES (266,268,'Αλεξάκης Μανώλης','2024-11-15','Λούτρα','',16741,16697,16697,44,44,44,13.2,2.2,NULL,NULL,'',NULL,NULL,'Παρ 15/11/24 Αλεξάκης Μανώλης 44 κυβικά 13,20€','','',NULL);
INSERT INTO "synet_waterconsumption" ("id","serialNumber","customer","date","collecter","counter","finalIndication","initialIndication","intermediateIndication","cubicMeters","billableCubicMeters","hydronomistsCubicMeters","cost","hydronomistsRight","paid","paymentDate","receivedBy","receiptNumber","balance","viberMsg","notes","fields","olivesNumber") VALUES (267,269,'Παπαδημητροπούλου Μαρία Θαλασσινός Γιώργος','2024-11-16','Κεντρικό','',9485,9373,9373,112,112,112,33.6,5.6,NULL,NULL,'',NULL,NULL,'Σάβ 16/11/24 Παπαδημητροπούλου Μαρία Θαλασσινός Γιώργος 112 κυβικά 33,60€','','',NULL);
INSERT INTO "synet_waterconsumption" ("id","serialNumber","customer","date","collecter","counter","finalIndication","initialIndication","intermediateIndication","cubicMeters","billableCubicMeters","hydronomistsCubicMeters","cost","hydronomistsRight","paid","paymentDate","receivedBy","receiptNumber","balance","viberMsg","notes","fields","olivesNumber") VALUES (268,270,'Ρεστιβάκη Γεωργία Παπαδημητρόπουλος Χαρίδημος','2024-11-17','Κεντρικό','',9618,9485,9485,133,133,133,39.9,6.65,NULL,NULL,'',NULL,NULL,'Κυρ 17/11/24 Ρεστιβάκη Γεωργία Παπαδημητρόπουλος Χαρίδημος 133 κυβικά 39,90€','','',NULL);
INSERT INTO "synet_waterconsumption" ("id","serialNumber","customer","date","collecter","counter","finalIndication","initialIndication","intermediateIndication","cubicMeters","billableCubicMeters","hydronomistsCubicMeters","cost","hydronomistsRight","paid","paymentDate","receivedBy","receiptNumber","balance","viberMsg","notes","fields","olivesNumber") VALUES (269,271,'Ρεστιβάκη Γεωργία Παπαδημητρόπουλος Χαρίδημος','2024-11-17','Αόρι','',12159,12059,12059,100,100,100,40,5,NULL,NULL,'',NULL,NULL,'Κυρ 17/11/24 Ρεστιβάκη Γεωργία Παπαδημητρόπουλος Χαρίδημος 100 κυβικά 40,00€','','',NULL);
INSERT INTO "synet_waterconsumption" ("id","serialNumber","customer","date","collecter","counter","finalIndication","initialIndication","intermediateIndication","cubicMeters","billableCubicMeters","hydronomistsCubicMeters","cost","hydronomistsRight","paid","paymentDate","receivedBy","receiptNumber","balance","viberMsg","notes","fields","olivesNumber") VALUES (270,272,'Μαρουλάκης Στέλιος','2024-11-19','Κεντρικό','',9883,9618,9618,265,265,265,79.5,13.25,NULL,NULL,'',NULL,NULL,'Τρί 19/11/24 Μαρουλάκης Στέλιος 265 κυβικά 79,50€','','',NULL);
INSERT INTO "synet_waterconsumption" ("id","serialNumber","customer","date","collecter","counter","finalIndication","initialIndication","intermediateIndication","cubicMeters","billableCubicMeters","hydronomistsCubicMeters","cost","hydronomistsRight","paid","paymentDate","receivedBy","receiptNumber","balance","viberMsg","notes","fields","olivesNumber") VALUES (271,273,'Ρεστιβάκη Γεωργία Παπαδημητρόπουλος Χαρίδημος','2024-11-20','Αόρι','',12277,12159,12159,118,118,118,47.2,5.9,NULL,NULL,'',NULL,NULL,'Τετ 20/11/24 Ρεστιβάκη Γεωργία Παπαδημητρόπουλος Χαρίδημος 118 κυβικά 47,20€','','',NULL);
INSERT INTO "synet_waterconsumption" ("id","serialNumber","customer","date","collecter","counter","finalIndication","initialIndication","intermediateIndication","cubicMeters","billableCubicMeters","hydronomistsCubicMeters","cost","hydronomistsRight","paid","paymentDate","receivedBy","receiptNumber","balance","viberMsg","notes","fields","olivesNumber") VALUES (272,274,'Ρεστιβάκη Γεωργία Παπαδημητρόπουλος Χαρίδημος','2024-11-20','Κεντρικό','',10044,9883,9883,161,161,161,48.3,8.05,NULL,NULL,'',NULL,NULL,'Τετ 20/11/24 Ρεστιβάκη Γεωργία Παπαδημητρόπουλος Χαρίδημος Μετρητής: Κεντρικό  10044-9883=161 κυβικά 48,30€','','',NULL);
INSERT INTO "synet_waterconsumption" ("id","serialNumber","customer","date","collecter","counter","finalIndication","initialIndication","intermediateIndication","cubicMeters","billableCubicMeters","hydronomistsCubicMeters","cost","hydronomistsRight","paid","paymentDate","receivedBy","receiptNumber","balance","viberMsg","notes","fields","olivesNumber") VALUES (273,275,'Μαρουλάκης Ιωάννης','2024-11-21','Κεντρικό','',10129,10044,10044,85,85,85,25.5,4.25,NULL,NULL,'',NULL,NULL,'Πέμ 21/11/24 Μαρουλάκης Ιωάννης Μετρητής: Κεντρικό  10129-10044=85 κυβικά 25,50€','','',NULL);
INSERT INTO "synet_waterconsumption" ("id","serialNumber","customer","date","collecter","counter","finalIndication","initialIndication","intermediateIndication","cubicMeters","billableCubicMeters","hydronomistsCubicMeters","cost","hydronomistsRight","paid","paymentDate","receivedBy","receiptNumber","balance","viberMsg","notes","fields","olivesNumber") VALUES (274,276,'Παπαδημητροπούλου Μαρία Νικηφόρου','2024-12-01','Γέφυρα','',3779,3482,3482,297,297,297,89.1,14.85,NULL,NULL,'',NULL,NULL,'Κυρ 01/12/24 Παπαδημητροπούλου Μαρία Νικηφόρου Μετρητής: Γέφυρα  3779-3482=297 κυβικά 89,10€','','',NULL);
INSERT INTO "synet_waterconsumption" ("id","serialNumber","customer","date","collecter","counter","finalIndication","initialIndication","intermediateIndication","cubicMeters","billableCubicMeters","hydronomistsCubicMeters","cost","hydronomistsRight","paid","paymentDate","receivedBy","receiptNumber","balance","viberMsg","notes","fields","olivesNumber") VALUES (275,277,'Βερβελάκη Άννα','2024-12-06','Παπ1','004229ca/99',19769,19268,19387,501,501,382,150.3,19.1,NULL,NULL,'',NULL,NULL,'Παρ 06/12/24 Βερβελάκη Άννα Μετρητής: Παπ1 004229ca/99 19769-19268=501 κυβικά 150,30€','','',NULL);
INSERT INTO "synet_waterconsumption" ("id","serialNumber","customer","date","collecter","counter","finalIndication","initialIndication","intermediateIndication","cubicMeters","billableCubicMeters","hydronomistsCubicMeters","cost","hydronomistsRight","paid","paymentDate","receivedBy","receiptNumber","balance","viberMsg","notes","fields","olivesNumber") VALUES (276,278,'Βερβελάκης Γεώργιος','2024-12-06','Μηλ8','FD001619-07',2558,2274,2369,284,284,189,85.2,9.45,NULL,NULL,'',NULL,NULL,'Παρ 06/12/24 Βερβελάκης Γεώργιος Μετρητής: Μηλ8 FD001619-07 2558-2274=284 κυβικά 85,20€','','',NULL);
INSERT INTO "synet_waterconsumption" ("id","serialNumber","customer","date","collecter","counter","finalIndication","initialIndication","intermediateIndication","cubicMeters","billableCubicMeters","hydronomistsCubicMeters","cost","hydronomistsRight","paid","paymentDate","receivedBy","receiptNumber","balance","viberMsg","notes","fields","olivesNumber") VALUES (277,279,'Γρυσμπολάκης Δημήτρης','2024-12-06','Γεφ15','Fd001444-05',1312,1023,1173,289,289,139,86.7,6.95,NULL,NULL,'',NULL,NULL,'Παρ 06/12/24 Γρυσμπολάκης Δημήτρης Μετρητής: Γεφ15 Fd001444-05 1312-1023=289 κυβικά 86,70€','','',NULL);
INSERT INTO "synet_waterconsumption" ("id","serialNumber","customer","date","collecter","counter","finalIndication","initialIndication","intermediateIndication","cubicMeters","billableCubicMeters","hydronomistsCubicMeters","cost","hydronomistsRight","paid","paymentDate","receivedBy","receiptNumber","balance","viberMsg","notes","fields","olivesNumber") VALUES (278,280,'Ζώτος Σπύρος','2024-12-06','Δεξ1Β','004242CA/99',229,0,0,229,229,229,68.7,11.45,NULL,NULL,'',NULL,NULL,'Παρ 06/12/24 Ζώτος Σπύρος Μετρητής: Δεξ1Β 004242CA/99 229-0=229 κυβικά 68,70€','','',NULL);
INSERT INTO "synet_waterconsumption" ("id","serialNumber","customer","date","collecter","counter","finalIndication","initialIndication","intermediateIndication","cubicMeters","billableCubicMeters","hydronomistsCubicMeters","cost","hydronomistsRight","paid","paymentDate","receivedBy","receiptNumber","balance","viberMsg","notes","fields","olivesNumber") VALUES (279,281,'Ζώτος Σπύρος','2024-12-06','Δεξ3','1532010239',929,847,848,82,82,81,24.6,4.05,NULL,NULL,'',NULL,NULL,'Παρ 06/12/24 Ζώτος Σπύρος Μετρητής: Δεξ3 1532010239 929-847=82 κυβικά 24,60€','','',NULL);
INSERT INTO "synet_waterconsumption" ("id","serialNumber","customer","date","collecter","counter","finalIndication","initialIndication","intermediateIndication","cubicMeters","billableCubicMeters","hydronomistsCubicMeters","cost","hydronomistsRight","paid","paymentDate","receivedBy","receiptNumber","balance","viberMsg","notes","fields","olivesNumber") VALUES (280,282,'Ζώτος Σπύρος','2024-12-06','Μηλ1','005303CA/99',651,138,263,513,513,388,153.9,19.4,NULL,NULL,'',NULL,NULL,'Παρ 06/12/24 Ζώτος Σπύρος Μετρητής: Μηλ1 005303CA/99 651-138=513 κυβικά 153,90€','','',NULL);
INSERT INTO "synet_waterconsumption" ("id","serialNumber","customer","date","collecter","counter","finalIndication","initialIndication","intermediateIndication","cubicMeters","billableCubicMeters","hydronomistsCubicMeters","cost","hydronomistsRight","paid","paymentDate","receivedBy","receiptNumber","balance","viberMsg","notes","fields","olivesNumber") VALUES (281,283,'Κικάκης Μιχ. τ. Εμμ.','2024-12-06','Γεφ20','004308ca/99',6842,6420,6500,422,422,342,126.6,17.1,NULL,NULL,'',NULL,NULL,'Παρ 06/12/24 Κικάκης Μιχ. τ. Εμμ. Μετρητής: Γεφ20 004308ca/99 6842-6420=422 κυβικά 126,60€','','',NULL);
INSERT INTO "synet_waterconsumption" ("id","serialNumber","customer","date","collecter","counter","finalIndication","initialIndication","intermediateIndication","cubicMeters","billableCubicMeters","hydronomistsCubicMeters","cost","hydronomistsRight","paid","paymentDate","receivedBy","receiptNumber","balance","viberMsg","notes","fields","olivesNumber") VALUES (282,284,'Μαργαριτάκη Κατινούλα','2024-12-06','Μηλ2','006599CA/98',212,0,38,212,212,174,84.8,8.7,NULL,NULL,'',NULL,NULL,'Παρ 06/12/24 Μαργαριτάκη Κατινούλα Μετρητής: Μηλ2 006599CA/98 212-0=212 κυβικά 84,80€','','',NULL);
INSERT INTO "synet_waterconsumption" ("id","serialNumber","customer","date","collecter","counter","finalIndication","initialIndication","intermediateIndication","cubicMeters","billableCubicMeters","hydronomistsCubicMeters","cost","hydronomistsRight","paid","paymentDate","receivedBy","receiptNumber","balance","viberMsg","notes","fields","olivesNumber") VALUES (283,285,'Μαργαριτάκης Μανώλης','2024-12-06','Δεξ1','2032010305',1300,1267,1267,33,33,33,9.9,1.65,NULL,NULL,'',NULL,NULL,'Παρ 06/12/24 Μαργαριτάκης Μανώλης Μετρητής: Δεξ1 2032010305 1300-1267=33 κυβικά 9,90€','','',NULL);
INSERT INTO "synet_waterconsumption" ("id","serialNumber","customer","date","collecter","counter","finalIndication","initialIndication","intermediateIndication","cubicMeters","billableCubicMeters","hydronomistsCubicMeters","cost","hydronomistsRight","paid","paymentDate","receivedBy","receiptNumber","balance","viberMsg","notes","fields","olivesNumber") VALUES (284,286,'Μαρουλάκης Ιωάννης','2024-12-06','Γεφ2','924803',2172,2022,2074,150,150,98,45,4.9,NULL,NULL,'',NULL,NULL,'Παρ 06/12/24 Μαρουλάκης Ιωάννης Μετρητής: Γεφ2 924803 2172-2022=150 κυβικά 45,00€','','',NULL);
INSERT INTO "synet_waterconsumption" ("id","serialNumber","customer","date","collecter","counter","finalIndication","initialIndication","intermediateIndication","cubicMeters","billableCubicMeters","hydronomistsCubicMeters","cost","hydronomistsRight","paid","paymentDate","receivedBy","receiptNumber","balance","viberMsg","notes","fields","olivesNumber") VALUES (285,287,'Μαρουλάκης Νικήτας','2024-12-06','Μηλ7','1933003191',1806,1528,1566,278,278,240,83.4,12,NULL,NULL,'',NULL,NULL,'Παρ 06/12/24 Μαρουλάκης Νικήτας Μετρητής: Μηλ7 1933003191 1806-1528=278 κυβικά 83,40€','','',NULL);
INSERT INTO "synet_waterconsumption" ("id","serialNumber","customer","date","collecter","counter","finalIndication","initialIndication","intermediateIndication","cubicMeters","billableCubicMeters","hydronomistsCubicMeters","cost","hydronomistsRight","paid","paymentDate","receivedBy","receiptNumber","balance","viberMsg","notes","fields","olivesNumber") VALUES (286,288,'Μαρουλάκης Νικήτας','2024-12-06','Τσ4','FC003280-08',8747,8735,8735,12,12,12,3.6,0.6,NULL,NULL,'',NULL,NULL,'Παρ 06/12/24 Μαρουλάκης Νικήτας Μετρητής: Τσ4 FC003280-08 8747-8735=12 κυβικά 3,60€','','',NULL);
INSERT INTO "synet_waterconsumption" ("id","serialNumber","customer","date","collecter","counter","finalIndication","initialIndication","intermediateIndication","cubicMeters","billableCubicMeters","hydronomistsCubicMeters","cost","hydronomistsRight","paid","paymentDate","receivedBy","receiptNumber","balance","viberMsg","notes","fields","olivesNumber") VALUES (287,289,'Μαρουλάκης Στέλιος','2024-12-06','Γεφ12','004306ca/99',424,391,395,33,33,29,9.9,1.45,NULL,NULL,'',NULL,NULL,'Παρ 06/12/24 Μαρουλάκης Στέλιος Μετρητής: Γεφ12 004306ca/99 424-391=33 κυβικά 9,90€','','',NULL);
INSERT INTO "synet_waterconsumption" ("id","serialNumber","customer","date","collecter","counter","finalIndication","initialIndication","intermediateIndication","cubicMeters","billableCubicMeters","hydronomistsCubicMeters","cost","hydronomistsRight","paid","paymentDate","receivedBy","receiptNumber","balance","viberMsg","notes","fields","olivesNumber") VALUES (288,290,'Μπετεινάκης Κωστής','2024-12-06','Δεξ4Α','FC000764-06',1765,1553,1577,212,212,188,63.6,9.4,NULL,NULL,'',NULL,NULL,'Παρ 06/12/24 Μπετεινάκης Κωστής Μετρητής: Δεξ4Α FC000764-06 1765-1553=212 κυβικά 63,60€','','',NULL);
INSERT INTO "synet_waterconsumption" ("id","serialNumber","customer","date","collecter","counter","finalIndication","initialIndication","intermediateIndication","cubicMeters","billableCubicMeters","hydronomistsCubicMeters","cost","hydronomistsRight","paid","paymentDate","receivedBy","receiptNumber","balance","viberMsg","notes","fields","olivesNumber") VALUES (289,291,'Μπρότσικας Κώστας','2024-12-06','Τσ16','536096',3348,3250,3250,98,98,98,29.4,4.9,NULL,NULL,'',NULL,NULL,'Παρ 06/12/24 Μπρότσικας Κώστας Μετρητής: Τσ16 536096 3348-3250=98 κυβικά 29,40€','','',NULL);
INSERT INTO "synet_waterconsumption" ("id","serialNumber","customer","date","collecter","counter","finalIndication","initialIndication","intermediateIndication","cubicMeters","billableCubicMeters","hydronomistsCubicMeters","cost","hydronomistsRight","paid","paymentDate","receivedBy","receiptNumber","balance","viberMsg","notes","fields","olivesNumber") VALUES (290,292,'Παπαδημητρόπουλος Μάνθος','2024-12-06','Δεξ1Α','7082411',759,544,584,215,215,175,64.5,8.75,NULL,NULL,'',NULL,NULL,'Παρ 06/12/24 Παπαδημητρόπουλος Μάνθος Μετρητής: Δεξ1Α 7082411 759-544=215 κυβικά 64,50€','','',NULL);
INSERT INTO "synet_waterconsumption" ("id","serialNumber","customer","date","collecter","counter","finalIndication","initialIndication","intermediateIndication","cubicMeters","billableCubicMeters","hydronomistsCubicMeters","cost","hydronomistsRight","paid","paymentDate","receivedBy","receiptNumber","balance","viberMsg","notes","fields","olivesNumber") VALUES (291,293,'Παπαδημητροπούλου Καίτη','2024-12-06','Τσ1','004135CA/99',9404,9128,9128,276,276,276,82.8,13.8,NULL,NULL,'',NULL,NULL,'Παρ 06/12/24 Παπαδημητροπούλου Καίτη Μετρητής: Τσ1 004135CA/99 9404-9128=276 κυβικά 82,80€','','',NULL);
INSERT INTO "synet_waterconsumption" ("id","serialNumber","customer","date","collecter","counter","finalIndication","initialIndication","intermediateIndication","cubicMeters","billableCubicMeters","hydronomistsCubicMeters","cost","hydronomistsRight","paid","paymentDate","receivedBy","receiptNumber","balance","viberMsg","notes","fields","olivesNumber") VALUES (292,294,'Παπαδημητροπούλου Κιούση Ερωφίλη','2024-12-06','Δεξ4','1532007166',791,697,713,94,94,78,28.2,3.9,NULL,NULL,'',NULL,NULL,'Παρ 06/12/24 Παπαδημητροπούλου Κιούση Ερωφίλη Μετρητής: Δεξ4 1532007166 791-697=94 κυβικά 28,20€','','',NULL);
INSERT INTO "synet_waterconsumption" ("id","serialNumber","customer","date","collecter","counter","finalIndication","initialIndication","intermediateIndication","cubicMeters","billableCubicMeters","hydronomistsCubicMeters","cost","hydronomistsRight","paid","paymentDate","receivedBy","receiptNumber","balance","viberMsg","notes","fields","olivesNumber") VALUES (293,295,'Παπαδημητροπούλου Μαρία Θαλασσινός Γιώργος','2024-12-06','Γεφ18','1295-2-528',5045,5040,5040,5,5,5,1.5,0.25,NULL,NULL,'',NULL,NULL,'Παρ 06/12/24 Παπαδημητροπούλου Μαρία Θαλασσινός Γιώργος Μετρητής: Γεφ18 1295-2-528 5045-5040=5 κυβικά 1,50€','','',NULL);
INSERT INTO "synet_waterconsumption" ("id","serialNumber","customer","date","collecter","counter","finalIndication","initialIndication","intermediateIndication","cubicMeters","billableCubicMeters","hydronomistsCubicMeters","cost","hydronomistsRight","paid","paymentDate","receivedBy","receiptNumber","balance","viberMsg","notes","fields","olivesNumber") VALUES (294,296,'Πατεραντωνάκη Ευαγγελία','2024-12-06','Μηλ9','1832012272
παλιό

νέο',340,305,317,35,35,23,14,1.15,NULL,NULL,'',NULL,NULL,'Παρ 06/12/24 Πατεραντωνάκη Ευαγγελία Μετρητής: Μηλ9 1832012272
παλιό

νέο 340-305=35 κυβικά 14,00€','','',NULL);
INSERT INTO "synet_waterconsumption" ("id","serialNumber","customer","date","collecter","counter","finalIndication","initialIndication","intermediateIndication","cubicMeters","billableCubicMeters","hydronomistsCubicMeters","cost","hydronomistsRight","paid","paymentDate","receivedBy","receiptNumber","balance","viberMsg","notes","fields","olivesNumber") VALUES (295,297,'Πατεραντωνάκη Μαρία','2024-12-06','Μηλ3','16 025968',668,529,589,139,139,79,55.6,3.95,NULL,NULL,'',NULL,NULL,'Παρ 06/12/24 Πατεραντωνάκη Μαρία Μετρητής: Μηλ3 16 025968 668-529=139 κυβικά 55,60€','','',NULL);
INSERT INTO "synet_waterconsumption" ("id","serialNumber","customer","date","collecter","counter","finalIndication","initialIndication","intermediateIndication","cubicMeters","billableCubicMeters","hydronomistsCubicMeters","cost","hydronomistsRight","paid","paymentDate","receivedBy","receiptNumber","balance","viberMsg","notes","fields","olivesNumber") VALUES (296,298,'Πατιτάκης Γεώργιος Δημητρίου','2024-12-06','Τσ12','090559BA/95',890,692,692,198,198,198,59.4,9.9,NULL,NULL,'',NULL,NULL,'Παρ 06/12/24 Πατιτάκης Γεώργιος Δημητρίου Μετρητής: Τσ12 090559BA/95 890-692=198 κυβικά 59,40€','','',NULL);
INSERT INTO "synet_waterconsumption" ("id","serialNumber","customer","date","collecter","counter","finalIndication","initialIndication","intermediateIndication","cubicMeters","billableCubicMeters","hydronomistsCubicMeters","cost","hydronomistsRight","paid","paymentDate","receivedBy","receiptNumber","balance","viberMsg","notes","fields","olivesNumber") VALUES (297,299,'Προεστάκη Γλυκερία','2024-12-06','Παπ12','7082650',1524,1257,1372,267,267,152,80.1,7.6,NULL,NULL,'',NULL,NULL,'Παρ 06/12/24 Προεστάκη Γλυκερία Μετρητής: Παπ12 7082650 1524-1257=267 κυβικά 80,10€','','',NULL);
INSERT INTO "synet_waterconsumption" ("id","serialNumber","customer","date","collecter","counter","finalIndication","initialIndication","intermediateIndication","cubicMeters","billableCubicMeters","hydronomistsCubicMeters","cost","hydronomistsRight","paid","paymentDate","receivedBy","receiptNumber","balance","viberMsg","notes","fields","olivesNumber") VALUES (298,300,'Σελί Κατερίνα','2024-12-06','Δεξ5Α','2132002569',393,98,202,295,295,191,118,9.55,NULL,NULL,'',NULL,NULL,'Παρ 06/12/24 Σελί Κατερίνα Μετρητής: Δεξ5Α 2132002569 393-98=295 κυβικά 118,00€','','',NULL);
INSERT INTO "synet_waterconsumption" ("id","serialNumber","customer","date","collecter","counter","finalIndication","initialIndication","intermediateIndication","cubicMeters","billableCubicMeters","hydronomistsCubicMeters","cost","hydronomistsRight","paid","paymentDate","receivedBy","receiptNumber","balance","viberMsg","notes","fields","olivesNumber") VALUES (299,301,'Σηφάκη Μαρία','2024-12-06','Γεφ16','1994-ce002848',2446,2371,2429,75,75,17,22.5,0.85,NULL,NULL,'',NULL,NULL,'Παρ 06/12/24 Σηφάκη Μαρία Μετρητής: Γεφ16 1994-ce002848 2446-2371=75 κυβικά 22,50€','','',NULL);
INSERT INTO "synet_waterconsumption" ("id","serialNumber","customer","date","collecter","counter","finalIndication","initialIndication","intermediateIndication","cubicMeters","billableCubicMeters","hydronomistsCubicMeters","cost","hydronomistsRight","paid","paymentDate","receivedBy","receiptNumber","balance","viberMsg","notes","fields","olivesNumber") VALUES (300,302,'Σηφάκη Μαρία','2024-12-06','Μηλ4','002587ca/99',133,107,116,26,26,17,7.8,0.85,NULL,NULL,'',NULL,NULL,'Παρ 06/12/24 Σηφάκη Μαρία Μετρητής: Μηλ4 002587ca/99 133-107=26 κυβικά 7,80€','','',NULL);
INSERT INTO "synet_waterconsumption" ("id","serialNumber","customer","date","collecter","counter","finalIndication","initialIndication","intermediateIndication","cubicMeters","billableCubicMeters","hydronomistsCubicMeters","cost","hydronomistsRight","paid","paymentDate","receivedBy","receiptNumber","balance","viberMsg","notes","fields","olivesNumber") VALUES (301,303,'Σηφάκη Μαρία','2024-12-06','Παπ10','004230ca/99',26259,25965,26033,294,294,226,88.2,11.3,NULL,NULL,'',NULL,NULL,'Παρ 06/12/24 Σηφάκη Μαρία Μετρητής: Παπ10 004230ca/99 26259-25965=294 κυβικά 88,20€','','',NULL);
INSERT INTO "synet_waterconsumption" ("id","serialNumber","customer","date","collecter","counter","finalIndication","initialIndication","intermediateIndication","cubicMeters","billableCubicMeters","hydronomistsCubicMeters","cost","hydronomistsRight","paid","paymentDate","receivedBy","receiptNumber","balance","viberMsg","notes","fields","olivesNumber") VALUES (302,304,'Στεφανάκης Μιχάλης','2024-12-06','Γεφ17','44952170',687,576,609,111,111,78,33.3,3.9,NULL,NULL,'',NULL,NULL,'Παρ 06/12/24 Στεφανάκης Μιχάλης Μετρητής: Γεφ17 44952170 687-576=111 κυβικά 33,30€','','',NULL);
INSERT INTO "synet_waterconsumption" ("id","serialNumber","customer","date","collecter","counter","finalIndication","initialIndication","intermediateIndication","cubicMeters","billableCubicMeters","hydronomistsCubicMeters","cost","hydronomistsRight","paid","paymentDate","receivedBy","receiptNumber","balance","viberMsg","notes","fields","olivesNumber") VALUES (303,305,'Στεφανάκης Μιχάλης','2024-12-06','Γεφ19','12-023779',1643,1344,1452,299,299,191,89.7,9.55,NULL,NULL,'',NULL,NULL,'Παρ 06/12/24 Στεφανάκης Μιχάλης Μετρητής: Γεφ19 12-023779 1643-1344=299 κυβικά 89,70€','','',NULL);
INSERT INTO "synet_waterconsumption" ("id","serialNumber","customer","date","collecter","counter","finalIndication","initialIndication","intermediateIndication","cubicMeters","billableCubicMeters","hydronomistsCubicMeters","cost","hydronomistsRight","paid","paymentDate","receivedBy","receiptNumber","balance","viberMsg","notes","fields","olivesNumber") VALUES (304,306,'Τσαγκαράκη Χαρούλα','2024-12-06','Τσ10','093241CA/95',5478,5368,5368,110,110,110,33,5.5,NULL,NULL,'',NULL,NULL,'Παρ 06/12/24 Τσαγκαράκη Χαρούλα Μετρητής: Τσ10 093241CA/95 5478-5368=110 κυβικά 33,00€','','',NULL);
INSERT INTO "synet_waterconsumption" ("id","serialNumber","customer","date","collecter","counter","finalIndication","initialIndication","intermediateIndication","cubicMeters","billableCubicMeters","hydronomistsCubicMeters","cost","hydronomistsRight","paid","paymentDate","receivedBy","receiptNumber","balance","viberMsg","notes","fields","olivesNumber") VALUES (305,307,'Χατζονικολάκης Δημήτριος Γεωργίου','2024-12-06','Δεξ2','16 018269',3444,3078,3148,366,366,296,109.8,14.8,NULL,NULL,'',NULL,NULL,'Παρ 06/12/24 Χατζονικολάκης Δημήτριος Γεωργίου Μετρητής: Δεξ2 16 018269 3444-3078=366 κυβικά 109,80€','','',NULL);
INSERT INTO "synet_paid" ("id","paid","paymentDate","receiptNumber","balance","irrigation_id","receiver_id") VALUES (1,182.1,'2024-04-03',NULL,NULL,5,1);
INSERT INTO "synet_paid" ("id","paid","paymentDate","receiptNumber","balance","irrigation_id","receiver_id") VALUES (2,161.7,'2024-05-01',NULL,NULL,39,1);
INSERT INTO "synet_receiver" ("id","receiver") VALUES (1,'Τσαγκαράκη Χαρούλα');
INSERT INTO "synet_receiver" ("id","receiver") VALUES (2,'Βερβελάκη Άννα');
INSERT INTO "synet_counter" ("id","collecter","counter","customer_id") VALUES (1,'1Κεντρικό','',54);
INSERT INTO "synet_counter" ("id","collecter","counter","customer_id") VALUES (2,'2Γέφυρα','',54);
INSERT INTO "synet_counter" ("id","collecter","counter","customer_id") VALUES (3,'3Λούτρα','',54);
INSERT INTO "synet_counter" ("id","collecter","counter","customer_id") VALUES (4,'4Αόρι','',54);
INSERT INTO "synet_counter" ("id","collecter","counter","customer_id") VALUES (5,'Παπ01','004229ca/99',10);
INSERT INTO "synet_counter" ("id","collecter","counter","customer_id") VALUES (6,'Μηλ8','FD001619-07',5);
INSERT INTO "synet_counter" ("id","collecter","counter","customer_id") VALUES (7,'Γεφ15','Fd001444-05',12);
INSERT INTO "synet_counter" ("id","collecter","counter","customer_id") VALUES (8,'Δεξ1Β','004242CA/99',6);
INSERT INTO "synet_counter" ("id","collecter","counter","customer_id") VALUES (9,'Δεξ3','1532010239',6);
INSERT INTO "synet_counter" ("id","collecter","counter","customer_id") VALUES (10,'Μηλ1','005303CA/99',6);
INSERT INTO "synet_counter" ("id","collecter","counter","customer_id") VALUES (11,'Γεφ20','004308ca/99',28);
INSERT INTO "synet_counter" ("id","collecter","counter","customer_id") VALUES (12,'Μηλ2','006599CA/98',43);
INSERT INTO "synet_counter" ("id","collecter","counter","customer_id") VALUES (13,'Δεξ1','2032010305',23);
INSERT INTO "synet_counter" ("id","collecter","counter","customer_id") VALUES (14,'Γεφ02','924803',3);
INSERT INTO "synet_counter" ("id","collecter","counter","customer_id") VALUES (15,'Μηλ7','1933003191',44);
INSERT INTO "synet_counter" ("id","collecter","counter","customer_id") VALUES (16,'Τσ04','FC003280-08',44);
INSERT INTO "synet_counter" ("id","collecter","counter","customer_id") VALUES (17,'Γεφ12','004306ca/99',14);
INSERT INTO "synet_counter" ("id","collecter","counter","customer_id") VALUES (18,'Δεξ4Α','FC000794-06',38);
INSERT INTO "synet_counter" ("id","collecter","counter","customer_id") VALUES (19,'Τσ16','536096',32);
INSERT INTO "synet_counter" ("id","collecter","counter","customer_id") VALUES (20,'Δεξ1Α','7082411',45);
INSERT INTO "synet_counter" ("id","collecter","counter","customer_id") VALUES (21,'Τσ01','004135CA/99',15);
INSERT INTO "synet_counter" ("id","collecter","counter","customer_id") VALUES (22,'Δεξ4','1532007166',46);
INSERT INTO "synet_counter" ("id","collecter","counter","customer_id") VALUES (23,'Γεφ18','1295-2-528',4);
INSERT INTO "synet_counter" ("id","collecter","counter","customer_id") VALUES (24,'Μηλ9','1832012272παλιόνέο',47);
INSERT INTO "synet_counter" ("id","collecter","counter","customer_id") VALUES (25,'Μηλ3','16 025968',48);
INSERT INTO "synet_counter" ("id","collecter","counter","customer_id") VALUES (26,'Τσ12','090559BA/95',49);
INSERT INTO "synet_counter" ("id","collecter","counter","customer_id") VALUES (27,'Παπ12','7082650',21);
INSERT INTO "synet_counter" ("id","collecter","counter","customer_id") VALUES (28,'Δεξ5Α','2132002569',50);
INSERT INTO "synet_counter" ("id","collecter","counter","customer_id") VALUES (29,'Γεφ16','1994-ce002848',39);
INSERT INTO "synet_counter" ("id","collecter","counter","customer_id") VALUES (30,'Μηλ4','002587ca/99',39);
INSERT INTO "synet_counter" ("id","collecter","counter","customer_id") VALUES (31,'Παπ10','004230ca/99',39);
INSERT INTO "synet_counter" ("id","collecter","counter","customer_id") VALUES (32,'Γεφ17','44952170',51);
INSERT INTO "synet_counter" ("id","collecter","counter","customer_id") VALUES (33,'Γεφ19','12-023779',51);
INSERT INTO "synet_counter" ("id","collecter","counter","customer_id") VALUES (34,'Τσ10','093241CA/95',52);
INSERT INTO "synet_counter" ("id","collecter","counter","customer_id") VALUES (35,'Δεξ2','16 018269',53);
INSERT INTO "synet_field" ("id","field","olivesNumber","customer_id") VALUES (1,'',NULL,1);
INSERT INTO "synet_field" ("id","field","olivesNumber","customer_id") VALUES (2,'',NULL,2);
INSERT INTO "synet_field" ("id","field","olivesNumber","customer_id") VALUES (3,'',NULL,3);
INSERT INTO "synet_field" ("id","field","olivesNumber","customer_id") VALUES (4,'',NULL,4);
INSERT INTO "synet_field" ("id","field","olivesNumber","customer_id") VALUES (5,'',NULL,5);
INSERT INTO "synet_field" ("id","field","olivesNumber","customer_id") VALUES (6,'',NULL,6);
INSERT INTO "synet_field" ("id","field","olivesNumber","customer_id") VALUES (7,'',NULL,7);
INSERT INTO "synet_field" ("id","field","olivesNumber","customer_id") VALUES (8,'',NULL,8);
INSERT INTO "synet_field" ("id","field","olivesNumber","customer_id") VALUES (9,'',NULL,9);
INSERT INTO "synet_field" ("id","field","olivesNumber","customer_id") VALUES (10,'',NULL,10);
INSERT INTO "synet_field" ("id","field","olivesNumber","customer_id") VALUES (11,'',NULL,11);
INSERT INTO "synet_field" ("id","field","olivesNumber","customer_id") VALUES (12,'',NULL,12);
INSERT INTO "synet_field" ("id","field","olivesNumber","customer_id") VALUES (13,'',NULL,13);
INSERT INTO "synet_field" ("id","field","olivesNumber","customer_id") VALUES (14,'',NULL,14);
INSERT INTO "synet_field" ("id","field","olivesNumber","customer_id") VALUES (15,'',NULL,15);
INSERT INTO "synet_field" ("id","field","olivesNumber","customer_id") VALUES (16,'',NULL,16);
INSERT INTO "synet_field" ("id","field","olivesNumber","customer_id") VALUES (17,'',NULL,17);
INSERT INTO "synet_field" ("id","field","olivesNumber","customer_id") VALUES (18,'Αργουλίδα',NULL,6);
INSERT INTO "synet_field" ("id","field","olivesNumber","customer_id") VALUES (19,'Σπίθοι',300,1);
INSERT INTO "synet_field" ("id","field","olivesNumber","customer_id") VALUES (20,'Γριάς Πλάγια',300,8);
INSERT INTO "synet_field" ("id","field","olivesNumber","customer_id") VALUES (21,'Πετσοκόλι',130,18);
INSERT INTO "synet_field" ("id","field","olivesNumber","customer_id") VALUES (22,'Ηρώ',350,2);
INSERT INTO "synet_field" ("id","field","olivesNumber","customer_id") VALUES (23,'Σοφοκλή',150,19);
INSERT INTO "synet_field" ("id","field","olivesNumber","customer_id") VALUES (24,'Λούτρα',100,20);
INSERT INTO "synet_field" ("id","field","olivesNumber","customer_id") VALUES (25,'',NULL,21);
INSERT INTO "synet_field" ("id","field","olivesNumber","customer_id") VALUES (26,'',NULL,22);
INSERT INTO "synet_field" ("id","field","olivesNumber","customer_id") VALUES (27,'Κεφάλα',160,4);
INSERT INTO "synet_field" ("id","field","olivesNumber","customer_id") VALUES (28,'Σμαϊλη',NULL,15);
INSERT INTO "synet_field" ("id","field","olivesNumber","customer_id") VALUES (29,'Κεφάλα-Κόρνια',500,23);
INSERT INTO "synet_field" ("id","field","olivesNumber","customer_id") VALUES (30,'Καμπιά',400,20);
INSERT INTO "synet_field" ("id","field","olivesNumber","customer_id") VALUES (31,'',100,23);
INSERT INTO "synet_field" ("id","field","olivesNumber","customer_id") VALUES (32,'Κομάτα',160,16);
INSERT INTO "synet_field" ("id","field","olivesNumber","customer_id") VALUES (33,'Κουφωτός',200,8);
INSERT INTO "synet_field" ("id","field","olivesNumber","customer_id") VALUES (34,'Χαμετιανά',NULL,15);
INSERT INTO "synet_field" ("id","field","olivesNumber","customer_id") VALUES (35,'Συνοικισμός',NULL,20);
INSERT INTO "synet_field" ("id","field","olivesNumber","customer_id") VALUES (36,'Συνοικισμός',NULL,21);
INSERT INTO "synet_field" ("id","field","olivesNumber","customer_id") VALUES (37,'',390,3);
INSERT INTO "synet_field" ("id","field","olivesNumber","customer_id") VALUES (38,'Χατζ. Αργουλίδα',100,6);
INSERT INTO "synet_field" ("id","field","olivesNumber","customer_id") VALUES (39,'Κεφάλα',300,7);
INSERT INTO "synet_field" ("id","field","olivesNumber","customer_id") VALUES (40,'Αντωνία',NULL,6);
INSERT INTO "synet_field" ("id","field","olivesNumber","customer_id") VALUES (41,'Συνοικισμός',80,24);
INSERT INTO "synet_field" ("id","field","olivesNumber","customer_id") VALUES (42,'Αργουλίδα',NULL,10);
INSERT INTO "synet_field" ("id","field","olivesNumber","customer_id") VALUES (43,'Πετσοκόλι',NULL,14);
INSERT INTO "synet_field" ("id","field","olivesNumber","customer_id") VALUES (44,'Κατσικαντάρι',NULL,10);
INSERT INTO "synet_field" ("id","field","olivesNumber","customer_id") VALUES (45,'Τσιγαράς',NULL,1);
INSERT INTO "synet_field" ("id","field","olivesNumber","customer_id") VALUES (46,'',NULL,23);
INSERT INTO "synet_field" ("id","field","olivesNumber","customer_id") VALUES (47,'',NULL,25);
INSERT INTO "synet_field" ("id","field","olivesNumber","customer_id") VALUES (48,'Περδικόσελο',NULL,14);
INSERT INTO "synet_field" ("id","field","olivesNumber","customer_id") VALUES (49,'Περδικόσελο-Γεώτρηση',NULL,14);
INSERT INTO "synet_field" ("id","field","olivesNumber","customer_id") VALUES (50,'Αμυγδαλές',NULL,10);
INSERT INTO "synet_field" ("id","field","olivesNumber","customer_id") VALUES (51,'Λούτρα',NULL,10);
INSERT INTO "synet_field" ("id","field","olivesNumber","customer_id") VALUES (52,'Χαμετιανά',NULL,26);
INSERT INTO "synet_field" ("id","field","olivesNumber","customer_id") VALUES (53,'',NULL,27);
INSERT INTO "synet_field" ("id","field","olivesNumber","customer_id") VALUES (54,'',NULL,28);
INSERT INTO "synet_field" ("id","field","olivesNumber","customer_id") VALUES (55,'',NULL,20);
INSERT INTO "synet_field" ("id","field","olivesNumber","customer_id") VALUES (56,'',NULL,29);
INSERT INTO "synet_field" ("id","field","olivesNumber","customer_id") VALUES (57,'',NULL,30);
INSERT INTO "synet_field" ("id","field","olivesNumber","customer_id") VALUES (58,'',NULL,26);
INSERT INTO "synet_field" ("id","field","olivesNumber","customer_id") VALUES (59,'',NULL,19);
INSERT INTO "synet_field" ("id","field","olivesNumber","customer_id") VALUES (60,'',NULL,31);
INSERT INTO "synet_field" ("id","field","olivesNumber","customer_id") VALUES (61,'',NULL,32);
INSERT INTO "synet_field" ("id","field","olivesNumber","customer_id") VALUES (62,'',NULL,24);
INSERT INTO "synet_field" ("id","field","olivesNumber","customer_id") VALUES (63,'',NULL,33);
INSERT INTO "synet_field" ("id","field","olivesNumber","customer_id") VALUES (64,'',NULL,34);
INSERT INTO "synet_field" ("id","field","olivesNumber","customer_id") VALUES (65,'',NULL,35);
INSERT INTO "synet_field" ("id","field","olivesNumber","customer_id") VALUES (66,'',NULL,36);
INSERT INTO "synet_field" ("id","field","olivesNumber","customer_id") VALUES (67,'',NULL,37);
INSERT INTO "synet_field" ("id","field","olivesNumber","customer_id") VALUES (68,'',NULL,38);
INSERT INTO "synet_field" ("id","field","olivesNumber","customer_id") VALUES (69,'',NULL,39);
INSERT INTO "synet_field" ("id","field","olivesNumber","customer_id") VALUES (70,'',NULL,40);
INSERT INTO "synet_field" ("id","field","olivesNumber","customer_id") VALUES (71,'',NULL,41);
INSERT INTO "synet_field" ("id","field","olivesNumber","customer_id") VALUES (72,'',NULL,42);
INSERT INTO "synet_field" ("id","field","olivesNumber","customer_id") VALUES (73,'',NULL,43);
INSERT INTO "synet_field" ("id","field","olivesNumber","customer_id") VALUES (74,'',NULL,44);
INSERT INTO "synet_field" ("id","field","olivesNumber","customer_id") VALUES (75,'',NULL,45);
INSERT INTO "synet_field" ("id","field","olivesNumber","customer_id") VALUES (76,'',NULL,46);
INSERT INTO "synet_field" ("id","field","olivesNumber","customer_id") VALUES (77,'',NULL,47);
INSERT INTO "synet_field" ("id","field","olivesNumber","customer_id") VALUES (78,'',NULL,48);
INSERT INTO "synet_field" ("id","field","olivesNumber","customer_id") VALUES (79,'',NULL,49);
INSERT INTO "synet_field" ("id","field","olivesNumber","customer_id") VALUES (80,'',NULL,50);
INSERT INTO "synet_field" ("id","field","olivesNumber","customer_id") VALUES (81,'',NULL,51);
INSERT INTO "synet_field" ("id","field","olivesNumber","customer_id") VALUES (82,'',NULL,52);
INSERT INTO "synet_field" ("id","field","olivesNumber","customer_id") VALUES (83,'',NULL,53);
INSERT INTO "synet_watercons" ("id","serialNumber","date","finalIndication","initialIndication","intermediateIndication","cubicMeters","billableCubicMeters","hydronomistsCubicMeters","cost","hydronomistsRight","viberMsg","notes","counter_id","customer_id","field_id","costPerMeter") VALUES (1,1,'2024-03-12',516416,516216,NULL,200,200,NULL,60,NULL,'','',1,1,1,0.3);
INSERT INTO "synet_watercons" ("id","serialNumber","date","finalIndication","initialIndication","intermediateIndication","cubicMeters","billableCubicMeters","hydronomistsCubicMeters","cost","hydronomistsRight","viberMsg","notes","counter_id","customer_id","field_id","costPerMeter") VALUES (2,2,'2024-03-13',516532,516416,NULL,116,116,NULL,34.8,NULL,'','',1,2,2,0.3);
INSERT INTO "synet_watercons" ("id","serialNumber","date","finalIndication","initialIndication","intermediateIndication","cubicMeters","billableCubicMeters","hydronomistsCubicMeters","cost","hydronomistsRight","viberMsg","notes","counter_id","customer_id","field_id","costPerMeter") VALUES (3,3,'2024-03-13',516674,516532,NULL,142,142,NULL,42.6,NULL,'','',1,3,3,0.3);
INSERT INTO "synet_watercons" ("id","serialNumber","date","finalIndication","initialIndication","intermediateIndication","cubicMeters","billableCubicMeters","hydronomistsCubicMeters","cost","hydronomistsRight","viberMsg","notes","counter_id","customer_id","field_id","costPerMeter") VALUES (4,4,'2024-03-30',516865,516674,NULL,191,191,NULL,57.3,NULL,'','',1,4,4,0.3);
INSERT INTO "synet_watercons" ("id","serialNumber","date","finalIndication","initialIndication","intermediateIndication","cubicMeters","billableCubicMeters","hydronomistsCubicMeters","cost","hydronomistsRight","viberMsg","notes","counter_id","customer_id","field_id","costPerMeter") VALUES (5,5,'2024-04-03',517472,516865,NULL,607,607,NULL,182.1,NULL,'','',1,5,5,0.3);
INSERT INTO "synet_watercons" ("id","serialNumber","date","finalIndication","initialIndication","intermediateIndication","cubicMeters","billableCubicMeters","hydronomistsCubicMeters","cost","hydronomistsRight","viberMsg","notes","counter_id","customer_id","field_id","costPerMeter") VALUES (6,6,'2024-04-04',517770,517472,NULL,298,298,NULL,89.4,NULL,'','',1,6,6,0.3);
INSERT INTO "synet_watercons" ("id","serialNumber","date","finalIndication","initialIndication","intermediateIndication","cubicMeters","billableCubicMeters","hydronomistsCubicMeters","cost","hydronomistsRight","viberMsg","notes","counter_id","customer_id","field_id","costPerMeter") VALUES (7,7,'2024-04-05',517980,517770,NULL,210,210,NULL,63,NULL,'','',1,7,7,0.3);
INSERT INTO "synet_watercons" ("id","serialNumber","date","finalIndication","initialIndication","intermediateIndication","cubicMeters","billableCubicMeters","hydronomistsCubicMeters","cost","hydronomistsRight","viberMsg","notes","counter_id","customer_id","field_id","costPerMeter") VALUES (8,8,'2024-04-06',518158,517980,NULL,178,178,NULL,53.4,NULL,'','',1,8,8,0.3);
INSERT INTO "synet_watercons" ("id","serialNumber","date","finalIndication","initialIndication","intermediateIndication","cubicMeters","billableCubicMeters","hydronomistsCubicMeters","cost","hydronomistsRight","viberMsg","notes","counter_id","customer_id","field_id","costPerMeter") VALUES (9,9,'2024-04-06',518244,518158,NULL,86,86,NULL,25.8,NULL,'','',1,7,7,0.3);
INSERT INTO "synet_watercons" ("id","serialNumber","date","finalIndication","initialIndication","intermediateIndication","cubicMeters","billableCubicMeters","hydronomistsCubicMeters","cost","hydronomistsRight","viberMsg","notes","counter_id","customer_id","field_id","costPerMeter") VALUES (10,10,'2024-04-07',998,775,NULL,223,223,NULL,66.9,NULL,'','',2,9,9,0.3);
INSERT INTO "synet_watercons" ("id","serialNumber","date","finalIndication","initialIndication","intermediateIndication","cubicMeters","billableCubicMeters","hydronomistsCubicMeters","cost","hydronomistsRight","viberMsg","notes","counter_id","customer_id","field_id","costPerMeter") VALUES (11,11,'2024-04-08',518329,518244,NULL,85,85,NULL,25.5,NULL,'','',1,6,6,0.3);
INSERT INTO "synet_watercons" ("id","serialNumber","date","finalIndication","initialIndication","intermediateIndication","cubicMeters","billableCubicMeters","hydronomistsCubicMeters","cost","hydronomistsRight","viberMsg","notes","counter_id","customer_id","field_id","costPerMeter") VALUES (12,12,'2024-04-09',518629,518329,NULL,300,300,NULL,90,NULL,'','',1,10,10,0.3);
INSERT INTO "synet_watercons" ("id","serialNumber","date","finalIndication","initialIndication","intermediateIndication","cubicMeters","billableCubicMeters","hydronomistsCubicMeters","cost","hydronomistsRight","viberMsg","notes","counter_id","customer_id","field_id","costPerMeter") VALUES (13,13,'2024-04-10',518980,518629,NULL,351,351,NULL,105.3,NULL,'','',1,8,8,0.3);
INSERT INTO "synet_watercons" ("id","serialNumber","date","finalIndication","initialIndication","intermediateIndication","cubicMeters","billableCubicMeters","hydronomistsCubicMeters","cost","hydronomistsRight","viberMsg","notes","counter_id","customer_id","field_id","costPerMeter") VALUES (14,14,'2024-04-11',519180,518980,NULL,200,200,NULL,60,NULL,'','',1,11,11,0.3);
INSERT INTO "synet_watercons" ("id","serialNumber","date","finalIndication","initialIndication","intermediateIndication","cubicMeters","billableCubicMeters","hydronomistsCubicMeters","cost","hydronomistsRight","viberMsg","notes","counter_id","customer_id","field_id","costPerMeter") VALUES (15,15,'2024-04-11',519370,519180,NULL,190,190,NULL,57,NULL,'','',1,12,12,0.3);
INSERT INTO "synet_watercons" ("id","serialNumber","date","finalIndication","initialIndication","intermediateIndication","cubicMeters","billableCubicMeters","hydronomistsCubicMeters","cost","hydronomistsRight","viberMsg","notes","counter_id","customer_id","field_id","costPerMeter") VALUES (16,16,'2024-04-12',16158,16103,NULL,55,55,NULL,16.5,NULL,'','',3,10,10,0.3);
INSERT INTO "synet_watercons" ("id","serialNumber","date","finalIndication","initialIndication","intermediateIndication","cubicMeters","billableCubicMeters","hydronomistsCubicMeters","cost","hydronomistsRight","viberMsg","notes","counter_id","customer_id","field_id","costPerMeter") VALUES (17,17,'2024-04-13',519613,519370,NULL,243,243,NULL,72.9,NULL,'','',1,3,3,0.3);
INSERT INTO "synet_watercons" ("id","serialNumber","date","finalIndication","initialIndication","intermediateIndication","cubicMeters","billableCubicMeters","hydronomistsCubicMeters","cost","hydronomistsRight","viberMsg","notes","counter_id","customer_id","field_id","costPerMeter") VALUES (18,18,'2024-04-14',519959,519613,NULL,346,346,NULL,103.8,NULL,'','',1,13,13,0.3);
INSERT INTO "synet_watercons" ("id","serialNumber","date","finalIndication","initialIndication","intermediateIndication","cubicMeters","billableCubicMeters","hydronomistsCubicMeters","cost","hydronomistsRight","viberMsg","notes","counter_id","customer_id","field_id","costPerMeter") VALUES (19,19,'2024-04-15',520024,519959,NULL,65,65,NULL,19.5,NULL,'','',1,14,14,0.3);
INSERT INTO "synet_watercons" ("id","serialNumber","date","finalIndication","initialIndication","intermediateIndication","cubicMeters","billableCubicMeters","hydronomistsCubicMeters","cost","hydronomistsRight","viberMsg","notes","counter_id","customer_id","field_id","costPerMeter") VALUES (20,20,'2024-04-15',520112,520024,NULL,88,88,NULL,26.4,NULL,'','',1,10,10,0.3);
INSERT INTO "synet_watercons" ("id","serialNumber","date","finalIndication","initialIndication","intermediateIndication","cubicMeters","billableCubicMeters","hydronomistsCubicMeters","cost","hydronomistsRight","viberMsg","notes","counter_id","customer_id","field_id","costPerMeter") VALUES (21,21,'2024-04-16',520297,520112,NULL,185,185,NULL,55.5,NULL,'','',1,14,14,0.3);
INSERT INTO "synet_watercons" ("id","serialNumber","date","finalIndication","initialIndication","intermediateIndication","cubicMeters","billableCubicMeters","hydronomistsCubicMeters","cost","hydronomistsRight","viberMsg","notes","counter_id","customer_id","field_id","costPerMeter") VALUES (22,22,'2024-04-17',520576,520297,NULL,279,279,NULL,83.7,NULL,'','',1,15,15,0.3);
INSERT INTO "synet_watercons" ("id","serialNumber","date","finalIndication","initialIndication","intermediateIndication","cubicMeters","billableCubicMeters","hydronomistsCubicMeters","cost","hydronomistsRight","viberMsg","notes","counter_id","customer_id","field_id","costPerMeter") VALUES (23,23,'2024-04-18',520772,520576,NULL,196,196,NULL,58.8,NULL,'','',1,16,16,0.3);
INSERT INTO "synet_watercons" ("id","serialNumber","date","finalIndication","initialIndication","intermediateIndication","cubicMeters","billableCubicMeters","hydronomistsCubicMeters","cost","hydronomistsRight","viberMsg","notes","counter_id","customer_id","field_id","costPerMeter") VALUES (24,24,'2024-04-18',520834,520772,NULL,62,62,NULL,18.6,NULL,'','',1,1,1,0.3);
INSERT INTO "synet_watercons" ("id","serialNumber","date","finalIndication","initialIndication","intermediateIndication","cubicMeters","billableCubicMeters","hydronomistsCubicMeters","cost","hydronomistsRight","viberMsg","notes","counter_id","customer_id","field_id","costPerMeter") VALUES (25,25,'2024-04-19',520903,520834,NULL,69,69,NULL,20.7,NULL,'','',1,7,7,0.3);
INSERT INTO "synet_watercons" ("id","serialNumber","date","finalIndication","initialIndication","intermediateIndication","cubicMeters","billableCubicMeters","hydronomistsCubicMeters","cost","hydronomistsRight","viberMsg","notes","counter_id","customer_id","field_id","costPerMeter") VALUES (26,26,'2024-04-20',521089,520903,NULL,186,186,NULL,55.8,NULL,'','',1,11,11,0.3);
INSERT INTO "synet_watercons" ("id","serialNumber","date","finalIndication","initialIndication","intermediateIndication","cubicMeters","billableCubicMeters","hydronomistsCubicMeters","cost","hydronomistsRight","viberMsg","notes","counter_id","customer_id","field_id","costPerMeter") VALUES (27,27,'2024-04-21',521408,521089,NULL,319,319,NULL,95.7,NULL,'','',1,17,17,0.3);
INSERT INTO "synet_watercons" ("id","serialNumber","date","finalIndication","initialIndication","intermediateIndication","cubicMeters","billableCubicMeters","hydronomistsCubicMeters","cost","hydronomistsRight","viberMsg","notes","counter_id","customer_id","field_id","costPerMeter") VALUES (28,28,'2024-04-22',521563,521408,NULL,155,155,NULL,46.5,NULL,'','',1,6,18,0.3);
INSERT INTO "synet_watercons" ("id","serialNumber","date","finalIndication","initialIndication","intermediateIndication","cubicMeters","billableCubicMeters","hydronomistsCubicMeters","cost","hydronomistsRight","viberMsg","notes","counter_id","customer_id","field_id","costPerMeter") VALUES (29,29,'2024-04-23',521907,521563,NULL,344,344,NULL,103.2,NULL,'','',1,1,19,0.3);
INSERT INTO "synet_watercons" ("id","serialNumber","date","finalIndication","initialIndication","intermediateIndication","cubicMeters","billableCubicMeters","hydronomistsCubicMeters","cost","hydronomistsRight","viberMsg","notes","counter_id","customer_id","field_id","costPerMeter") VALUES (30,30,'2024-04-24',522187,521907,NULL,280,280,NULL,84,NULL,'','',1,8,20,0.3);
INSERT INTO "synet_watercons" ("id","serialNumber","date","finalIndication","initialIndication","intermediateIndication","cubicMeters","billableCubicMeters","hydronomistsCubicMeters","cost","hydronomistsRight","viberMsg","notes","counter_id","customer_id","field_id","costPerMeter") VALUES (31,31,'2024-04-25',522271,522187,NULL,84,84,NULL,25.2,NULL,'','',1,14,14,0.3);
INSERT INTO "synet_watercons" ("id","serialNumber","date","finalIndication","initialIndication","intermediateIndication","cubicMeters","billableCubicMeters","hydronomistsCubicMeters","cost","hydronomistsRight","viberMsg","notes","counter_id","customer_id","field_id","costPerMeter") VALUES (32,32,'2024-04-25',522373,522271,NULL,102,102,NULL,30.6,NULL,'','',1,6,6,0.3);
INSERT INTO "synet_watercons" ("id","serialNumber","date","finalIndication","initialIndication","intermediateIndication","cubicMeters","billableCubicMeters","hydronomistsCubicMeters","cost","hydronomistsRight","viberMsg","notes","counter_id","customer_id","field_id","costPerMeter") VALUES (33,33,'2024-04-25',522451,522373,NULL,78,78,NULL,23.4,NULL,'','',1,18,21,0.3);
INSERT INTO "synet_watercons" ("id","serialNumber","date","finalIndication","initialIndication","intermediateIndication","cubicMeters","billableCubicMeters","hydronomistsCubicMeters","cost","hydronomistsRight","viberMsg","notes","counter_id","customer_id","field_id","costPerMeter") VALUES (34,34,'2024-04-26',522624,522451,NULL,173,173,NULL,51.9,NULL,'','',1,10,10,0.3);
INSERT INTO "synet_watercons" ("id","serialNumber","date","finalIndication","initialIndication","intermediateIndication","cubicMeters","billableCubicMeters","hydronomistsCubicMeters","cost","hydronomistsRight","viberMsg","notes","counter_id","customer_id","field_id","costPerMeter") VALUES (35,35,'2024-04-27',522956,522624,NULL,332,332,NULL,99.6,NULL,'','',1,2,22,0.3);
INSERT INTO "synet_watercons" ("id","serialNumber","date","finalIndication","initialIndication","intermediateIndication","cubicMeters","billableCubicMeters","hydronomistsCubicMeters","cost","hydronomistsRight","viberMsg","notes","counter_id","customer_id","field_id","costPerMeter") VALUES (36,36,'2024-04-28',523100,522956,NULL,144,144,NULL,57.6,NULL,'','',1,19,23,0.3);
INSERT INTO "synet_watercons" ("id","serialNumber","date","finalIndication","initialIndication","intermediateIndication","cubicMeters","billableCubicMeters","hydronomistsCubicMeters","cost","hydronomistsRight","viberMsg","notes","counter_id","customer_id","field_id","costPerMeter") VALUES (37,37,'2024-04-28',523201,523100,NULL,101,101,NULL,30.3,NULL,'','',1,20,24,0.3);
INSERT INTO "synet_watercons" ("id","serialNumber","date","finalIndication","initialIndication","intermediateIndication","cubicMeters","billableCubicMeters","hydronomistsCubicMeters","cost","hydronomistsRight","viberMsg","notes","counter_id","customer_id","field_id","costPerMeter") VALUES (38,39,'2024-04-29',523376,523230,NULL,146,146,NULL,43.8,NULL,'','',1,13,13,0.3);
INSERT INTO "synet_watercons" ("id","serialNumber","date","finalIndication","initialIndication","intermediateIndication","cubicMeters","billableCubicMeters","hydronomistsCubicMeters","cost","hydronomistsRight","viberMsg","notes","counter_id","customer_id","field_id","costPerMeter") VALUES (39,40,'2024-05-01',523915,523376,NULL,539,539,NULL,161.7,NULL,'','',1,5,5,0.3);
INSERT INTO "synet_watercons" ("id","serialNumber","date","finalIndication","initialIndication","intermediateIndication","cubicMeters","billableCubicMeters","hydronomistsCubicMeters","cost","hydronomistsRight","viberMsg","notes","counter_id","customer_id","field_id","costPerMeter") VALUES (40,41,'2024-05-02',1148,998,NULL,150,150,NULL,45,NULL,'','',2,21,25,0.3);
INSERT INTO "synet_watercons" ("id","serialNumber","date","finalIndication","initialIndication","intermediateIndication","cubicMeters","billableCubicMeters","hydronomistsCubicMeters","cost","hydronomistsRight","viberMsg","notes","counter_id","customer_id","field_id","costPerMeter") VALUES (41,42,'2024-05-03',523964,523915,NULL,49,49,NULL,14.7,NULL,'','',1,22,26,0.3);
INSERT INTO "synet_watercons" ("id","serialNumber","date","finalIndication","initialIndication","intermediateIndication","cubicMeters","billableCubicMeters","hydronomistsCubicMeters","cost","hydronomistsRight","viberMsg","notes","counter_id","customer_id","field_id","costPerMeter") VALUES (42,43,'2024-05-04',1373,1148,NULL,225,225,NULL,67.5,NULL,'','',2,9,9,0.3);
INSERT INTO "synet_watercons" ("id","serialNumber","date","finalIndication","initialIndication","intermediateIndication","cubicMeters","billableCubicMeters","hydronomistsCubicMeters","cost","hydronomistsRight","viberMsg","notes","counter_id","customer_id","field_id","costPerMeter") VALUES (43,44,'2024-05-06',524119,523964,NULL,155,155,NULL,46.5,NULL,'','',1,4,27,0.3);
INSERT INTO "synet_watercons" ("id","serialNumber","date","finalIndication","initialIndication","intermediateIndication","cubicMeters","billableCubicMeters","hydronomistsCubicMeters","cost","hydronomistsRight","viberMsg","notes","counter_id","customer_id","field_id","costPerMeter") VALUES (44,45,'2024-05-07',524440,524119,NULL,321,321,NULL,96.3,NULL,'','',1,15,28,0.3);
INSERT INTO "synet_watercons" ("id","serialNumber","date","finalIndication","initialIndication","intermediateIndication","cubicMeters","billableCubicMeters","hydronomistsCubicMeters","cost","hydronomistsRight","viberMsg","notes","counter_id","customer_id","field_id","costPerMeter") VALUES (45,46,'2024-05-08',524895,524440,NULL,455,455,NULL,136.5,NULL,'','',1,23,29,0.3);
INSERT INTO "synet_watercons" ("id","serialNumber","date","finalIndication","initialIndication","intermediateIndication","cubicMeters","billableCubicMeters","hydronomistsCubicMeters","cost","hydronomistsRight","viberMsg","notes","counter_id","customer_id","field_id","costPerMeter") VALUES (46,47,'2024-05-09',10141,9936,NULL,205,205,NULL,82,NULL,'','',4,20,30,0.3);
INSERT INTO "synet_watercons" ("id","serialNumber","date","finalIndication","initialIndication","intermediateIndication","cubicMeters","billableCubicMeters","hydronomistsCubicMeters","cost","hydronomistsRight","viberMsg","notes","counter_id","customer_id","field_id","costPerMeter") VALUES (47,48,'2024-05-09',524993,524895,NULL,98,98,NULL,29.4,NULL,'','',1,23,31,0.3);
INSERT INTO "synet_watercons" ("id","serialNumber","date","finalIndication","initialIndication","intermediateIndication","cubicMeters","billableCubicMeters","hydronomistsCubicMeters","cost","hydronomistsRight","viberMsg","notes","counter_id","customer_id","field_id","costPerMeter") VALUES (48,49,'2024-05-10',525096,524993,NULL,103,103,NULL,30.9,NULL,'','',1,16,32,0.3);
INSERT INTO "synet_watercons" ("id","serialNumber","date","finalIndication","initialIndication","intermediateIndication","cubicMeters","billableCubicMeters","hydronomistsCubicMeters","cost","hydronomistsRight","viberMsg","notes","counter_id","customer_id","field_id","costPerMeter") VALUES (49,50,'2024-05-11',525340,525096,NULL,244,244,NULL,73.2,NULL,'','',1,6,18,0.3);
INSERT INTO "synet_watercons" ("id","serialNumber","date","finalIndication","initialIndication","intermediateIndication","cubicMeters","billableCubicMeters","hydronomistsCubicMeters","cost","hydronomistsRight","viberMsg","notes","counter_id","customer_id","field_id","costPerMeter") VALUES (50,51,'2024-05-12',525561,525340,NULL,221,221,NULL,66.3,NULL,'','',1,8,33,0.3);
INSERT INTO "synet_watercons" ("id","serialNumber","date","finalIndication","initialIndication","intermediateIndication","cubicMeters","billableCubicMeters","hydronomistsCubicMeters","cost","hydronomistsRight","viberMsg","notes","counter_id","customer_id","field_id","costPerMeter") VALUES (51,52,'2024-05-13',1422,1373,NULL,49,49,NULL,14.7,NULL,'','',2,15,34,0.3);
INSERT INTO "synet_watercons" ("id","serialNumber","date","finalIndication","initialIndication","intermediateIndication","cubicMeters","billableCubicMeters","hydronomistsCubicMeters","cost","hydronomistsRight","viberMsg","notes","counter_id","customer_id","field_id","costPerMeter") VALUES (52,53,'2024-05-13',525640,525561,NULL,79,79,NULL,23.7,NULL,'','',1,20,35,0.3);
INSERT INTO "synet_watercons" ("id","serialNumber","date","finalIndication","initialIndication","intermediateIndication","cubicMeters","billableCubicMeters","hydronomistsCubicMeters","cost","hydronomistsRight","viberMsg","notes","counter_id","customer_id","field_id","costPerMeter") VALUES (53,54,'2024-05-13',525727,525640,NULL,87,87,NULL,26.1,NULL,'','',1,21,36,0.3);
INSERT INTO "synet_watercons" ("id","serialNumber","date","finalIndication","initialIndication","intermediateIndication","cubicMeters","billableCubicMeters","hydronomistsCubicMeters","cost","hydronomistsRight","viberMsg","notes","counter_id","customer_id","field_id","costPerMeter") VALUES (54,56,'2024-05-14',526086,525981,NULL,105,105,NULL,31.5,NULL,'','',1,3,37,0.3);
INSERT INTO "synet_watercons" ("id","serialNumber","date","finalIndication","initialIndication","intermediateIndication","cubicMeters","billableCubicMeters","hydronomistsCubicMeters","cost","hydronomistsRight","viberMsg","notes","counter_id","customer_id","field_id","costPerMeter") VALUES (55,57,'2024-05-14',526111,526086,NULL,25,25,NULL,7.5,NULL,'','',1,6,38,0.3);
INSERT INTO "synet_watercons" ("id","serialNumber","date","finalIndication","initialIndication","intermediateIndication","cubicMeters","billableCubicMeters","hydronomistsCubicMeters","cost","hydronomistsRight","viberMsg","notes","counter_id","customer_id","field_id","costPerMeter") VALUES (56,58,'2024-05-15',526432,526111,NULL,321,321,NULL,96.3,NULL,'','',1,7,39,0.3);
INSERT INTO "synet_watercons" ("id","serialNumber","date","finalIndication","initialIndication","intermediateIndication","cubicMeters","billableCubicMeters","hydronomistsCubicMeters","cost","hydronomistsRight","viberMsg","notes","counter_id","customer_id","field_id","costPerMeter") VALUES (57,59,'2024-05-16',526655,526432,NULL,223,223,NULL,66.9,NULL,'','',1,6,40,0.3);
INSERT INTO "synet_watercons" ("id","serialNumber","date","finalIndication","initialIndication","intermediateIndication","cubicMeters","billableCubicMeters","hydronomistsCubicMeters","cost","hydronomistsRight","viberMsg","notes","counter_id","customer_id","field_id","costPerMeter") VALUES (58,60,'2024-05-17',526792,526655,NULL,137,137,NULL,41.1,NULL,'','',1,20,35,0.3);
INSERT INTO "synet_watercons" ("id","serialNumber","date","finalIndication","initialIndication","intermediateIndication","cubicMeters","billableCubicMeters","hydronomistsCubicMeters","cost","hydronomistsRight","viberMsg","notes","counter_id","customer_id","field_id","costPerMeter") VALUES (59,61,'2024-05-18',526867,526792,NULL,75,75,NULL,30,NULL,'','',1,24,41,0.3);
INSERT INTO "synet_watercons" ("id","serialNumber","date","finalIndication","initialIndication","intermediateIndication","cubicMeters","billableCubicMeters","hydronomistsCubicMeters","cost","hydronomistsRight","viberMsg","notes","counter_id","customer_id","field_id","costPerMeter") VALUES (60,62,'2024-05-19',527191,526867,NULL,324,324,NULL,97.2,NULL,'','',1,10,42,0.3);
INSERT INTO "synet_watercons" ("id","serialNumber","date","finalIndication","initialIndication","intermediateIndication","cubicMeters","billableCubicMeters","hydronomistsCubicMeters","cost","hydronomistsRight","viberMsg","notes","counter_id","customer_id","field_id","costPerMeter") VALUES (61,63,'2024-05-20',527259,527191,NULL,68,68,NULL,20.4,NULL,'','',1,14,43,0.3);
INSERT INTO "synet_watercons" ("id","serialNumber","date","finalIndication","initialIndication","intermediateIndication","cubicMeters","billableCubicMeters","hydronomistsCubicMeters","cost","hydronomistsRight","viberMsg","notes","counter_id","customer_id","field_id","costPerMeter") VALUES (62,64,'2024-05-20',527342,527259,NULL,83,83,NULL,24.9,NULL,'','',1,10,44,0.3);
INSERT INTO "synet_watercons" ("id","serialNumber","date","finalIndication","initialIndication","intermediateIndication","cubicMeters","billableCubicMeters","hydronomistsCubicMeters","cost","hydronomistsRight","viberMsg","notes","counter_id","customer_id","field_id","costPerMeter") VALUES (63,65,'2024-05-21',527572,527342,NULL,230,230,NULL,69,NULL,'','',1,1,1,0.3);
INSERT INTO "synet_watercons" ("id","serialNumber","date","finalIndication","initialIndication","intermediateIndication","cubicMeters","billableCubicMeters","hydronomistsCubicMeters","cost","hydronomistsRight","viberMsg","notes","counter_id","customer_id","field_id","costPerMeter") VALUES (64,66,'2024-05-21',1505,1422,NULL,83,83,NULL,24.9,NULL,'','',2,1,45,0.3);
INSERT INTO "synet_watercons" ("id","serialNumber","date","finalIndication","initialIndication","intermediateIndication","cubicMeters","billableCubicMeters","hydronomistsCubicMeters","cost","hydronomistsRight","viberMsg","notes","counter_id","customer_id","field_id","costPerMeter") VALUES (65,67,'2024-05-22',527913,527572,NULL,341,341,NULL,102.3,NULL,'','',1,23,46,0.3);
INSERT INTO "synet_watercons" ("id","serialNumber","date","finalIndication","initialIndication","intermediateIndication","cubicMeters","billableCubicMeters","hydronomistsCubicMeters","cost","hydronomistsRight","viberMsg","notes","counter_id","customer_id","field_id","costPerMeter") VALUES (66,68,'2024-05-23',528008,527913,NULL,95,NULL,NULL,NULL,NULL,NULL,'',1,25,47,0);
INSERT INTO "synet_watercons" ("id","serialNumber","date","finalIndication","initialIndication","intermediateIndication","cubicMeters","billableCubicMeters","hydronomistsCubicMeters","cost","hydronomistsRight","viberMsg","notes","counter_id","customer_id","field_id","costPerMeter") VALUES (67,69,'2024-05-23',528110,528008,NULL,102,102,NULL,30.6,NULL,'','',1,14,48,0.3);
INSERT INTO "synet_watercons" ("id","serialNumber","date","finalIndication","initialIndication","intermediateIndication","cubicMeters","billableCubicMeters","hydronomistsCubicMeters","cost","hydronomistsRight","viberMsg","notes","counter_id","customer_id","field_id","costPerMeter") VALUES (68,70,'2024-05-24',528210,528110,NULL,100,100,NULL,30,NULL,'','',1,14,49,0.3);
INSERT INTO "synet_watercons" ("id","serialNumber","date","finalIndication","initialIndication","intermediateIndication","cubicMeters","billableCubicMeters","hydronomistsCubicMeters","cost","hydronomistsRight","viberMsg","notes","counter_id","customer_id","field_id","costPerMeter") VALUES (69,71,'2024-05-24',528269,528210,NULL,59,59,NULL,17.7,NULL,'','',1,10,50,0.3);
INSERT INTO "synet_watercons" ("id","serialNumber","date","finalIndication","initialIndication","intermediateIndication","cubicMeters","billableCubicMeters","hydronomistsCubicMeters","cost","hydronomistsRight","viberMsg","notes","counter_id","customer_id","field_id","costPerMeter") VALUES (70,72,'2024-05-25',528277,528269,NULL,8,NULL,NULL,NULL,NULL,NULL,'',1,25,47,0);
INSERT INTO "synet_watercons" ("id","serialNumber","date","finalIndication","initialIndication","intermediateIndication","cubicMeters","billableCubicMeters","hydronomistsCubicMeters","cost","hydronomistsRight","viberMsg","notes","counter_id","customer_id","field_id","costPerMeter") VALUES (71,73,'2024-05-25',528760,528277,NULL,483,483,NULL,144.9,NULL,'','',1,13,13,0.3);
INSERT INTO "synet_watercons" ("id","serialNumber","date","finalIndication","initialIndication","intermediateIndication","cubicMeters","billableCubicMeters","hydronomistsCubicMeters","cost","hydronomistsRight","viberMsg","notes","counter_id","customer_id","field_id","costPerMeter") VALUES (72,74,'2024-05-26',16245,16158,NULL,87,87,NULL,26.1,NULL,'','',3,10,51,0.3);
INSERT INTO "synet_watercons" ("id","serialNumber","date","finalIndication","initialIndication","intermediateIndication","cubicMeters","billableCubicMeters","hydronomistsCubicMeters","cost","hydronomistsRight","viberMsg","notes","counter_id","customer_id","field_id","costPerMeter") VALUES (73,75,'2024-05-27',528951,528760,NULL,191,191,NULL,57.3,NULL,'','',1,26,52,0.3);
INSERT INTO "synet_watercons" ("id","serialNumber","date","finalIndication","initialIndication","intermediateIndication","cubicMeters","billableCubicMeters","hydronomistsCubicMeters","cost","hydronomistsRight","viberMsg","notes","counter_id","customer_id","field_id","costPerMeter") VALUES (74,76,'2024-05-28',529212,528951,NULL,261,261,NULL,78.3,NULL,'','',1,2,2,0.3);
INSERT INTO "synet_watercons" ("id","serialNumber","date","finalIndication","initialIndication","intermediateIndication","cubicMeters","billableCubicMeters","hydronomistsCubicMeters","cost","hydronomistsRight","viberMsg","notes","counter_id","customer_id","field_id","costPerMeter") VALUES (75,77,'2024-05-28',1557,1505,NULL,52,52,NULL,15.6,NULL,'','',2,2,2,0.3);
INSERT INTO "synet_watercons" ("id","serialNumber","date","finalIndication","initialIndication","intermediateIndication","cubicMeters","billableCubicMeters","hydronomistsCubicMeters","cost","hydronomistsRight","viberMsg","notes","counter_id","customer_id","field_id","costPerMeter") VALUES (76,78,'2024-05-29',529847,529212,NULL,635,635,NULL,190.5,NULL,'','',1,5,5,0.3);
INSERT INTO "synet_watercons" ("id","serialNumber","date","finalIndication","initialIndication","intermediateIndication","cubicMeters","billableCubicMeters","hydronomistsCubicMeters","cost","hydronomistsRight","viberMsg","notes","counter_id","customer_id","field_id","costPerMeter") VALUES (77,79,'2024-05-30',10322,10172,NULL,150,150,NULL,60,NULL,'','',4,27,53,0.3);
INSERT INTO "synet_watercons" ("id","serialNumber","date","finalIndication","initialIndication","intermediateIndication","cubicMeters","billableCubicMeters","hydronomistsCubicMeters","cost","hydronomistsRight","viberMsg","notes","counter_id","customer_id","field_id","costPerMeter") VALUES (78,80,'2024-06-01',530189,529847,529847,342,342,342,102.6,17.1,'','',1,17,17,0.3);
INSERT INTO "synet_watercons" ("id","serialNumber","date","finalIndication","initialIndication","intermediateIndication","cubicMeters","billableCubicMeters","hydronomistsCubicMeters","cost","hydronomistsRight","viberMsg","notes","counter_id","customer_id","field_id","costPerMeter") VALUES (79,81,'2024-06-02',530320,530189,530189,131,131,131,39.3,6.55,'','',1,28,54,0.3);
INSERT INTO "synet_watercons" ("id","serialNumber","date","finalIndication","initialIndication","intermediateIndication","cubicMeters","billableCubicMeters","hydronomistsCubicMeters","cost","hydronomistsRight","viberMsg","notes","counter_id","customer_id","field_id","costPerMeter") VALUES (80,82,'2024-06-03',530567,530320,530320,247,247,247,74.1,12.35,'','',1,20,55,0.3);
INSERT INTO "synet_watercons" ("id","serialNumber","date","finalIndication","initialIndication","intermediateIndication","cubicMeters","billableCubicMeters","hydronomistsCubicMeters","cost","hydronomistsRight","viberMsg","notes","counter_id","customer_id","field_id","costPerMeter") VALUES (81,83,'2024-06-04',530708,530567,530567,141,141,141,42.3,7.05,'','',1,29,56,0.3);
INSERT INTO "synet_watercons" ("id","serialNumber","date","finalIndication","initialIndication","intermediateIndication","cubicMeters","billableCubicMeters","hydronomistsCubicMeters","cost","hydronomistsRight","viberMsg","notes","counter_id","customer_id","field_id","costPerMeter") VALUES (82,84,'2024-06-05',531013,530708,530708,305,305,305,91.5,15.25,'','',1,30,57,0.3);
INSERT INTO "synet_watercons" ("id","serialNumber","date","finalIndication","initialIndication","intermediateIndication","cubicMeters","billableCubicMeters","hydronomistsCubicMeters","cost","hydronomistsRight","viberMsg","notes","counter_id","customer_id","field_id","costPerMeter") VALUES (83,85,'2024-06-06',531350,531013,531013,337,337,337,101.1,16.85,'','',1,11,11,0.3);
INSERT INTO "synet_watercons" ("id","serialNumber","date","finalIndication","initialIndication","intermediateIndication","cubicMeters","billableCubicMeters","hydronomistsCubicMeters","cost","hydronomistsRight","viberMsg","notes","counter_id","customer_id","field_id","costPerMeter") VALUES (84,86,'2024-06-07',531410,531350,531350,60,60,60,18,3,'','',1,22,26,0.3);
INSERT INTO "synet_watercons" ("id","serialNumber","date","finalIndication","initialIndication","intermediateIndication","cubicMeters","billableCubicMeters","hydronomistsCubicMeters","cost","hydronomistsRight","viberMsg","notes","counter_id","customer_id","field_id","costPerMeter") VALUES (85,87,'2024-06-07',531659,531410,531410,249,249,249,74.7,12.45,'','',1,6,6,0.3);
INSERT INTO "synet_watercons" ("id","serialNumber","date","finalIndication","initialIndication","intermediateIndication","cubicMeters","billableCubicMeters","hydronomistsCubicMeters","cost","hydronomistsRight","viberMsg","notes","counter_id","customer_id","field_id","costPerMeter") VALUES (86,88,'2024-06-08',531901,531659,531659,242,242,242,72.6,12.1,'','',1,26,58,0.3);
INSERT INTO "synet_watercons" ("id","serialNumber","date","finalIndication","initialIndication","intermediateIndication","cubicMeters","billableCubicMeters","hydronomistsCubicMeters","cost","hydronomistsRight","viberMsg","notes","counter_id","customer_id","field_id","costPerMeter") VALUES (87,89,'2024-06-09',532060,531901,531901,159,159,159,47.7,7.95,'','',1,4,4,0.3);
INSERT INTO "synet_watercons" ("id","serialNumber","date","finalIndication","initialIndication","intermediateIndication","cubicMeters","billableCubicMeters","hydronomistsCubicMeters","cost","hydronomistsRight","viberMsg","notes","counter_id","customer_id","field_id","costPerMeter") VALUES (88,90,'2024-06-09',532194,532060,532060,134,134,134,40.2,6.7,'','',1,1,1,0.3);
INSERT INTO "synet_watercons" ("id","serialNumber","date","finalIndication","initialIndication","intermediateIndication","cubicMeters","billableCubicMeters","hydronomistsCubicMeters","cost","hydronomistsRight","viberMsg","notes","counter_id","customer_id","field_id","costPerMeter") VALUES (89,91,'2024-06-10',532401,532194,532194,207,207,207,62.1,10.35,'','',1,16,16,0.3);
INSERT INTO "synet_watercons" ("id","serialNumber","date","finalIndication","initialIndication","intermediateIndication","cubicMeters","billableCubicMeters","hydronomistsCubicMeters","cost","hydronomistsRight","viberMsg","notes","counter_id","customer_id","field_id","costPerMeter") VALUES (90,92,'2024-06-11',532613,532401,532401,212,212,212,84.8,10.6,'','',1,19,59,0.3);
INSERT INTO "synet_watercons" ("id","serialNumber","date","finalIndication","initialIndication","intermediateIndication","cubicMeters","billableCubicMeters","hydronomistsCubicMeters","cost","hydronomistsRight","viberMsg","notes","counter_id","customer_id","field_id","costPerMeter") VALUES (91,93,'2024-06-12',1727,1557,1557,170,170,170,51,8.5,'','',2,9,9,0.3);
INSERT INTO "synet_watercons" ("id","serialNumber","date","finalIndication","initialIndication","intermediateIndication","cubicMeters","billableCubicMeters","hydronomistsCubicMeters","cost","hydronomistsRight","viberMsg","notes","counter_id","customer_id","field_id","costPerMeter") VALUES (92,94,'2024-06-13',1970,1727,1727,243,243,243,72.9,12.15,'','',2,21,25,0.3);
INSERT INTO "synet_watercons" ("id","serialNumber","date","finalIndication","initialIndication","intermediateIndication","cubicMeters","billableCubicMeters","hydronomistsCubicMeters","cost","hydronomistsRight","viberMsg","notes","counter_id","customer_id","field_id","costPerMeter") VALUES (93,95,'2024-06-13',532939,532613,532613,326,326,326,97.8,16.3,'','',1,7,7,0.3);
INSERT INTO "synet_watercons" ("id","serialNumber","date","finalIndication","initialIndication","intermediateIndication","cubicMeters","billableCubicMeters","hydronomistsCubicMeters","cost","hydronomistsRight","viberMsg","notes","counter_id","customer_id","field_id","costPerMeter") VALUES (94,96,'2024-06-14',532999,532939,532939,60,60,60,18,3,'14/06/24 Ρεστιβάκη Γεωργία Παπαδημητρόπουλος Χαρίδημος 60 κυβικά 18€','',1,20,55,0.3);
INSERT INTO "synet_watercons" ("id","serialNumber","date","finalIndication","initialIndication","intermediateIndication","cubicMeters","billableCubicMeters","hydronomistsCubicMeters","cost","hydronomistsRight","viberMsg","notes","counter_id","customer_id","field_id","costPerMeter") VALUES (95,97,'2024-06-14',10435,10322,10322,113,113,113,45.2,5.65,'14/06/24 Ρεστιβάκη Γεωργία Παπαδημητρόπουλος Χαρίδημος 113 κυβικά 45,2€','',4,20,55,0.3);
INSERT INTO "synet_watercons" ("id","serialNumber","date","finalIndication","initialIndication","intermediateIndication","cubicMeters","billableCubicMeters","hydronomistsCubicMeters","cost","hydronomistsRight","viberMsg","notes","counter_id","customer_id","field_id","costPerMeter") VALUES (96,98,'2024-06-15',533336,532999,532999,337,337,337,101.1,16.85,'15/06/24 Παπαδημητροπούλου Καίτη 337 κυβικά 101,1€','',1,15,15,0.3);
INSERT INTO "synet_watercons" ("id","serialNumber","date","finalIndication","initialIndication","intermediateIndication","cubicMeters","billableCubicMeters","hydronomistsCubicMeters","cost","hydronomistsRight","viberMsg","notes","counter_id","customer_id","field_id","costPerMeter") VALUES (97,99,'2024-06-16',533505,533336,533336,169,169,169,50.7,8.45,'16/06/24 Γρυσμπολάκης Δημήτρης 169 κυβικά 50,7€','',1,12,12,0.3);
INSERT INTO "synet_watercons" ("id","serialNumber","date","finalIndication","initialIndication","intermediateIndication","cubicMeters","billableCubicMeters","hydronomistsCubicMeters","cost","hydronomistsRight","viberMsg","notes","counter_id","customer_id","field_id","costPerMeter") VALUES (98,100,'2024-06-16',533565,533505,533505,60,60,60,18,3,'16/06/24 Προεστάκη Γλυκερία 60 κυβικά 18€','',1,21,25,0.3);
INSERT INTO "synet_watercons" ("id","serialNumber","date","finalIndication","initialIndication","intermediateIndication","cubicMeters","billableCubicMeters","hydronomistsCubicMeters","cost","hydronomistsRight","viberMsg","notes","counter_id","customer_id","field_id","costPerMeter") VALUES (99,101,'2024-06-17',533726,533565,533565,161,161,161,48.3,8.05,'17/06/24 Μαρουλάκης Ιωάννης 161 κυβικά 48,3€','',1,3,3,0.3);
INSERT INTO "synet_watercons" ("id","serialNumber","date","finalIndication","initialIndication","intermediateIndication","cubicMeters","billableCubicMeters","hydronomistsCubicMeters","cost","hydronomistsRight","viberMsg","notes","counter_id","customer_id","field_id","costPerMeter") VALUES (100,102,'2024-06-18',534164,533726,533726,438,438,438,131.4,21.9,'18/06/24 Μαργαριτάκης Μανώλης 438 κυβικά 131,4€','',1,23,46,0.3);
INSERT INTO "synet_watercons" ("id","serialNumber","date","finalIndication","initialIndication","intermediateIndication","cubicMeters","billableCubicMeters","hydronomistsCubicMeters","cost","hydronomistsRight","viberMsg","notes","counter_id","customer_id","field_id","costPerMeter") VALUES (101,103,'2024-06-19',534291,534164,534164,127,127,127,38.1,6.35,'19/06/24 Ρεστιβάκη Γεωργία Παπαδημητρόπουλος Χαρίδημος 127 κυβικά 38,1€','',1,20,55,0.3);
INSERT INTO "synet_watercons" ("id","serialNumber","date","finalIndication","initialIndication","intermediateIndication","cubicMeters","billableCubicMeters","hydronomistsCubicMeters","cost","hydronomistsRight","viberMsg","notes","counter_id","customer_id","field_id","costPerMeter") VALUES (102,104,'2024-06-20',534625,534291,534291,334,334,334,100.2,16.7,'20/06/24 Βερβελάκης Μανώλης 334 κυβικά 100,2€','',1,31,60,0.3);
INSERT INTO "synet_watercons" ("id","serialNumber","date","finalIndication","initialIndication","intermediateIndication","cubicMeters","billableCubicMeters","hydronomistsCubicMeters","cost","hydronomistsRight","viberMsg","notes","counter_id","customer_id","field_id","costPerMeter") VALUES (103,105,'2024-06-21',534697,534625,534625,72,72,72,21.6,3.6,'21/06/24 Βερβελάκης Μανώλης 72 κυβικά 21,6€','',1,31,60,0.3);
INSERT INTO "synet_watercons" ("id","serialNumber","date","finalIndication","initialIndication","intermediateIndication","cubicMeters","billableCubicMeters","hydronomistsCubicMeters","cost","hydronomistsRight","viberMsg","notes","counter_id","customer_id","field_id","costPerMeter") VALUES (104,106,'2024-06-21',534771,534697,534697,74,74,74,22.2,3.7,'21/06/24 Μαρουλάκης Στέλιος 74 κυβικά 22,2€','',1,14,14,0.3);
INSERT INTO "synet_watercons" ("id","serialNumber","date","finalIndication","initialIndication","intermediateIndication","cubicMeters","billableCubicMeters","hydronomistsCubicMeters","cost","hydronomistsRight","viberMsg","notes","counter_id","customer_id","field_id","costPerMeter") VALUES (105,107,'2024-06-22',535022,534771,534771,251,251,251,75.3,12.55,'22/06/24 Russi Bilal ( Χρήστος) 251 κυβικά 75,3€','',1,2,2,0.3);
INSERT INTO "synet_watercons" ("id","serialNumber","date","finalIndication","initialIndication","intermediateIndication","cubicMeters","billableCubicMeters","hydronomistsCubicMeters","cost","hydronomistsRight","viberMsg","notes","counter_id","customer_id","field_id","costPerMeter") VALUES (106,108,'2024-06-22',2037,1970,1970,67,67,67,20.1,3.35,'22/06/24 Russi Bilal ( Χρήστος) 67 κυβικά 20,1€','',2,2,2,0.3);
INSERT INTO "synet_watercons" ("id","serialNumber","date","finalIndication","initialIndication","intermediateIndication","cubicMeters","billableCubicMeters","hydronomistsCubicMeters","cost","hydronomistsRight","viberMsg","notes","counter_id","customer_id","field_id","costPerMeter") VALUES (107,109,'2024-06-19',10564,10435,10435,129,129,129,51.6,6.45,'19/06/24 Ρεστιβάκη Γεωργία Παπαδημητρόπουλος Χαρίδημος 129 κυβικά 51,6€','',4,20,55,0.3);
INSERT INTO "synet_watercons" ("id","serialNumber","date","finalIndication","initialIndication","intermediateIndication","cubicMeters","billableCubicMeters","hydronomistsCubicMeters","cost","hydronomistsRight","viberMsg","notes","counter_id","customer_id","field_id","costPerMeter") VALUES (108,110,'2024-06-23',535225,535022,535022,203,203,203,60.9,10.15,'23/06/24 Russi Adem( Ανδρέας) 203 κυβικά 60,9€','',1,1,1,0.3);
INSERT INTO "synet_watercons" ("id","serialNumber","date","finalIndication","initialIndication","intermediateIndication","cubicMeters","billableCubicMeters","hydronomistsCubicMeters","cost","hydronomistsRight","viberMsg","notes","counter_id","customer_id","field_id","costPerMeter") VALUES (109,111,'2024-06-23',2134,2037,2037,97,97,97,29.1,4.85,'23/06/24 Russi Adem( Ανδρέας) 97 κυβικά 29,1€','',2,1,1,0.3);
INSERT INTO "synet_watercons" ("id","serialNumber","date","finalIndication","initialIndication","intermediateIndication","cubicMeters","billableCubicMeters","hydronomistsCubicMeters","cost","hydronomistsRight","viberMsg","notes","counter_id","customer_id","field_id","costPerMeter") VALUES (110,112,'2024-06-24',535297,535225,535225,72,72,72,21.6,3.6,'24/06/24 Ποντικάκης Μανώλης 72 κυβικά 21,6€','',1,26,58,0.3);
INSERT INTO "synet_watercons" ("id","serialNumber","date","finalIndication","initialIndication","intermediateIndication","cubicMeters","billableCubicMeters","hydronomistsCubicMeters","cost","hydronomistsRight","viberMsg","notes","counter_id","customer_id","field_id","costPerMeter") VALUES (111,113,'2024-06-25',535674,535297,535297,377,377,377,113.1,18.85,'25/06/24 Πατιτάκης Μανώλης 377 κυβικά 113,1€','',1,8,8,0.3);
INSERT INTO "synet_watercons" ("id","serialNumber","date","finalIndication","initialIndication","intermediateIndication","cubicMeters","billableCubicMeters","hydronomistsCubicMeters","cost","hydronomistsRight","viberMsg","notes","counter_id","customer_id","field_id","costPerMeter") VALUES (112,114,'2024-06-27',536357,535674,535674,683,683,683,204.9,34.15,'27/06/24 Βερβελάκης Γεώργιος 683 κυβικά 204,9€','',1,5,5,0.3);
INSERT INTO "synet_watercons" ("id","serialNumber","date","finalIndication","initialIndication","intermediateIndication","cubicMeters","billableCubicMeters","hydronomistsCubicMeters","cost","hydronomistsRight","viberMsg","notes","counter_id","customer_id","field_id","costPerMeter") VALUES (113,115,'2024-06-04',16281,16245,16245,36,36,36,10.8,1.8,'04/06/24 Μπρότσικας Κώστας 36 κυβικά 10,8€','',3,32,61,0.3);
INSERT INTO "synet_watercons" ("id","serialNumber","date","finalIndication","initialIndication","intermediateIndication","cubicMeters","billableCubicMeters","hydronomistsCubicMeters","cost","hydronomistsRight","viberMsg","notes","counter_id","customer_id","field_id","costPerMeter") VALUES (114,116,'2024-06-24',16354,16281,16281,73,73,73,21.9,3.65,'24/06/24 Βερβελάκης Μανώλης 73 κυβικά 21,9€','',3,31,60,0.3);
INSERT INTO "synet_watercons" ("id","serialNumber","date","finalIndication","initialIndication","intermediateIndication","cubicMeters","billableCubicMeters","hydronomistsCubicMeters","cost","hydronomistsRight","viberMsg","notes","counter_id","customer_id","field_id","costPerMeter") VALUES (115,117,'2024-06-28',536491,536357,536357,134,134,134,40.2,6.7,'28/06/24 Μαρουλάκης Στέλιος 134 κυβικά 40,2€','',1,14,14,0.3);
INSERT INTO "synet_watercons" ("id","serialNumber","date","finalIndication","initialIndication","intermediateIndication","cubicMeters","billableCubicMeters","hydronomistsCubicMeters","cost","hydronomistsRight","viberMsg","notes","counter_id","customer_id","field_id","costPerMeter") VALUES (116,118,'2024-06-28',536546,536491,536491,55,55,55,16.5,2.75,'28/06/24 Χατζοβασιλάκη Μαρία 55 κυβικά 16,5€','',1,13,13,0.3);
INSERT INTO "synet_watercons" ("id","serialNumber","date","finalIndication","initialIndication","intermediateIndication","cubicMeters","billableCubicMeters","hydronomistsCubicMeters","cost","hydronomistsRight","viberMsg","notes","counter_id","customer_id","field_id","costPerMeter") VALUES (117,119,'2024-06-29',536665,536546,536546,119,119,119,35.7,5.95,'29/06/24 Μαρουλάκης Στέλιος 119 κυβικά 35,7€','',1,14,14,0.3);
INSERT INTO "synet_watercons" ("id","serialNumber","date","finalIndication","initialIndication","intermediateIndication","cubicMeters","billableCubicMeters","hydronomistsCubicMeters","cost","hydronomistsRight","viberMsg","notes","counter_id","customer_id","field_id","costPerMeter") VALUES (118,120,'2024-06-29',536725,536665,536665,60,60,60,18,3,'29/06/24 Κικάκης Μιχ. τ. Ιωάννου 60 κυβικά 18€','',1,7,7,0.3);
INSERT INTO "synet_watercons" ("id","serialNumber","date","finalIndication","initialIndication","intermediateIndication","cubicMeters","billableCubicMeters","hydronomistsCubicMeters","cost","hydronomistsRight","viberMsg","notes","counter_id","customer_id","field_id","costPerMeter") VALUES (119,121,'2024-06-30',536863,536725,536725,138,138,138,41.4,6.9,'30/06/24 Κικάκης Μιχ. τ. Εμμ. 138 κυβικά 41,4€','',1,28,54,0.3);
INSERT INTO "synet_watercons" ("id","serialNumber","date","finalIndication","initialIndication","intermediateIndication","cubicMeters","billableCubicMeters","hydronomistsCubicMeters","cost","hydronomistsRight","viberMsg","notes","counter_id","customer_id","field_id","costPerMeter") VALUES (120,122,'2024-07-01',537213,536863,536863,350,350,350,105,17.5,'01/07/24 Ποντικάκης Μανώλης 350 κυβικά 105€','',1,26,58,0.3);
INSERT INTO "synet_watercons" ("id","serialNumber","date","finalIndication","initialIndication","intermediateIndication","cubicMeters","billableCubicMeters","hydronomistsCubicMeters","cost","hydronomistsRight","viberMsg","notes","counter_id","customer_id","field_id","costPerMeter") VALUES (121,123,'2024-07-02',537475,537213,537213,262,262,262,78.6,13.1,'02/07/24 Χατζοβασιλάκη Κατερίνα 262 κυβικά 78,6€','',1,16,16,0.3);
INSERT INTO "synet_watercons" ("id","serialNumber","date","finalIndication","initialIndication","intermediateIndication","cubicMeters","billableCubicMeters","hydronomistsCubicMeters","cost","hydronomistsRight","viberMsg","notes","counter_id","customer_id","field_id","costPerMeter") VALUES (122,124,'2024-07-03',537851,537475,537475,376,376,376,112.8,18.8,'03/07/24 Χατζοβασιλάκη Μαρία 376 κυβικά 112,8€','',1,13,13,0.3);
INSERT INTO "synet_watercons" ("id","serialNumber","date","finalIndication","initialIndication","intermediateIndication","cubicMeters","billableCubicMeters","hydronomistsCubicMeters","cost","hydronomistsRight","viberMsg","notes","counter_id","customer_id","field_id","costPerMeter") VALUES (123,125,'2024-07-04',538126,537851,537851,275,275,275,82.5,13.75,'04/07/24 Βαρδάκης Μανώλης Ματθαίου 275 κυβικά 82,5€','',1,17,17,0.3);
INSERT INTO "synet_watercons" ("id","serialNumber","date","finalIndication","initialIndication","intermediateIndication","cubicMeters","billableCubicMeters","hydronomistsCubicMeters","cost","hydronomistsRight","viberMsg","notes","counter_id","customer_id","field_id","costPerMeter") VALUES (124,126,'2024-07-05',538273,538126,538126,147,147,147,44.1,7.35,'05/07/24 Παπαδημητροπούλου Μαρία Θαλασσινός Γιώργος 147 κυβικά 44,1€','',1,4,4,0.3);
INSERT INTO "synet_watercons" ("id","serialNumber","date","finalIndication","initialIndication","intermediateIndication","cubicMeters","billableCubicMeters","hydronomistsCubicMeters","cost","hydronomistsRight","viberMsg","notes","counter_id","customer_id","field_id","costPerMeter") VALUES (125,127,'2024-07-06',538407,538273,538273,134,134,134,40.2,6.7,'06/07/24 Ρεστιβάκη Γεωργία Παπαδημητρόπουλος Χαρίδημος 134 κυβικά 40,2€','',1,20,55,0.3);
INSERT INTO "synet_watercons" ("id","serialNumber","date","finalIndication","initialIndication","intermediateIndication","cubicMeters","billableCubicMeters","hydronomistsCubicMeters","cost","hydronomistsRight","viberMsg","notes","counter_id","customer_id","field_id","costPerMeter") VALUES (126,128,'2024-07-06',10688,10564,10564,124,124,124,49.6,6.2,'06/07/24 Ρεστιβάκη Γεωργία Παπαδημητρόπουλος Χαρίδημος 124 κυβικά 49,6€','',4,20,55,0.3);
INSERT INTO "synet_watercons" ("id","serialNumber","date","finalIndication","initialIndication","intermediateIndication","cubicMeters","billableCubicMeters","hydronomistsCubicMeters","cost","hydronomistsRight","viberMsg","notes","counter_id","customer_id","field_id","costPerMeter") VALUES (127,129,'2024-07-07',538499,538407,538407,92,92,92,36.8,4.6,'07/07/24 Γρυνιεζάκης Δημήτρης 92 κυβικά 36,8€','',1,24,62,0.3);
INSERT INTO "synet_watercons" ("id","serialNumber","date","finalIndication","initialIndication","intermediateIndication","cubicMeters","billableCubicMeters","hydronomistsCubicMeters","cost","hydronomistsRight","viberMsg","notes","counter_id","customer_id","field_id","costPerMeter") VALUES (128,130,'2024-07-07',538531,538499,538499,32,32,32,9.6,1.6,'07/07/24 Παπαδημητρόπουλος Γεώργιος Άγγελου 32 κυβικά 9,6€','',1,22,26,0.3);
INSERT INTO "synet_watercons" ("id","serialNumber","date","finalIndication","initialIndication","intermediateIndication","cubicMeters","billableCubicMeters","hydronomistsCubicMeters","cost","hydronomistsRight","viberMsg","notes","counter_id","customer_id","field_id","costPerMeter") VALUES (129,131,'2024-07-08',538612,538531,538531,81,81,81,24.3,4.05,'08/07/24 Χατζοβασιλάκη Ηρώ 81 κυβικά 24,3€','',1,33,63,0.3);
INSERT INTO "synet_watercons" ("id","serialNumber","date","finalIndication","initialIndication","intermediateIndication","cubicMeters","billableCubicMeters","hydronomistsCubicMeters","cost","hydronomistsRight","viberMsg","notes","counter_id","customer_id","field_id","costPerMeter") VALUES (130,132,'2024-07-09',538775,538612,538612,163,163,163,48.9,8.15,'09/07/24 Κοκινάκης Θεοχάρης 163 κυβικά 48,9€','',1,34,64,0.3);
INSERT INTO "synet_watercons" ("id","serialNumber","date","finalIndication","initialIndication","intermediateIndication","cubicMeters","billableCubicMeters","hydronomistsCubicMeters","cost","hydronomistsRight","viberMsg","notes","counter_id","customer_id","field_id","costPerMeter") VALUES (131,133,'2024-07-09',10793,10688,10688,105,105,105,42,5.25,'09/07/24 Κοκινάκης Θεοχάρης 105 κυβικά 42€','',4,34,64,0.3);
INSERT INTO "synet_watercons" ("id","serialNumber","date","finalIndication","initialIndication","intermediateIndication","cubicMeters","billableCubicMeters","hydronomistsCubicMeters","cost","hydronomistsRight","viberMsg","notes","counter_id","customer_id","field_id","costPerMeter") VALUES (132,134,'2024-07-10',539098,538775,538775,323,323,323,96.9,16.15,'10/07/24 Πατιτάκη Γιάννα 323 κυβικά 96,9€','',1,30,57,0.3);
INSERT INTO "synet_watercons" ("id","serialNumber","date","finalIndication","initialIndication","intermediateIndication","cubicMeters","billableCubicMeters","hydronomistsCubicMeters","cost","hydronomistsRight","viberMsg","notes","counter_id","customer_id","field_id","costPerMeter") VALUES (133,135,'2024-07-11',539326,539098,539098,228,228,228,68.4,11.4,'11/07/24 Πιτροπάκης Γεώργιος Νικολάου 228 κυβικά 68,4€','',1,35,65,0.3);
INSERT INTO "synet_watercons" ("id","serialNumber","date","finalIndication","initialIndication","intermediateIndication","cubicMeters","billableCubicMeters","hydronomistsCubicMeters","cost","hydronomistsRight","viberMsg","notes","counter_id","customer_id","field_id","costPerMeter") VALUES (134,136,'2024-07-13',539653,539326,539326,327,327,327,98.1,16.35,'13/07/24 Ζώτος Σπύρος 327 κυβικά 98,1€','',1,6,6,0.3);
INSERT INTO "synet_watercons" ("id","serialNumber","date","finalIndication","initialIndication","intermediateIndication","cubicMeters","billableCubicMeters","hydronomistsCubicMeters","cost","hydronomistsRight","viberMsg","notes","counter_id","customer_id","field_id","costPerMeter") VALUES (135,137,'2024-07-13',539815,539653,539653,162,162,162,48.6,8.1,'13/07/24 Κικάκης Μιχ. τ. Εμμ. 162 κυβικά 48,6€','',1,28,54,0.3);
INSERT INTO "synet_watercons" ("id","serialNumber","date","finalIndication","initialIndication","intermediateIndication","cubicMeters","billableCubicMeters","hydronomistsCubicMeters","cost","hydronomistsRight","viberMsg","notes","counter_id","customer_id","field_id","costPerMeter") VALUES (136,138,'2024-07-14',2346,2037,2037,309,309,309,92.7,15.45,'14/07/24 Προεστάκη Γλυκερία 309 κυβικά 92,70€','',2,21,25,0.3);
INSERT INTO "synet_watercons" ("id","serialNumber","date","finalIndication","initialIndication","intermediateIndication","cubicMeters","billableCubicMeters","hydronomistsCubicMeters","cost","hydronomistsRight","viberMsg","notes","counter_id","customer_id","field_id","costPerMeter") VALUES (137,139,'2024-07-15',539900,539815,539815,85,85,85,25.5,4.25,'15/07/24 Ποντικάκης Μανώλης 85 κυβικά 25,50€','',1,26,58,0.3);
INSERT INTO "synet_watercons" ("id","serialNumber","date","finalIndication","initialIndication","intermediateIndication","cubicMeters","billableCubicMeters","hydronomistsCubicMeters","cost","hydronomistsRight","viberMsg","notes","counter_id","customer_id","field_id","costPerMeter") VALUES (138,140,'2024-07-16',540084,539900,539900,184,184,184,55.2,9.2,'16/07/24 Μαρουλάκης Ιωάννης 184 κυβικά 55,20€','',1,3,3,0.3);
INSERT INTO "synet_watercons" ("id","serialNumber","date","finalIndication","initialIndication","intermediateIndication","cubicMeters","billableCubicMeters","hydronomistsCubicMeters","cost","hydronomistsRight","viberMsg","notes","counter_id","customer_id","field_id","costPerMeter") VALUES (139,141,'2024-07-16',540194,540084,540084,110,110,110,33,5.5,'16/07/24 Russi Adem( Ανδρέας) 110 κυβικά 33,00€','',1,1,1,0.3);
INSERT INTO "synet_watercons" ("id","serialNumber","date","finalIndication","initialIndication","intermediateIndication","cubicMeters","billableCubicMeters","hydronomistsCubicMeters","cost","hydronomistsRight","viberMsg","notes","counter_id","customer_id","field_id","costPerMeter") VALUES (140,142,'2024-07-17',540496,540194,540194,302,302,302,90.6,15.1,'17/07/24 Τουλουπάκη Άννα 302 κυβικά 90,60€','',1,11,11,0.3);
INSERT INTO "synet_watercons" ("id","serialNumber","date","finalIndication","initialIndication","intermediateIndication","cubicMeters","billableCubicMeters","hydronomistsCubicMeters","cost","hydronomistsRight","viberMsg","notes","counter_id","customer_id","field_id","costPerMeter") VALUES (141,143,'2024-07-18',540783,540496,540496,287,287,287,86.1,14.35,'18/07/24 Russi Bilal ( Χρήστος) 287 κυβικά 86,10€','',1,2,2,0.3);
INSERT INTO "synet_watercons" ("id","serialNumber","date","finalIndication","initialIndication","intermediateIndication","cubicMeters","billableCubicMeters","hydronomistsCubicMeters","cost","hydronomistsRight","viberMsg","notes","counter_id","customer_id","field_id","costPerMeter") VALUES (142,144,'2024-07-19',540897,540783,540783,114,114,114,34.2,5.7,'19/07/24 Κακλαμάνος Ανδρέας 114 κυβικά 34,20€','',1,36,66,0.3);
INSERT INTO "synet_watercons" ("id","serialNumber","date","finalIndication","initialIndication","intermediateIndication","cubicMeters","billableCubicMeters","hydronomistsCubicMeters","cost","hydronomistsRight","viberMsg","notes","counter_id","customer_id","field_id","costPerMeter") VALUES (143,145,'2024-07-20',541167,540897,540897,270,270,270,81,13.5,'20/07/24 Παπαδημητροπούλου Καίτη 270 κυβικά 81,00€','',1,15,15,0.3);
INSERT INTO "synet_watercons" ("id","serialNumber","date","finalIndication","initialIndication","intermediateIndication","cubicMeters","billableCubicMeters","hydronomistsCubicMeters","cost","hydronomistsRight","viberMsg","notes","counter_id","customer_id","field_id","costPerMeter") VALUES (144,146,'2024-07-21',541429,541167,541167,262,262,262,78.6,13.1,'21/07/24 Κικάκης Μιχ. τ. Εμμ. 262 κυβικά 78,60€','',1,28,54,0.3);
INSERT INTO "synet_watercons" ("id","serialNumber","date","finalIndication","initialIndication","intermediateIndication","cubicMeters","billableCubicMeters","hydronomistsCubicMeters","cost","hydronomistsRight","viberMsg","notes","counter_id","customer_id","field_id","costPerMeter") VALUES (145,147,'2024-07-22',541550,541429,541429,121,121,121,36.3,6.05,'22/07/24 Παπαδημητροπούλου Μαρία Θαλασσινός Γιώργος 121 κυβικά 36,30€','',1,4,4,0.3);
INSERT INTO "synet_watercons" ("id","serialNumber","date","finalIndication","initialIndication","intermediateIndication","cubicMeters","billableCubicMeters","hydronomistsCubicMeters","cost","hydronomistsRight","viberMsg","notes","counter_id","customer_id","field_id","costPerMeter") VALUES (146,148,'2024-07-23',541838,541550,541550,288,288,288,86.4,14.4,'23/07/24 Βερβελάκης Μανώλης 288 κυβικά 86,40€','',1,31,60,0.3);
INSERT INTO "synet_watercons" ("id","serialNumber","date","finalIndication","initialIndication","intermediateIndication","cubicMeters","billableCubicMeters","hydronomistsCubicMeters","cost","hydronomistsRight","viberMsg","notes","counter_id","customer_id","field_id","costPerMeter") VALUES (147,149,'2024-07-25',542081,541838,541838,243,243,243,72.9,12.15,'25/07/24 Μαρουλάκης Στέλιος 243 κυβικά 72,90€','',1,14,14,0.3);
INSERT INTO "synet_watercons" ("id","serialNumber","date","finalIndication","initialIndication","intermediateIndication","cubicMeters","billableCubicMeters","hydronomistsCubicMeters","cost","hydronomistsRight","viberMsg","notes","counter_id","customer_id","field_id","costPerMeter") VALUES (148,150,'2024-07-25',542126,542081,542081,45,45,45,13.5,2.25,'25/07/24 Βερβελάκης Μανώλης 45 κυβικά 13,50€','',1,31,60,0.3);
INSERT INTO "synet_watercons" ("id","serialNumber","date","finalIndication","initialIndication","intermediateIndication","cubicMeters","billableCubicMeters","hydronomistsCubicMeters","cost","hydronomistsRight","viberMsg","notes","counter_id","customer_id","field_id","costPerMeter") VALUES (149,151,'2024-07-25',16396,16354,16354,42,42,42,12.6,2.1,'25/07/24 Αλεξάκης Μανώλης 42 κυβικά 12,60€','',3,37,67,0.3);
INSERT INTO "synet_watercons" ("id","serialNumber","date","finalIndication","initialIndication","intermediateIndication","cubicMeters","billableCubicMeters","hydronomistsCubicMeters","cost","hydronomistsRight","viberMsg","notes","counter_id","customer_id","field_id","costPerMeter") VALUES (150,152,'2024-07-26',16487,16396,16396,91,91,91,27.3,4.55,'26/07/24 Βερβελάκης Μανώλης 91 κυβικά 27,30€','',3,31,60,0.3);
INSERT INTO "synet_watercons" ("id","serialNumber","date","finalIndication","initialIndication","intermediateIndication","cubicMeters","billableCubicMeters","hydronomistsCubicMeters","cost","hydronomistsRight","viberMsg","notes","counter_id","customer_id","field_id","costPerMeter") VALUES (151,153,'2024-07-25',542179,542126,542126,53,53,53,15.9,2.65,'25/07/24 Προεστάκη Γλυκερία 53 κυβικά 15,90€','',1,21,25,0.3);
INSERT INTO "synet_watercons" ("id","serialNumber","date","finalIndication","initialIndication","intermediateIndication","cubicMeters","billableCubicMeters","hydronomistsCubicMeters","cost","hydronomistsRight","viberMsg","notes","counter_id","customer_id","field_id","costPerMeter") VALUES (152,154,'2024-07-28',542803,542179,542179,624,624,624,187.2,31.2,'28/07/24 Βερβελάκης Γεώργιος 624 κυβικά 187,20€','',1,5,5,0.3);
INSERT INTO "synet_watercons" ("id","serialNumber","date","finalIndication","initialIndication","intermediateIndication","cubicMeters","billableCubicMeters","hydronomistsCubicMeters","cost","hydronomistsRight","viberMsg","notes","counter_id","customer_id","field_id","costPerMeter") VALUES (153,155,'2024-07-30',10958,10793,10793,165,165,165,66,8.25,'30/07/24 Μπετεινάκης Κωστής 165 κυβικά 66,00€','',4,38,68,0.3);
INSERT INTO "synet_watercons" ("id","serialNumber","date","finalIndication","initialIndication","intermediateIndication","cubicMeters","billableCubicMeters","hydronomistsCubicMeters","cost","hydronomistsRight","viberMsg","notes","counter_id","customer_id","field_id","costPerMeter") VALUES (154,156,'2024-07-31',543141,542803,542803,338,338,338,101.4,16.9,'31/07/24 Russi Adem( Ανδρέας) 338 κυβικά 101,40€','',1,1,1,0.3);
INSERT INTO "synet_watercons" ("id","serialNumber","date","finalIndication","initialIndication","intermediateIndication","cubicMeters","billableCubicMeters","hydronomistsCubicMeters","cost","hydronomistsRight","viberMsg","notes","counter_id","customer_id","field_id","costPerMeter") VALUES (155,157,'2024-08-01',543358,543141,543141,217,217,217,65.1,10.85,'01/08/24 Χατζοβασιλάκη Κατερίνα 217 κυβικά 65,10€','',1,16,16,0.3);
INSERT INTO "synet_watercons" ("id","serialNumber","date","finalIndication","initialIndication","intermediateIndication","cubicMeters","billableCubicMeters","hydronomistsCubicMeters","cost","hydronomistsRight","viberMsg","notes","counter_id","customer_id","field_id","costPerMeter") VALUES (156,158,'2024-08-02',16520,16487,16487,33,33,33,9.9,1.65,'02/08/24 Κικάκης Μιχ. τ. Ιωάννου 33 κυβικά 9,90€','',3,7,7,0.3);
INSERT INTO "synet_watercons" ("id","serialNumber","date","finalIndication","initialIndication","intermediateIndication","cubicMeters","billableCubicMeters","hydronomistsCubicMeters","cost","hydronomistsRight","viberMsg","notes","counter_id","customer_id","field_id","costPerMeter") VALUES (157,159,'2024-08-03',543725,543358,543358,367,367,367,110.1,18.35,'03/08/24 Χατζοβασιλάκη Μαρία 367 κυβικά 110,10€','',1,13,13,0.3);
INSERT INTO "synet_watercons" ("id","serialNumber","date","finalIndication","initialIndication","intermediateIndication","cubicMeters","billableCubicMeters","hydronomistsCubicMeters","cost","hydronomistsRight","viberMsg","notes","counter_id","customer_id","field_id","costPerMeter") VALUES (158,160,'2024-08-04',544006,543725,543725,281,281,281,84.3,14.05,'04/08/24 Βαρδάκης Μανώλης Ματθαίου 281 κυβικά 84,30€','',1,17,17,0.3);
INSERT INTO "synet_watercons" ("id","serialNumber","date","finalIndication","initialIndication","intermediateIndication","cubicMeters","billableCubicMeters","hydronomistsCubicMeters","cost","hydronomistsRight","viberMsg","notes","counter_id","customer_id","field_id","costPerMeter") VALUES (159,161,'2024-08-05',544105,544006,544006,99,99,99,29.7,4.95,'05/08/24 Σηφάκη Μαρία 99 κυβικά 29,70€','',1,39,69,0.3);
INSERT INTO "synet_watercons" ("id","serialNumber","date","finalIndication","initialIndication","intermediateIndication","cubicMeters","billableCubicMeters","hydronomistsCubicMeters","cost","hydronomistsRight","viberMsg","notes","counter_id","customer_id","field_id","costPerMeter") VALUES (160,162,'2024-08-06',544173,544105,544105,68,68,68,20.4,3.4,'06/08/24 Ζώτος Σπύρος 68 κυβικά 20,40€','',1,6,6,0.3);
INSERT INTO "synet_watercons" ("id","serialNumber","date","finalIndication","initialIndication","intermediateIndication","cubicMeters","billableCubicMeters","hydronomistsCubicMeters","cost","hydronomistsRight","viberMsg","notes","counter_id","customer_id","field_id","costPerMeter") VALUES (161,163,'2024-08-06',544304,544173,544173,131,131,131,52.4,6.55,'06/08/24 Plakut Nikos 131 κυβικά 52,40€','',1,19,59,0.3);
INSERT INTO "synet_watercons" ("id","serialNumber","date","finalIndication","initialIndication","intermediateIndication","cubicMeters","billableCubicMeters","hydronomistsCubicMeters","cost","hydronomistsRight","viberMsg","notes","counter_id","customer_id","field_id","costPerMeter") VALUES (162,164,'2024-08-06',544334,544304,544304,30,30,30,9,1.5,'06/08/24 Παπαδημητρόπουλος Γεώργιος Άγγελου 30 κυβικά 9,00€','',1,22,26,0.3);
INSERT INTO "synet_watercons" ("id","serialNumber","date","finalIndication","initialIndication","intermediateIndication","cubicMeters","billableCubicMeters","hydronomistsCubicMeters","cost","hydronomistsRight","viberMsg","notes","counter_id","customer_id","field_id","costPerMeter") VALUES (163,165,'2024-08-07',544750,544334,544334,416,416,416,124.8,20.8,'07/08/24 Πατιτάκης Μανώλης 416 κυβικά 124,80€','',1,8,8,0.3);
INSERT INTO "synet_watercons" ("id","serialNumber","date","finalIndication","initialIndication","intermediateIndication","cubicMeters","billableCubicMeters","hydronomistsCubicMeters","cost","hydronomistsRight","viberMsg","notes","counter_id","customer_id","field_id","costPerMeter") VALUES (164,166,'2024-08-08',545124,544750,544750,374,374,374,112.2,18.7,'08/08/24 Ζώτος Σπύρος 374 κυβικά 112,20€','',1,6,6,0.3);
INSERT INTO "synet_watercons" ("id","serialNumber","date","finalIndication","initialIndication","intermediateIndication","cubicMeters","billableCubicMeters","hydronomistsCubicMeters","cost","hydronomistsRight","viberMsg","notes","counter_id","customer_id","field_id","costPerMeter") VALUES (165,167,'2024-08-10',2548,2346,2346,202,202,202,60.6,10.1,'10/08/24 Βασιλάκης Ιω. τ. Νικολάου 202 κυβικά 60,60€','',2,9,9,0.3);
INSERT INTO "synet_watercons" ("id","serialNumber","date","finalIndication","initialIndication","intermediateIndication","cubicMeters","billableCubicMeters","hydronomistsCubicMeters","cost","hydronomistsRight","viberMsg","notes","counter_id","customer_id","field_id","costPerMeter") VALUES (166,168,'2024-08-11',545415,545124,545124,291,291,291,87.3,14.55,'11/08/24 Μαργαριτάκης Μανώλης 291 κυβικά 87,30€','',1,23,46,0.3);
INSERT INTO "synet_watercons" ("id","serialNumber","date","finalIndication","initialIndication","intermediateIndication","cubicMeters","billableCubicMeters","hydronomistsCubicMeters","cost","hydronomistsRight","viberMsg","notes","counter_id","customer_id","field_id","costPerMeter") VALUES (167,169,'2024-08-13',545744,545415,545415,329,329,329,98.7,16.45,'13/08/24 Κικάκης Νικόλαος 329 κυβικά 98,70€','',1,40,70,0.3);
INSERT INTO "synet_watercons" ("id","serialNumber","date","finalIndication","initialIndication","intermediateIndication","cubicMeters","billableCubicMeters","hydronomistsCubicMeters","cost","hydronomistsRight","viberMsg","notes","counter_id","customer_id","field_id","costPerMeter") VALUES (168,170,'2024-08-14',545895,545744,545744,151,151,151,45.3,7.55,'14/08/24 Πιτροπάκης Γεώργιος Νικολάου 151 κυβικά 45,30€','',1,35,65,0.3);
INSERT INTO "synet_watercons" ("id","serialNumber","date","finalIndication","initialIndication","intermediateIndication","cubicMeters","billableCubicMeters","hydronomistsCubicMeters","cost","hydronomistsRight","viberMsg","notes","counter_id","customer_id","field_id","costPerMeter") VALUES (169,171,'2024-08-15',546055,545895,545895,160,160,160,48,8,'15/08/24 Παπαδημητρόπουλος Ιωάννης Νικολάου 160 κυβικά 48,00€','',1,41,71,0.3);
INSERT INTO "synet_watercons" ("id","serialNumber","date","finalIndication","initialIndication","intermediateIndication","cubicMeters","billableCubicMeters","hydronomistsCubicMeters","cost","hydronomistsRight","viberMsg","notes","counter_id","customer_id","field_id","costPerMeter") VALUES (170,172,'2024-08-16',546190,546055,546055,135,135,135,40.5,6.75,'16/08/24 Κακλαμάνος Ανδρέας 135 κυβικά 40,50€','',1,36,66,0.3);
INSERT INTO "synet_watercons" ("id","serialNumber","date","finalIndication","initialIndication","intermediateIndication","cubicMeters","billableCubicMeters","hydronomistsCubicMeters","cost","hydronomistsRight","viberMsg","notes","counter_id","customer_id","field_id","costPerMeter") VALUES (171,173,'2024-08-17',546473,546190,546190,283,283,283,84.9,14.15,'17/08/24 Κικάκης Μιχ. τ. Ιωάννου 283 κυβικά 84,90€','',1,7,7,0.3);
INSERT INTO "synet_watercons" ("id","serialNumber","date","finalIndication","initialIndication","intermediateIndication","cubicMeters","billableCubicMeters","hydronomistsCubicMeters","cost","hydronomistsRight","viberMsg","notes","counter_id","customer_id","field_id","costPerMeter") VALUES (172,174,'2024-08-18',546775,546473,546473,302,302,302,90.6,15.1,'18/08/24 Russi Bilal ( Χρήστος) 302 κυβικά 90,60€','',1,2,2,0.3);
INSERT INTO "synet_watercons" ("id","serialNumber","date","finalIndication","initialIndication","intermediateIndication","cubicMeters","billableCubicMeters","hydronomistsCubicMeters","cost","hydronomistsRight","viberMsg","notes","counter_id","customer_id","field_id","costPerMeter") VALUES (173,175,'2024-08-20',547069,546775,546775,294,294,294,88.2,14.7,'20/08/24 Russi Adem( Ανδρέας) 294 κυβικά 88,20€','',1,1,1,0.3);
INSERT INTO "synet_watercons" ("id","serialNumber","date","finalIndication","initialIndication","intermediateIndication","cubicMeters","billableCubicMeters","hydronomistsCubicMeters","cost","hydronomistsRight","viberMsg","notes","counter_id","customer_id","field_id","costPerMeter") VALUES (174,176,'2024-08-21',547239,547069,547069,170,170,170,51,8.5,'21/08/24 Μαρουλάκης Ιωάννης 170 κυβικά 51,00€','',1,3,3,0.3);
INSERT INTO "synet_watercons" ("id","serialNumber","date","finalIndication","initialIndication","intermediateIndication","cubicMeters","billableCubicMeters","hydronomistsCubicMeters","cost","hydronomistsRight","viberMsg","notes","counter_id","customer_id","field_id","costPerMeter") VALUES (175,177,'2024-08-21',547310,547239,547239,71,71,71,21.3,3.55,'21/08/24 Ποντικάκης Μανώλης 71 κυβικά 21,30€','',1,26,58,0.3);
INSERT INTO "synet_watercons" ("id","serialNumber","date","finalIndication","initialIndication","intermediateIndication","cubicMeters","billableCubicMeters","hydronomistsCubicMeters","cost","hydronomistsRight","viberMsg","notes","counter_id","customer_id","field_id","costPerMeter") VALUES (176,178,'2024-08-22',547547,547310,547310,237,237,237,71.1,11.85,'22/08/24 Τουλουπάκη Άννα 237 κυβικά 71,10€','',1,11,11,0.3);
INSERT INTO "synet_watercons" ("id","serialNumber","date","finalIndication","initialIndication","intermediateIndication","cubicMeters","billableCubicMeters","hydronomistsCubicMeters","cost","hydronomistsRight","viberMsg","notes","counter_id","customer_id","field_id","costPerMeter") VALUES (177,179,'2024-08-23',547625,547547,547547,78,78,78,31.2,3.9,'Παρ 23/08/24 Γρυνιεζάκης Δημήτρης 78 κυβικά 31,20€','',1,24,62,0.3);
INSERT INTO "synet_watercons" ("id","serialNumber","date","finalIndication","initialIndication","intermediateIndication","cubicMeters","billableCubicMeters","hydronomistsCubicMeters","cost","hydronomistsRight","viberMsg","notes","counter_id","customer_id","field_id","costPerMeter") VALUES (178,180,'2024-08-24',547779,547625,547625,154,154,154,46.2,7.7,'Σάβ 24/08/24 Παπαδημητροπούλου Μαρία Θαλασσινός Γιώργος 154 κυβικά 46,20€','',1,4,4,0.3);
INSERT INTO "synet_watercons" ("id","serialNumber","date","finalIndication","initialIndication","intermediateIndication","cubicMeters","billableCubicMeters","hydronomistsCubicMeters","cost","hydronomistsRight","viberMsg","notes","counter_id","customer_id","field_id","costPerMeter") VALUES (179,181,'2024-08-24',547893,547779,547779,114,114,114,34.2,5.7,'Σάβ 24/08/24 Παπαδημητροπούλου Καίτη 114 κυβικά 34,20€','',1,15,15,0.3);
INSERT INTO "synet_watercons" ("id","serialNumber","date","finalIndication","initialIndication","intermediateIndication","cubicMeters","billableCubicMeters","hydronomistsCubicMeters","cost","hydronomistsRight","viberMsg","notes","counter_id","customer_id","field_id","costPerMeter") VALUES (180,182,'2024-08-25',548255,547893,547893,362,362,362,108.6,18.1,'Κυρ 25/08/24 Βερβελάκης Γεώργιος 362 κυβικά 108,60€','',1,5,5,0.3);
INSERT INTO "synet_watercons" ("id","serialNumber","date","finalIndication","initialIndication","intermediateIndication","cubicMeters","billableCubicMeters","hydronomistsCubicMeters","cost","hydronomistsRight","viberMsg","notes","counter_id","customer_id","field_id","costPerMeter") VALUES (181,183,'2024-08-26',548314,548255,548255,59,59,59,17.7,2.95,'Δευ 26/08/24 Βερβελάκης Μανώλης 59 κυβικά 17,70€','',1,31,60,0.3);
INSERT INTO "synet_watercons" ("id","serialNumber","date","finalIndication","initialIndication","intermediateIndication","cubicMeters","billableCubicMeters","hydronomistsCubicMeters","cost","hydronomistsRight","viberMsg","notes","counter_id","customer_id","field_id","costPerMeter") VALUES (182,184,'2024-08-27',548567,548314,548314,253,253,253,75.9,12.65,'Τρί 27/08/24 Μαρουλάκης Στέλιος 253 κυβικά 75,90€','',1,14,14,0.3);
INSERT INTO "synet_watercons" ("id","serialNumber","date","finalIndication","initialIndication","intermediateIndication","cubicMeters","billableCubicMeters","hydronomistsCubicMeters","cost","hydronomistsRight","viberMsg","notes","counter_id","customer_id","field_id","costPerMeter") VALUES (183,185,'2024-08-28',2749,2548,2548,201,201,201,60.3,10.05,'Τετ 28/08/24 Προεστάκη Γλυκερία 201 κυβικά 60,30€','',2,21,25,0.3);
INSERT INTO "synet_watercons" ("id","serialNumber","date","finalIndication","initialIndication","intermediateIndication","cubicMeters","billableCubicMeters","hydronomistsCubicMeters","cost","hydronomistsRight","viberMsg","notes","counter_id","customer_id","field_id","costPerMeter") VALUES (184,186,'2024-08-29',548918,548567,548567,351,351,351,105.3,17.55,'Πέμ 29/08/24 Ποντικάκης Μανώλης 351 κυβικά 105,30€','',1,26,58,0.3);
INSERT INTO "synet_watercons" ("id","serialNumber","date","finalIndication","initialIndication","intermediateIndication","cubicMeters","billableCubicMeters","hydronomistsCubicMeters","cost","hydronomistsRight","viberMsg","notes","counter_id","customer_id","field_id","costPerMeter") VALUES (185,187,'2024-08-29',549013,548918,548918,95,95,95,28.5,4.75,'Πέμ 29/08/24 Μαρουλάκης Στέλιος 95 κυβικά 28,50€','',1,14,14,0.3);
INSERT INTO "synet_watercons" ("id","serialNumber","date","finalIndication","initialIndication","intermediateIndication","cubicMeters","billableCubicMeters","hydronomistsCubicMeters","cost","hydronomistsRight","viberMsg","notes","counter_id","customer_id","field_id","costPerMeter") VALUES (186,188,'2024-09-01',549210,549013,549013,197,197,197,59.1,9.85,'Κυρ 01/09/24 Ρεστιβάκη Γεωργία Παπαδημητρόπουλος Χαρίδημος 197 κυβικά 59,10€','',1,20,55,0.3);
INSERT INTO "synet_watercons" ("id","serialNumber","date","finalIndication","initialIndication","intermediateIndication","cubicMeters","billableCubicMeters","hydronomistsCubicMeters","cost","hydronomistsRight","viberMsg","notes","counter_id","customer_id","field_id","costPerMeter") VALUES (187,189,'2024-09-01',11206,10958,10958,248,248,248,99.2,12.4,'Κυρ 01/09/24 Ρεστιβάκη Γεωργία Παπαδημητρόπουλος Χαρίδημος 248 κυβικά 99,20€','',4,20,55,0.3);
INSERT INTO "synet_watercons" ("id","serialNumber","date","finalIndication","initialIndication","intermediateIndication","cubicMeters","billableCubicMeters","hydronomistsCubicMeters","cost","hydronomistsRight","viberMsg","notes","counter_id","customer_id","field_id","costPerMeter") VALUES (188,190,'2024-09-02',549305,549210,549210,95,95,95,28.5,4.75,'Δευ 02/09/24 Βερβελάκης Μανώλης 95 κυβικά 28,50€','',1,31,60,0.3);
INSERT INTO "synet_watercons" ("id","serialNumber","date","finalIndication","initialIndication","intermediateIndication","cubicMeters","billableCubicMeters","hydronomistsCubicMeters","cost","hydronomistsRight","viberMsg","notes","counter_id","customer_id","field_id","costPerMeter") VALUES (189,191,'2024-09-02',549481,549305,549305,176,176,176,52.8,8.8,'Δευ 02/09/24 Ζώτος Σπύρος 176 κυβικά 52,80€','',1,6,6,0.3);
INSERT INTO "synet_watercons" ("id","serialNumber","date","finalIndication","initialIndication","intermediateIndication","cubicMeters","billableCubicMeters","hydronomistsCubicMeters","cost","hydronomistsRight","viberMsg","notes","counter_id","customer_id","field_id","costPerMeter") VALUES (190,192,'2024-09-03',549753,549481,549481,272,272,272,81.6,13.6,'Τρί 03/09/24 Κικάκης Μιχ. τ. Εμμ. 272 κυβικά 81,60€','',1,28,54,0.3);
INSERT INTO "synet_watercons" ("id","serialNumber","date","finalIndication","initialIndication","intermediateIndication","cubicMeters","billableCubicMeters","hydronomistsCubicMeters","cost","hydronomistsRight","viberMsg","notes","counter_id","customer_id","field_id","costPerMeter") VALUES (191,193,'2024-09-05',550260,549753,549753,507,507,507,152.1,25.35,'Πέμ 05/09/24 Βερβελάκης Γεώργιος 507 κυβικά 152,10€','',1,5,5,0.3);
INSERT INTO "synet_watercons" ("id","serialNumber","date","finalIndication","initialIndication","intermediateIndication","cubicMeters","billableCubicMeters","hydronomistsCubicMeters","cost","hydronomistsRight","viberMsg","notes","counter_id","customer_id","field_id","costPerMeter") VALUES (192,194,'2024-09-06',550377,550260,550260,117,117,117,35.1,5.85,'Παρ 06/09/24 Κακλαμάνος Ανδρέας 117 κυβικά 35,10€','',1,36,66,0.3);
INSERT INTO "synet_watercons" ("id","serialNumber","date","finalIndication","initialIndication","intermediateIndication","cubicMeters","billableCubicMeters","hydronomistsCubicMeters","cost","hydronomistsRight","viberMsg","notes","counter_id","customer_id","field_id","costPerMeter") VALUES (193,195,'2024-09-07',550541,550377,550377,164,164,164,49.2,8.2,'Σάβ 07/09/24 Βερβελάκης Μανώλης 164 κυβικά 49,20€','',1,31,60,0.3);
INSERT INTO "synet_watercons" ("id","serialNumber","date","finalIndication","initialIndication","intermediateIndication","cubicMeters","billableCubicMeters","hydronomistsCubicMeters","cost","hydronomistsRight","viberMsg","notes","counter_id","customer_id","field_id","costPerMeter") VALUES (194,196,'2024-09-07',16584,16520,16520,64,64,64,19.2,3.2,'Σάβ 07/09/24 Βερβελάκης Μανώλης 64 κυβικά 19,20€','',3,31,60,0.3);
INSERT INTO "synet_watercons" ("id","serialNumber","date","finalIndication","initialIndication","intermediateIndication","cubicMeters","billableCubicMeters","hydronomistsCubicMeters","cost","hydronomistsRight","viberMsg","notes","counter_id","customer_id","field_id","costPerMeter") VALUES (195,197,'2024-09-08',550834,550541,550541,293,293,293,87.9,14.65,'Κυρ 08/09/24 Βαρδάκης Μανώλης Ματθαίου 293 κυβικά 87,90€','',1,17,17,0.3);
INSERT INTO "synet_watercons" ("id","serialNumber","date","finalIndication","initialIndication","intermediateIndication","cubicMeters","billableCubicMeters","hydronomistsCubicMeters","cost","hydronomistsRight","viberMsg","notes","counter_id","customer_id","field_id","costPerMeter") VALUES (196,198,'2024-09-10',551077,550834,550834,243,243,243,72.9,12.15,'Τρί 10/09/24 Χατζοβασιλάκη Μαρία 243 κυβικά 72,90€','',1,13,13,0.3);
INSERT INTO "synet_watercons" ("id","serialNumber","date","finalIndication","initialIndication","intermediateIndication","cubicMeters","billableCubicMeters","hydronomistsCubicMeters","cost","hydronomistsRight","viberMsg","notes","counter_id","customer_id","field_id","costPerMeter") VALUES (197,199,'2024-09-12',551596,551077,551077,519,519,519,155.7,25.95,'Πέμ 12/09/24 Πατιτάκη Γιάννα 519 κυβικά 155,70€','',1,30,57,0.3);
INSERT INTO "synet_watercons" ("id","serialNumber","date","finalIndication","initialIndication","intermediateIndication","cubicMeters","billableCubicMeters","hydronomistsCubicMeters","cost","hydronomistsRight","viberMsg","notes","counter_id","customer_id","field_id","costPerMeter") VALUES (198,200,'2024-09-13',551745,551596,551596,149,149,149,44.7,7.45,'Παρ 13/09/24 Ποντικάκης Μανώλης 149 κυβικά 44,70€','',1,26,58,0.3);
INSERT INTO "synet_watercons" ("id","serialNumber","date","finalIndication","initialIndication","intermediateIndication","cubicMeters","billableCubicMeters","hydronomistsCubicMeters","cost","hydronomistsRight","viberMsg","notes","counter_id","customer_id","field_id","costPerMeter") VALUES (199,201,'2024-09-14',2952,2749,2749,203,203,203,60.9,10.15,'Σάβ 14/09/24 Βασιλάκης Ιω. τ. Νικολάου 203 κυβικά 60,90€','',2,9,9,0.3);
INSERT INTO "synet_watercons" ("id","serialNumber","date","finalIndication","initialIndication","intermediateIndication","cubicMeters","billableCubicMeters","hydronomistsCubicMeters","cost","hydronomistsRight","viberMsg","notes","counter_id","customer_id","field_id","costPerMeter") VALUES (200,202,'2024-09-15',551977,551745,551745,232,232,232,69.6,11.6,'Κυρ 15/09/24 Μαργαριτάκης Μανώλης 232 κυβικά 69,60€','',1,23,46,0.3);
INSERT INTO "synet_watercons" ("id","serialNumber","date","finalIndication","initialIndication","intermediateIndication","cubicMeters","billableCubicMeters","hydronomistsCubicMeters","cost","hydronomistsRight","viberMsg","notes","counter_id","customer_id","field_id","costPerMeter") VALUES (201,203,'2024-09-15',11264,11206,11206,58,58,58,23.2,2.9,'Κυρ 15/09/24 Μαργαριτάκης Μανώλης 58 κυβικά 23,20€','',4,23,46,0.3);
INSERT INTO "synet_watercons" ("id","serialNumber","date","finalIndication","initialIndication","intermediateIndication","cubicMeters","billableCubicMeters","hydronomistsCubicMeters","cost","hydronomistsRight","viberMsg","notes","counter_id","customer_id","field_id","costPerMeter") VALUES (202,204,'2024-09-17',552130,551977,551977,153,153,153,45.9,7.65,'Τρί 17/09/24 Μαρουλάκης Ιωάννης 153 κυβικά 45,90€','',1,3,3,0.3);
INSERT INTO "synet_watercons" ("id","serialNumber","date","finalIndication","initialIndication","intermediateIndication","cubicMeters","billableCubicMeters","hydronomistsCubicMeters","cost","hydronomistsRight","viberMsg","notes","counter_id","customer_id","field_id","costPerMeter") VALUES (203,205,'2024-09-18',552363,552130,552130,233,233,233,69.9,11.65,'Τετ 18/09/24 Ζώτος Σπύρος 233 κυβικά 69,90€','',1,6,6,0.3);
INSERT INTO "synet_watercons" ("id","serialNumber","date","finalIndication","initialIndication","intermediateIndication","cubicMeters","billableCubicMeters","hydronomistsCubicMeters","cost","hydronomistsRight","viberMsg","notes","counter_id","customer_id","field_id","costPerMeter") VALUES (204,206,'2024-09-19',552505,552130,552130,375,375,375,112.5,18.75,'Πέμ 19/09/24 Russi Bilal ( Χρήστος) 375 κυβικά 112,50€','',1,2,2,0.3);
INSERT INTO "synet_watercons" ("id","serialNumber","date","finalIndication","initialIndication","intermediateIndication","cubicMeters","billableCubicMeters","hydronomistsCubicMeters","cost","hydronomistsRight","viberMsg","notes","counter_id","customer_id","field_id","costPerMeter") VALUES (205,207,'2024-09-21',3102,2952,2952,150,150,150,45,7.5,'Σάβ 21/09/24 Προεστάκη Γλυκερία 150 κυβικά 45,00€','',2,21,25,0.3);
INSERT INTO "synet_watercons" ("id","serialNumber","date","finalIndication","initialIndication","intermediateIndication","cubicMeters","billableCubicMeters","hydronomistsCubicMeters","cost","hydronomistsRight","viberMsg","notes","counter_id","customer_id","field_id","costPerMeter") VALUES (206,208,'2024-09-22',552617,552505,552505,112,112,112,33.6,5.6,'Κυρ 22/09/24 Παπαδημητροπούλου Μαρία Θαλασσινός Γιώργος 112 κυβικά 33,60€','',1,4,4,0.3);
INSERT INTO "synet_watercons" ("id","serialNumber","date","finalIndication","initialIndication","intermediateIndication","cubicMeters","billableCubicMeters","hydronomistsCubicMeters","cost","hydronomistsRight","viberMsg","notes","counter_id","customer_id","field_id","costPerMeter") VALUES (207,209,'2024-09-24',552782,552617,552617,165,165,165,49.5,8.25,'Τρί 24/09/24 Κικάκης Μιχ. τ. Εμμ. 165 κυβικά 49,50€','',1,28,54,0.3);
INSERT INTO "synet_watercons" ("id","serialNumber","date","finalIndication","initialIndication","intermediateIndication","cubicMeters","billableCubicMeters","hydronomistsCubicMeters","cost","hydronomistsRight","viberMsg","notes","counter_id","customer_id","field_id","costPerMeter") VALUES (208,210,'2024-09-25',552942,552782,552782,160,160,160,48,8,'Τετ 25/09/24 Χατζοβασιλάκη Δανάη 160 κυβικά 48,00€','',1,29,56,0.3);
INSERT INTO "synet_watercons" ("id","serialNumber","date","finalIndication","initialIndication","intermediateIndication","cubicMeters","billableCubicMeters","hydronomistsCubicMeters","cost","hydronomistsRight","viberMsg","notes","counter_id","customer_id","field_id","costPerMeter") VALUES (209,211,'2024-09-26',553126,552942,552942,184,166,184,49.8,8.3,'Πέμ 26/09/24 Κικάκης Μιχ. τ. Ιωάννου 166 κυβικά 49,80€','',1,7,7,0.3);
INSERT INTO "synet_watercons" ("id","serialNumber","date","finalIndication","initialIndication","intermediateIndication","cubicMeters","billableCubicMeters","hydronomistsCubicMeters","cost","hydronomistsRight","viberMsg","notes","counter_id","customer_id","field_id","costPerMeter") VALUES (210,212,'2024-09-28',553221,553126,553126,95,140,95,42,7,'Σάβ 28/09/24 Βερβελάκης Γεώργιος 140 κυβικά 42,00€','',1,5,5,0.3);
INSERT INTO "synet_watercons" ("id","serialNumber","date","finalIndication","initialIndication","intermediateIndication","cubicMeters","billableCubicMeters","hydronomistsCubicMeters","cost","hydronomistsRight","viberMsg","notes","counter_id","customer_id","field_id","costPerMeter") VALUES (211,213,'2024-09-29',553261,553221,553221,40,110,40,33,5.5,'Κυρ 29/09/24 Russi Adem( Ανδρέας) 110 κυβικά 33,00€','',1,1,1,0.3);
INSERT INTO "synet_watercons" ("id","serialNumber","date","finalIndication","initialIndication","intermediateIndication","cubicMeters","billableCubicMeters","hydronomistsCubicMeters","cost","hydronomistsRight","viberMsg","notes","counter_id","customer_id","field_id","costPerMeter") VALUES (212,214,'2024-10-01',10,0,0,10,60,10,18,3,'Τρί 01/10/24 Βερβελάκης Μανώλης 60 κυβικά 18,00€','',1,31,60,0.3);
INSERT INTO "synet_watercons" ("id","serialNumber","date","finalIndication","initialIndication","intermediateIndication","cubicMeters","billableCubicMeters","hydronomistsCubicMeters","cost","hydronomistsRight","viberMsg","notes","counter_id","customer_id","field_id","costPerMeter") VALUES (213,215,'2024-10-02',224,10,10,214,214,214,64.2,10.7,'Τετ 02/10/24 Βερβελάκης Γεώργιος 214 κυβικά 64,20€','',1,5,5,0.3);
INSERT INTO "synet_watercons" ("id","serialNumber","date","finalIndication","initialIndication","intermediateIndication","cubicMeters","billableCubicMeters","hydronomistsCubicMeters","cost","hydronomistsRight","viberMsg","notes","counter_id","customer_id","field_id","costPerMeter") VALUES (214,216,'2024-10-02',267,224,224,43,43,43,12.9,2.15,'Τετ 02/10/24 Βερβελάκης Μανώλης 43 κυβικά 12,90€','',1,31,60,0.3);
INSERT INTO "synet_watercons" ("id","serialNumber","date","finalIndication","initialIndication","intermediateIndication","cubicMeters","billableCubicMeters","hydronomistsCubicMeters","cost","hydronomistsRight","viberMsg","notes","counter_id","customer_id","field_id","costPerMeter") VALUES (215,217,'2024-10-03',458,267,267,191,191,191,57.3,9.55,'Πέμ 03/10/24 Ποντικάκης Μανώλης 191 κυβικά 57,30€','',1,26,58,0.3);
INSERT INTO "synet_watercons" ("id","serialNumber","date","finalIndication","initialIndication","intermediateIndication","cubicMeters","billableCubicMeters","hydronomistsCubicMeters","cost","hydronomistsRight","viberMsg","notes","counter_id","customer_id","field_id","costPerMeter") VALUES (216,218,'2024-10-05',647,458,458,189,189,189,56.7,9.45,'Σάβ 05/10/24 Βερβελάκης Μανώλης 189 κυβικά 56,70€','',1,31,60,0.3);
INSERT INTO "synet_watercons" ("id","serialNumber","date","finalIndication","initialIndication","intermediateIndication","cubicMeters","billableCubicMeters","hydronomistsCubicMeters","cost","hydronomistsRight","viberMsg","notes","counter_id","customer_id","field_id","costPerMeter") VALUES (217,219,'2024-10-05',16621,16584,16584,37,37,37,11.1,1.85,'Σάβ 05/10/24 Βερβελάκης Μανώλης 37 κυβικά 11,10€','',3,31,60,0.3);
INSERT INTO "synet_watercons" ("id","serialNumber","date","finalIndication","initialIndication","intermediateIndication","cubicMeters","billableCubicMeters","hydronomistsCubicMeters","cost","hydronomistsRight","viberMsg","notes","counter_id","customer_id","field_id","costPerMeter") VALUES (218,220,'2024-10-06',914,647,647,267,267,267,80.1,13.35,'Κυρ 06/10/24 Τουλουπάκη Άννα 267 κυβικά 80,10€','',1,11,11,0.3);
INSERT INTO "synet_watercons" ("id","serialNumber","date","finalIndication","initialIndication","intermediateIndication","cubicMeters","billableCubicMeters","hydronomistsCubicMeters","cost","hydronomistsRight","viberMsg","notes","counter_id","customer_id","field_id","costPerMeter") VALUES (219,221,'2024-10-06',950,914,914,36,36,36,10.8,1.8,'Κυρ 06/10/24 Παπαδημητρόπουλος Γεώργιος Άγγελου 36 κυβικά 10,80€','',1,22,26,0.3);
INSERT INTO "synet_watercons" ("id","serialNumber","date","finalIndication","initialIndication","intermediateIndication","cubicMeters","billableCubicMeters","hydronomistsCubicMeters","cost","hydronomistsRight","viberMsg","notes","counter_id","customer_id","field_id","costPerMeter") VALUES (220,222,'2024-10-07',1088,950,950,138,138,138,41.4,6.9,'Δευ 07/10/24 Ποντικάκης Μανώλης 138 κυβικά 41,40€','',1,26,58,0.3);
INSERT INTO "synet_watercons" ("id","serialNumber","date","finalIndication","initialIndication","intermediateIndication","cubicMeters","billableCubicMeters","hydronomistsCubicMeters","cost","hydronomistsRight","viberMsg","notes","counter_id","customer_id","field_id","costPerMeter") VALUES (221,223,'2024-10-08',1294,1088,1088,206,206,206,61.8,10.3,'Τρί 08/10/24 Προεστάκη Γλυκερία 206 κυβικά 61,80€','',1,21,25,0.3);
INSERT INTO "synet_watercons" ("id","serialNumber","date","finalIndication","initialIndication","intermediateIndication","cubicMeters","billableCubicMeters","hydronomistsCubicMeters","cost","hydronomistsRight","viberMsg","notes","counter_id","customer_id","field_id","costPerMeter") VALUES (222,224,'2024-10-08',1387,1294,1294,93,93,93,27.9,4.65,'Τρί 08/10/24 Russi Adem( Ανδρέας) 93 κυβικά 27,90€','',1,1,1,0.3);
INSERT INTO "synet_watercons" ("id","serialNumber","date","finalIndication","initialIndication","intermediateIndication","cubicMeters","billableCubicMeters","hydronomistsCubicMeters","cost","hydronomistsRight","viberMsg","notes","counter_id","customer_id","field_id","costPerMeter") VALUES (223,225,'2024-10-09',1690,1387,1387,303,303,303,90.9,15.15,'Τετ 09/10/24 Μαρουλάκης Στέλιος 303 κυβικά 90,90€','',1,14,14,0.3);
INSERT INTO "synet_watercons" ("id","serialNumber","date","finalIndication","initialIndication","intermediateIndication","cubicMeters","billableCubicMeters","hydronomistsCubicMeters","cost","hydronomistsRight","viberMsg","notes","counter_id","customer_id","field_id","costPerMeter") VALUES (224,226,'2024-10-10',2050,1690,1690,360,360,360,108,18,'Πέμ 10/10/24 Βαρδάκης Μανώλης Ματθαίου 360 κυβικά 108,00€','',1,17,17,0.3);
INSERT INTO "synet_watercons" ("id","serialNumber","date","finalIndication","initialIndication","intermediateIndication","cubicMeters","billableCubicMeters","hydronomistsCubicMeters","cost","hydronomistsRight","viberMsg","notes","counter_id","customer_id","field_id","costPerMeter") VALUES (225,227,'2024-10-11',2180,2050,2050,130,130,130,39,6.5,'Παρ 11/10/24 Κακλαμάνος Ανδρέας 130 κυβικά 39,00€','',1,36,66,0.3);
INSERT INTO "synet_watercons" ("id","serialNumber","date","finalIndication","initialIndication","intermediateIndication","cubicMeters","billableCubicMeters","hydronomistsCubicMeters","cost","hydronomistsRight","viberMsg","notes","counter_id","customer_id","field_id","costPerMeter") VALUES (226,228,'2024-10-12',2443,2180,2180,263,263,263,78.9,13.15,'Σάβ 12/10/24 Βερβελάκης Μανώλης 263 κυβικά 78,90€','',1,31,60,0.3);
INSERT INTO "synet_watercons" ("id","serialNumber","date","finalIndication","initialIndication","intermediateIndication","cubicMeters","billableCubicMeters","hydronomistsCubicMeters","cost","hydronomistsRight","viberMsg","notes","counter_id","customer_id","field_id","costPerMeter") VALUES (227,229,'2024-10-12',2566,2443,2443,123,123,123,36.9,6.15,'Σάβ 12/10/24 Βερβελάκης Γεώργιος 123 κυβικά 36,90€','',1,5,5,0.3);
INSERT INTO "synet_watercons" ("id","serialNumber","date","finalIndication","initialIndication","intermediateIndication","cubicMeters","billableCubicMeters","hydronomistsCubicMeters","cost","hydronomistsRight","viberMsg","notes","counter_id","customer_id","field_id","costPerMeter") VALUES (228,230,'2024-10-13',2843,2566,2566,277,277,277,83.1,13.85,'Κυρ 13/10/24 Κικάκης Μιχ. τ. Εμμ. 277 κυβικά 83,10€','',1,28,54,0.3);
INSERT INTO "synet_watercons" ("id","serialNumber","date","finalIndication","initialIndication","intermediateIndication","cubicMeters","billableCubicMeters","hydronomistsCubicMeters","cost","hydronomistsRight","viberMsg","notes","counter_id","customer_id","field_id","costPerMeter") VALUES (229,231,'2024-10-14',2983,2843,2843,140,140,140,42,7,'Δευ 14/10/24 Ζώτος Σπύρος 140 κυβικά 42,00€','',1,6,6,0.3);
INSERT INTO "synet_watercons" ("id","serialNumber","date","finalIndication","initialIndication","intermediateIndication","cubicMeters","billableCubicMeters","hydronomistsCubicMeters","cost","hydronomistsRight","viberMsg","notes","counter_id","customer_id","field_id","costPerMeter") VALUES (230,232,'2024-10-15',11554,11264,11264,290,290,290,116,14.5,'Τρί 15/10/24 Ρεστιβάκη Γεωργία Παπαδημητρόπουλος Χαρίδημος 290 κυβικά 116,00€','',4,20,55,0.3);
INSERT INTO "synet_watercons" ("id","serialNumber","date","finalIndication","initialIndication","intermediateIndication","cubicMeters","billableCubicMeters","hydronomistsCubicMeters","cost","hydronomistsRight","viberMsg","notes","counter_id","customer_id","field_id","costPerMeter") VALUES (231,233,'2024-10-16',3133,2983,2983,150,150,150,45,7.5,'Τετ 16/10/24 Russi Adem( Ανδρέας) 150 κυβικά 45,00€','',1,1,1,0.3);
INSERT INTO "synet_watercons" ("id","serialNumber","date","finalIndication","initialIndication","intermediateIndication","cubicMeters","billableCubicMeters","hydronomistsCubicMeters","cost","hydronomistsRight","viberMsg","notes","counter_id","customer_id","field_id","costPerMeter") VALUES (232,234,'2024-10-16',3204,3133,3133,71,71,71,21.3,3.55,'Τετ 16/10/24 Russi Bilal ( Χρήστος) 71 κυβικά 21,30€','',1,2,2,0.3);
INSERT INTO "synet_watercons" ("id","serialNumber","date","finalIndication","initialIndication","intermediateIndication","cubicMeters","billableCubicMeters","hydronomistsCubicMeters","cost","hydronomistsRight","viberMsg","notes","counter_id","customer_id","field_id","costPerMeter") VALUES (233,235,'2024-10-16',3301,3204,3204,97,97,97,29.1,4.85,'Τετ 16/10/24 Μαργαριτάκης Μανώλης 97 κυβικά 29,10€','',1,23,46,0.3);
INSERT INTO "synet_watercons" ("id","serialNumber","date","finalIndication","initialIndication","intermediateIndication","cubicMeters","billableCubicMeters","hydronomistsCubicMeters","cost","hydronomistsRight","viberMsg","notes","counter_id","customer_id","field_id","costPerMeter") VALUES (234,236,'2024-10-17',3586,3301,3301,285,285,285,85.5,14.25,'Πέμ 17/10/24 Ρεστιβάκη Γεωργία Παπαδημητρόπουλος Χαρίδημος 285 κυβικά 85,50€','',1,20,55,0.3);
INSERT INTO "synet_watercons" ("id","serialNumber","date","finalIndication","initialIndication","intermediateIndication","cubicMeters","billableCubicMeters","hydronomistsCubicMeters","cost","hydronomistsRight","viberMsg","notes","counter_id","customer_id","field_id","costPerMeter") VALUES (235,237,'2024-10-18',3781,3586,3586,195,195,195,58.5,9.75,'Παρ 18/10/24 Μαρουλάκης Ιωάννης 195 κυβικά 58,50€','',1,3,3,0.3);
INSERT INTO "synet_watercons" ("id","serialNumber","date","finalIndication","initialIndication","intermediateIndication","cubicMeters","billableCubicMeters","hydronomistsCubicMeters","cost","hydronomistsRight","viberMsg","notes","counter_id","customer_id","field_id","costPerMeter") VALUES (236,238,'2024-10-19',4259,3781,3781,478,478,478,143.4,23.9,'Σάβ 19/10/24 Πατιτάκης Μανώλης 478 κυβικά 143,40€','',1,8,8,0.3);
INSERT INTO "synet_watercons" ("id","serialNumber","date","finalIndication","initialIndication","intermediateIndication","cubicMeters","billableCubicMeters","hydronomistsCubicMeters","cost","hydronomistsRight","viberMsg","notes","counter_id","customer_id","field_id","costPerMeter") VALUES (237,239,'2024-10-20',4430,4259,4259,171,171,171,51.3,8.55,'Κυρ 20/10/24 Παπαδημητροπούλου Μαρία Θαλασσινός Γιώργος 171 κυβικά 51,30€','',1,4,4,0.3);
INSERT INTO "synet_watercons" ("id","serialNumber","date","finalIndication","initialIndication","intermediateIndication","cubicMeters","billableCubicMeters","hydronomistsCubicMeters","cost","hydronomistsRight","viberMsg","notes","counter_id","customer_id","field_id","costPerMeter") VALUES (238,240,'2024-10-20',4580,4430,4430,150,150,150,45,7.5,'Κυρ 20/10/24 Πατιτάκη Γιάννα 150 κυβικά 45,00€','',1,30,57,0.3);
INSERT INTO "synet_watercons" ("id","serialNumber","date","finalIndication","initialIndication","intermediateIndication","cubicMeters","billableCubicMeters","hydronomistsCubicMeters","cost","hydronomistsRight","viberMsg","notes","counter_id","customer_id","field_id","costPerMeter") VALUES (239,241,'2024-10-21',4690,4580,4580,110,110,110,33,5.5,'Δευ 21/10/24 Ζώτος Σπύρος 110 κυβικά 33,00€','',1,6,6,0.3);
INSERT INTO "synet_watercons" ("id","serialNumber","date","finalIndication","initialIndication","intermediateIndication","cubicMeters","billableCubicMeters","hydronomistsCubicMeters","cost","hydronomistsRight","viberMsg","notes","counter_id","customer_id","field_id","costPerMeter") VALUES (240,242,'2024-10-22',4924,4690,4690,234,234,234,70.2,11.7,'Τρί 22/10/24 Ποντικάκης Μανώλης 234 κυβικά 70,20€','',1,26,58,0.3);
INSERT INTO "synet_watercons" ("id","serialNumber","date","finalIndication","initialIndication","intermediateIndication","cubicMeters","billableCubicMeters","hydronomistsCubicMeters","cost","hydronomistsRight","viberMsg","notes","counter_id","customer_id","field_id","costPerMeter") VALUES (241,243,'2024-10-22',5092,4924,4924,168,168,168,50.4,8.4,'Τρί 22/10/24 Ζώτος Σπύρος 168 κυβικά 50,40€','',1,6,6,0.3);
INSERT INTO "synet_watercons" ("id","serialNumber","date","finalIndication","initialIndication","intermediateIndication","cubicMeters","billableCubicMeters","hydronomistsCubicMeters","cost","hydronomistsRight","viberMsg","notes","counter_id","customer_id","field_id","costPerMeter") VALUES (242,244,'2024-10-23',5463,5092,5092,371,371,371,111.3,18.55,'Τετ 23/10/24 Παπαδημητροπούλου Μαρία Νικηφόρου 371 κυβικά 111,30€','',1,42,72,0.3);
INSERT INTO "synet_watercons" ("id","serialNumber","date","finalIndication","initialIndication","intermediateIndication","cubicMeters","billableCubicMeters","hydronomistsCubicMeters","cost","hydronomistsRight","viberMsg","notes","counter_id","customer_id","field_id","costPerMeter") VALUES (243,245,'2024-10-24',5813,5463,5463,350,350,350,105,17.5,'Πέμ 24/10/24 Βαρδάκης Μανώλης Ματθαίου 350 κυβικά 105,00€','',1,17,17,0.3);
INSERT INTO "synet_watercons" ("id","serialNumber","date","finalIndication","initialIndication","intermediateIndication","cubicMeters","billableCubicMeters","hydronomistsCubicMeters","cost","hydronomistsRight","viberMsg","notes","counter_id","customer_id","field_id","costPerMeter") VALUES (244,246,'2024-10-25',3228,3102,3102,126,126,126,37.8,6.3,'Παρ 25/10/24 Προεστάκη Γλυκερία 126 κυβικά 37,80€','',2,21,25,0.3);
INSERT INTO "synet_watercons" ("id","serialNumber","date","finalIndication","initialIndication","intermediateIndication","cubicMeters","billableCubicMeters","hydronomistsCubicMeters","cost","hydronomistsRight","viberMsg","notes","counter_id","customer_id","field_id","costPerMeter") VALUES (245,247,'2024-10-26',6143,5813,5813,330,330,330,99,16.5,'Σάβ 26/10/24 Βερβελάκης Γεώργιος 330 κυβικά 99,00€','',1,5,5,0.3);
INSERT INTO "synet_watercons" ("id","serialNumber","date","finalIndication","initialIndication","intermediateIndication","cubicMeters","billableCubicMeters","hydronomistsCubicMeters","cost","hydronomistsRight","viberMsg","notes","counter_id","customer_id","field_id","costPerMeter") VALUES (246,248,'2024-10-27',6415,6143,6143,272,272,272,81.6,13.6,'Κυρ 27/10/24 Κικάκης Μιχ. τ. Εμμ. 272 κυβικά 81,60€','',1,28,54,0.3);
INSERT INTO "synet_watercons" ("id","serialNumber","date","finalIndication","initialIndication","intermediateIndication","cubicMeters","billableCubicMeters","hydronomistsCubicMeters","cost","hydronomistsRight","viberMsg","notes","counter_id","customer_id","field_id","costPerMeter") VALUES (247,249,'2024-10-27',6538,6415,6415,123,123,123,49.2,6.15,'Κυρ 27/10/24 Plakut Nikos 123 κυβικά 49,20€','',1,19,59,0.3);
INSERT INTO "synet_watercons" ("id","serialNumber","date","finalIndication","initialIndication","intermediateIndication","cubicMeters","billableCubicMeters","hydronomistsCubicMeters","cost","hydronomistsRight","viberMsg","notes","counter_id","customer_id","field_id","costPerMeter") VALUES (248,250,'2024-10-29',6733,6538,6538,195,195,195,58.5,9.75,'Τρί 29/10/24 Χατζοβασιλάκη Δανάη 195 κυβικά 58,50€','',1,29,56,0.3);
INSERT INTO "synet_watercons" ("id","serialNumber","date","finalIndication","initialIndication","intermediateIndication","cubicMeters","billableCubicMeters","hydronomistsCubicMeters","cost","hydronomistsRight","viberMsg","notes","counter_id","customer_id","field_id","costPerMeter") VALUES (249,251,'2024-10-30',7093,6733,6733,360,360,360,108,18,'Τετ 30/10/24 Russi Bilal ( Χρήστος) 360 κυβικά 108,00€','',1,2,2,0.3);
INSERT INTO "synet_watercons" ("id","serialNumber","date","finalIndication","initialIndication","intermediateIndication","cubicMeters","billableCubicMeters","hydronomistsCubicMeters","cost","hydronomistsRight","viberMsg","notes","counter_id","customer_id","field_id","costPerMeter") VALUES (250,252,'2024-10-31',3392,3228,3228,164,164,164,49.2,8.2,'Πέμ 31/10/24 Βασιλάκης Ιω. τ. Νικολάου 164 κυβικά 49,20€','',2,9,9,0.3);
INSERT INTO "synet_watercons" ("id","serialNumber","date","finalIndication","initialIndication","intermediateIndication","cubicMeters","billableCubicMeters","hydronomistsCubicMeters","cost","hydronomistsRight","viberMsg","notes","counter_id","customer_id","field_id","costPerMeter") VALUES (251,253,'2024-11-02',3482,3392,3392,90,90,90,27,4.5,'Σάβ 02/11/24 Βερβελάκης Γεώργιος 90 κυβικά 27,00€','',2,5,5,0.3);
INSERT INTO "synet_watercons" ("id","serialNumber","date","finalIndication","initialIndication","intermediateIndication","cubicMeters","billableCubicMeters","hydronomistsCubicMeters","cost","hydronomistsRight","viberMsg","notes","counter_id","customer_id","field_id","costPerMeter") VALUES (252,254,'2024-11-02',7389,7093,7093,296,296,296,88.8,14.8,'Σάβ 02/11/24 Βερβελάκης Γεώργιος 296 κυβικά 88,80€','',1,5,5,0.3);
INSERT INTO "synet_watercons" ("id","serialNumber","date","finalIndication","initialIndication","intermediateIndication","cubicMeters","billableCubicMeters","hydronomistsCubicMeters","cost","hydronomistsRight","viberMsg","notes","counter_id","customer_id","field_id","costPerMeter") VALUES (253,255,'2024-11-03',11833,11554,11554,279,279,279,111.6,13.95,'Κυρ 03/11/24 Ρεστιβάκη Γεωργία Παπαδημητρόπουλος Χαρίδημος 279 κυβικά 111,60€','',4,20,55,0.3);
INSERT INTO "synet_watercons" ("id","serialNumber","date","finalIndication","initialIndication","intermediateIndication","cubicMeters","billableCubicMeters","hydronomistsCubicMeters","cost","hydronomistsRight","viberMsg","notes","counter_id","customer_id","field_id","costPerMeter") VALUES (254,256,'2024-11-04',16697,16621,16621,76,76,76,22.8,3.8,'Δευ 04/11/24 Βερβελάκης Μανώλης 76 κυβικά 22,80€','',3,31,60,0.3);
INSERT INTO "synet_watercons" ("id","serialNumber","date","finalIndication","initialIndication","intermediateIndication","cubicMeters","billableCubicMeters","hydronomistsCubicMeters","cost","hydronomistsRight","viberMsg","notes","counter_id","customer_id","field_id","costPerMeter") VALUES (255,257,'2024-11-05',7657,7389,7389,268,268,268,80.4,13.4,'Τρί 05/11/24 Ποντικάκης Μανώλης 268 κυβικά 80,40€','',1,26,58,0.3);
INSERT INTO "synet_watercons" ("id","serialNumber","date","finalIndication","initialIndication","intermediateIndication","cubicMeters","billableCubicMeters","hydronomistsCubicMeters","cost","hydronomistsRight","viberMsg","notes","counter_id","customer_id","field_id","costPerMeter") VALUES (256,258,'2024-11-06',7912,7657,7657,255,255,255,76.5,12.75,'Τετ 06/11/24 Τουλουπάκη Άννα 255 κυβικά 76,50€','',1,11,11,0.3);
INSERT INTO "synet_watercons" ("id","serialNumber","date","finalIndication","initialIndication","intermediateIndication","cubicMeters","billableCubicMeters","hydronomistsCubicMeters","cost","hydronomistsRight","viberMsg","notes","counter_id","customer_id","field_id","costPerMeter") VALUES (257,259,'2024-11-07',11977,11833,11833,144,144,144,57.6,7.2,'Πέμ 07/11/24 Ρεστιβάκη Γεωργία Παπαδημητρόπουλος Χαρίδημος 144 κυβικά 57,60€','',4,20,55,0.3);
INSERT INTO "synet_watercons" ("id","serialNumber","date","finalIndication","initialIndication","intermediateIndication","cubicMeters","billableCubicMeters","hydronomistsCubicMeters","cost","hydronomistsRight","viberMsg","notes","counter_id","customer_id","field_id","costPerMeter") VALUES (258,260,'2024-11-07',8040,7912,7912,128,128,128,38.4,6.4,'Πέμ 07/11/24 Ρεστιβάκη Γεωργία Παπαδημητρόπουλος Χαρίδημος 128 κυβικά 38,40€','',1,20,55,0.3);
INSERT INTO "synet_watercons" ("id","serialNumber","date","finalIndication","initialIndication","intermediateIndication","cubicMeters","billableCubicMeters","hydronomistsCubicMeters","cost","hydronomistsRight","viberMsg","notes","counter_id","customer_id","field_id","costPerMeter") VALUES (259,261,'2024-11-08',8175,8040,8040,135,135,135,40.5,6.75,'Παρ 08/11/24 Ζώτος Σπύρος 135 κυβικά 40,50€','',1,6,6,0.3);
INSERT INTO "synet_watercons" ("id","serialNumber","date","finalIndication","initialIndication","intermediateIndication","cubicMeters","billableCubicMeters","hydronomistsCubicMeters","cost","hydronomistsRight","viberMsg","notes","counter_id","customer_id","field_id","costPerMeter") VALUES (260,262,'2024-11-09',8310,8175,8175,135,135,135,40.5,6.75,'Σάβ 09/11/24 Προεστάκη Γλυκερία 135 κυβικά 40,50€','',1,21,25,0.3);
INSERT INTO "synet_watercons" ("id","serialNumber","date","finalIndication","initialIndication","intermediateIndication","cubicMeters","billableCubicMeters","hydronomistsCubicMeters","cost","hydronomistsRight","viberMsg","notes","counter_id","customer_id","field_id","costPerMeter") VALUES (261,263,'2024-11-10',8620,8310,8310,310,310,310,93,15.5,'Κυρ 10/11/24 Βερβελάκης Μανώλης 310 κυβικά 93,00€','',1,31,60,0.3);
INSERT INTO "synet_watercons" ("id","serialNumber","date","finalIndication","initialIndication","intermediateIndication","cubicMeters","billableCubicMeters","hydronomistsCubicMeters","cost","hydronomistsRight","viberMsg","notes","counter_id","customer_id","field_id","costPerMeter") VALUES (262,264,'2024-11-12',8840,8620,8620,220,220,220,66,11,'Τρί 12/11/24 Κικάκης Μιχ. τ. Εμμ. 220 κυβικά 66,00€','',1,28,54,0.3);
INSERT INTO "synet_watercons" ("id","serialNumber","date","finalIndication","initialIndication","intermediateIndication","cubicMeters","billableCubicMeters","hydronomistsCubicMeters","cost","hydronomistsRight","viberMsg","notes","counter_id","customer_id","field_id","costPerMeter") VALUES (263,265,'2024-11-13',9167,8840,8840,327,327,327,98.1,16.35,'Τετ 13/11/24 Παπαδημητροπούλου Μαρία Νικηφόρου 327 κυβικά 98,10€','',1,42,72,0.3);
INSERT INTO "synet_watercons" ("id","serialNumber","date","finalIndication","initialIndication","intermediateIndication","cubicMeters","billableCubicMeters","hydronomistsCubicMeters","cost","hydronomistsRight","viberMsg","notes","counter_id","customer_id","field_id","costPerMeter") VALUES (264,266,'2024-11-14',9373,9167,9167,206,206,206,61.8,10.3,'Πέμ 14/11/24 Μαργαριτάκης Μανώλης 206 κυβικά 61,80€','',1,23,46,0.3);
INSERT INTO "synet_watercons" ("id","serialNumber","date","finalIndication","initialIndication","intermediateIndication","cubicMeters","billableCubicMeters","hydronomistsCubicMeters","cost","hydronomistsRight","viberMsg","notes","counter_id","customer_id","field_id","costPerMeter") VALUES (265,267,'2024-11-14',12059,11977,11977,82,82,82,32.8,4.1,'Πέμ 14/11/24 Μαργαριτάκης Μανώλης 82 κυβικά 32,80€','',4,23,46,0.3);
INSERT INTO "synet_watercons" ("id","serialNumber","date","finalIndication","initialIndication","intermediateIndication","cubicMeters","billableCubicMeters","hydronomistsCubicMeters","cost","hydronomistsRight","viberMsg","notes","counter_id","customer_id","field_id","costPerMeter") VALUES (266,268,'2024-11-15',16741,16697,16697,44,44,44,13.2,2.2,'Παρ 15/11/24 Αλεξάκης Μανώλης 44 κυβικά 13,20€','',3,37,67,0.3);
INSERT INTO "synet_watercons" ("id","serialNumber","date","finalIndication","initialIndication","intermediateIndication","cubicMeters","billableCubicMeters","hydronomistsCubicMeters","cost","hydronomistsRight","viberMsg","notes","counter_id","customer_id","field_id","costPerMeter") VALUES (267,269,'2024-11-16',9485,9373,9373,112,112,112,33.6,5.6,'Σάβ 16/11/24 Παπαδημητροπούλου Μαρία Θαλασσινός Γιώργος 112 κυβικά 33,60€','',1,4,4,0.3);
INSERT INTO "synet_watercons" ("id","serialNumber","date","finalIndication","initialIndication","intermediateIndication","cubicMeters","billableCubicMeters","hydronomistsCubicMeters","cost","hydronomistsRight","viberMsg","notes","counter_id","customer_id","field_id","costPerMeter") VALUES (268,270,'2024-11-17',9618,9485,9485,133,133,133,39.9,6.65,'Κυρ 17/11/24 Ρεστιβάκη Γεωργία Παπαδημητρόπουλος Χαρίδημος 133 κυβικά 39,90€','',1,20,55,0.3);
INSERT INTO "synet_watercons" ("id","serialNumber","date","finalIndication","initialIndication","intermediateIndication","cubicMeters","billableCubicMeters","hydronomistsCubicMeters","cost","hydronomistsRight","viberMsg","notes","counter_id","customer_id","field_id","costPerMeter") VALUES (269,271,'2024-11-17',12159,12059,12059,100,100,100,40,5,'Κυρ 17/11/24 Ρεστιβάκη Γεωργία Παπαδημητρόπουλος Χαρίδημος 100 κυβικά 40,00€','',4,20,55,0.3);
INSERT INTO "synet_watercons" ("id","serialNumber","date","finalIndication","initialIndication","intermediateIndication","cubicMeters","billableCubicMeters","hydronomistsCubicMeters","cost","hydronomistsRight","viberMsg","notes","counter_id","customer_id","field_id","costPerMeter") VALUES (270,272,'2024-11-19',9883,9618,9618,265,265,265,79.5,13.25,'Τρί 19/11/24 Μαρουλάκης Στέλιος 265 κυβικά 79,50€','',1,14,14,0.3);
INSERT INTO "synet_watercons" ("id","serialNumber","date","finalIndication","initialIndication","intermediateIndication","cubicMeters","billableCubicMeters","hydronomistsCubicMeters","cost","hydronomistsRight","viberMsg","notes","counter_id","customer_id","field_id","costPerMeter") VALUES (271,273,'2024-11-20',12277,12159,12159,118,118,118,47.2,5.9,'Τετ 20/11/24 Ρεστιβάκη Γεωργία Παπαδημητρόπουλος Χαρίδημος 118 κυβικά 47,20€','',4,20,55,0.3);
INSERT INTO "synet_watercons" ("id","serialNumber","date","finalIndication","initialIndication","intermediateIndication","cubicMeters","billableCubicMeters","hydronomistsCubicMeters","cost","hydronomistsRight","viberMsg","notes","counter_id","customer_id","field_id","costPerMeter") VALUES (272,274,'2024-11-20',10044,9883,9883,161,161,161,48.3,8.05,'Τετ 20/11/24 Ρεστιβάκη Γεωργία Παπαδημητρόπουλος Χαρίδημος Μετρητής: Κεντρικό  10044-9883=161 κυβικά 48,30€','',1,20,55,0.3);
INSERT INTO "synet_watercons" ("id","serialNumber","date","finalIndication","initialIndication","intermediateIndication","cubicMeters","billableCubicMeters","hydronomistsCubicMeters","cost","hydronomistsRight","viberMsg","notes","counter_id","customer_id","field_id","costPerMeter") VALUES (273,275,'2024-11-21',10129,10044,10044,85,85,85,25.5,4.25,'Πέμ 21/11/24 Μαρουλάκης Ιωάννης Μετρητής: Κεντρικό  10129-10044=85 κυβικά 25,50€','',1,3,3,0.3);
INSERT INTO "synet_watercons" ("id","serialNumber","date","finalIndication","initialIndication","intermediateIndication","cubicMeters","billableCubicMeters","hydronomistsCubicMeters","cost","hydronomistsRight","viberMsg","notes","counter_id","customer_id","field_id","costPerMeter") VALUES (274,276,'2024-12-01',3779,3482,3482,297,297,297,89.1,14.85,'Κυρ 01/12/24 Παπαδημητροπούλου Μαρία Νικηφόρου Μετρητής: Γέφυρα  3779-3482=297 κυβικά 89,10€','',2,42,72,0.3);
INSERT INTO "synet_watercons" ("id","serialNumber","date","finalIndication","initialIndication","intermediateIndication","cubicMeters","billableCubicMeters","hydronomistsCubicMeters","cost","hydronomistsRight","viberMsg","notes","counter_id","customer_id","field_id","costPerMeter") VALUES (275,277,'2024-12-06',19769,19268,19387,501,501,382,150.3,19.1,'Παρ 06/12/24 Βερβελάκη Άννα Μετρητής: Παπ1 004229ca/99 19769-19268=501 κυβικά 150,30€','',5,10,10,0.3);
INSERT INTO "synet_watercons" ("id","serialNumber","date","finalIndication","initialIndication","intermediateIndication","cubicMeters","billableCubicMeters","hydronomistsCubicMeters","cost","hydronomistsRight","viberMsg","notes","counter_id","customer_id","field_id","costPerMeter") VALUES (276,278,'2024-12-06',2558,2274,2369,284,284,189,85.2,9.45,'Παρ 06/12/24 Βερβελάκης Γεώργιος Μετρητής: Μηλ8 FD001619-07 2558-2274=284 κυβικά 85,20€','',6,5,5,0.3);
INSERT INTO "synet_watercons" ("id","serialNumber","date","finalIndication","initialIndication","intermediateIndication","cubicMeters","billableCubicMeters","hydronomistsCubicMeters","cost","hydronomistsRight","viberMsg","notes","counter_id","customer_id","field_id","costPerMeter") VALUES (277,279,'2024-12-06',1312,1023,1173,289,289,139,86.7,6.95,'Παρ 06/12/24 Γρυσμπολάκης Δημήτρης Μετρητής: Γεφ15 Fd001444-05 1312-1023=289 κυβικά 86,70€','',7,12,12,0.3);
INSERT INTO "synet_watercons" ("id","serialNumber","date","finalIndication","initialIndication","intermediateIndication","cubicMeters","billableCubicMeters","hydronomistsCubicMeters","cost","hydronomistsRight","viberMsg","notes","counter_id","customer_id","field_id","costPerMeter") VALUES (278,280,'2024-12-06',229,0,0,229,229,229,68.7,11.45,'Παρ 06/12/24 Ζώτος Σπύρος Μετρητής: Δεξ1Β 004242CA/99 229-0=229 κυβικά 68,70€','',8,6,6,0.3);
INSERT INTO "synet_watercons" ("id","serialNumber","date","finalIndication","initialIndication","intermediateIndication","cubicMeters","billableCubicMeters","hydronomistsCubicMeters","cost","hydronomistsRight","viberMsg","notes","counter_id","customer_id","field_id","costPerMeter") VALUES (279,281,'2024-12-06',929,847,848,82,82,81,24.6,4.05,'Παρ 06/12/24 Ζώτος Σπύρος Μετρητής: Δεξ3 1532010239 929-847=82 κυβικά 24,60€','',9,6,6,0.3);
INSERT INTO "synet_watercons" ("id","serialNumber","date","finalIndication","initialIndication","intermediateIndication","cubicMeters","billableCubicMeters","hydronomistsCubicMeters","cost","hydronomistsRight","viberMsg","notes","counter_id","customer_id","field_id","costPerMeter") VALUES (280,282,'2024-12-06',651,138,263,513,513,388,153.9,19.4,'Παρ 06/12/24 Ζώτος Σπύρος Μετρητής: Μηλ1 005303CA/99 651-138=513 κυβικά 153,90€','',10,6,6,0.3);
INSERT INTO "synet_watercons" ("id","serialNumber","date","finalIndication","initialIndication","intermediateIndication","cubicMeters","billableCubicMeters","hydronomistsCubicMeters","cost","hydronomistsRight","viberMsg","notes","counter_id","customer_id","field_id","costPerMeter") VALUES (281,283,'2024-12-06',6842,6420,6500,422,422,342,126.6,17.1,'Παρ 06/12/24 Κικάκης Μιχ. τ. Εμμ. Μετρητής: Γεφ20 004308ca/99 6842-6420=422 κυβικά 126,60€','',11,28,54,0.3);
INSERT INTO "synet_watercons" ("id","serialNumber","date","finalIndication","initialIndication","intermediateIndication","cubicMeters","billableCubicMeters","hydronomistsCubicMeters","cost","hydronomistsRight","viberMsg","notes","counter_id","customer_id","field_id","costPerMeter") VALUES (282,284,'2024-12-06',212,0,38,212,212,174,84.8,8.7,'Παρ 06/12/24 Μαργαριτάκη Κατινούλα Μετρητής: Μηλ2 006599CA/98 212-0=212 κυβικά 84,80€','',12,43,73,0.3);
INSERT INTO "synet_watercons" ("id","serialNumber","date","finalIndication","initialIndication","intermediateIndication","cubicMeters","billableCubicMeters","hydronomistsCubicMeters","cost","hydronomistsRight","viberMsg","notes","counter_id","customer_id","field_id","costPerMeter") VALUES (283,285,'2024-12-06',1300,1267,1267,33,33,33,9.9,1.65,'Παρ 06/12/24 Μαργαριτάκης Μανώλης Μετρητής: Δεξ1 2032010305 1300-1267=33 κυβικά 9,90€','',13,23,46,0.3);
INSERT INTO "synet_watercons" ("id","serialNumber","date","finalIndication","initialIndication","intermediateIndication","cubicMeters","billableCubicMeters","hydronomistsCubicMeters","cost","hydronomistsRight","viberMsg","notes","counter_id","customer_id","field_id","costPerMeter") VALUES (284,286,'2024-12-06',2172,2022,2074,150,150,98,45,4.9,'Παρ 06/12/24 Μαρουλάκης Ιωάννης Μετρητής: Γεφ2 924803 2172-2022=150 κυβικά 45,00€','',14,3,3,0.3);
INSERT INTO "synet_watercons" ("id","serialNumber","date","finalIndication","initialIndication","intermediateIndication","cubicMeters","billableCubicMeters","hydronomistsCubicMeters","cost","hydronomistsRight","viberMsg","notes","counter_id","customer_id","field_id","costPerMeter") VALUES (285,287,'2024-12-06',1806,1528,1566,278,278,240,83.4,12,'Παρ 06/12/24 Μαρουλάκης Νικήτας Μετρητής: Μηλ7 1933003191 1806-1528=278 κυβικά 83,40€','',15,44,74,0.3);
INSERT INTO "synet_watercons" ("id","serialNumber","date","finalIndication","initialIndication","intermediateIndication","cubicMeters","billableCubicMeters","hydronomistsCubicMeters","cost","hydronomistsRight","viberMsg","notes","counter_id","customer_id","field_id","costPerMeter") VALUES (286,288,'2024-12-06',8747,8735,8735,12,12,12,3.6,0.6,'Παρ 06/12/24 Μαρουλάκης Νικήτας Μετρητής: Τσ4 FC003280-08 8747-8735=12 κυβικά 3,60€','',16,44,74,0.3);
INSERT INTO "synet_watercons" ("id","serialNumber","date","finalIndication","initialIndication","intermediateIndication","cubicMeters","billableCubicMeters","hydronomistsCubicMeters","cost","hydronomistsRight","viberMsg","notes","counter_id","customer_id","field_id","costPerMeter") VALUES (287,289,'2024-12-06',424,391,395,33,33,29,9.9,1.45,'Παρ 06/12/24 Μαρουλάκης Στέλιος Μετρητής: Γεφ12 004306ca/99 424-391=33 κυβικά 9,90€','',17,14,14,0.3);
INSERT INTO "synet_watercons" ("id","serialNumber","date","finalIndication","initialIndication","intermediateIndication","cubicMeters","billableCubicMeters","hydronomistsCubicMeters","cost","hydronomistsRight","viberMsg","notes","counter_id","customer_id","field_id","costPerMeter") VALUES (288,290,'2024-12-06',1765,1553,1577,212,212,188,63.6,9.4,'Παρ 06/12/24 Μπετεινάκης Κωστής Μετρητής: Δεξ4Α FC000794-06 1765-1553=212 κυβικά 63,60€','',18,38,68,0.3);
INSERT INTO "synet_watercons" ("id","serialNumber","date","finalIndication","initialIndication","intermediateIndication","cubicMeters","billableCubicMeters","hydronomistsCubicMeters","cost","hydronomistsRight","viberMsg","notes","counter_id","customer_id","field_id","costPerMeter") VALUES (289,291,'2024-12-06',3348,3250,3250,98,98,98,29.4,4.9,'Παρ 06/12/24 Μπρότσικας Κώστας Μετρητής: Τσ16 536096 3348-3250=98 κυβικά 29,40€','',19,32,61,0.3);
INSERT INTO "synet_watercons" ("id","serialNumber","date","finalIndication","initialIndication","intermediateIndication","cubicMeters","billableCubicMeters","hydronomistsCubicMeters","cost","hydronomistsRight","viberMsg","notes","counter_id","customer_id","field_id","costPerMeter") VALUES (290,292,'2024-12-06',759,544,584,215,215,175,64.5,8.75,'Παρ 06/12/24 Παπαδημητρόπουλος Μάνθος Μετρητής: Δεξ1Α 7082411 759-544=215 κυβικά 64,50€','',20,45,75,0.3);
INSERT INTO "synet_watercons" ("id","serialNumber","date","finalIndication","initialIndication","intermediateIndication","cubicMeters","billableCubicMeters","hydronomistsCubicMeters","cost","hydronomistsRight","viberMsg","notes","counter_id","customer_id","field_id","costPerMeter") VALUES (291,293,'2024-12-06',9404,9128,9128,276,276,276,82.8,13.8,'Παρ 06/12/24 Παπαδημητροπούλου Καίτη Μετρητής: Τσ1 004135CA/99 9404-9128=276 κυβικά 82,80€','',21,15,15,0.3);
INSERT INTO "synet_watercons" ("id","serialNumber","date","finalIndication","initialIndication","intermediateIndication","cubicMeters","billableCubicMeters","hydronomistsCubicMeters","cost","hydronomistsRight","viberMsg","notes","counter_id","customer_id","field_id","costPerMeter") VALUES (292,294,'2024-12-06',791,697,713,94,94,78,28.2,3.9,'Παρ 06/12/24 Παπαδημητροπούλου Κιούση Ερωφίλη Μετρητής: Δεξ4 1532007166 791-697=94 κυβικά 28,20€','',22,46,76,0.3);
INSERT INTO "synet_watercons" ("id","serialNumber","date","finalIndication","initialIndication","intermediateIndication","cubicMeters","billableCubicMeters","hydronomistsCubicMeters","cost","hydronomistsRight","viberMsg","notes","counter_id","customer_id","field_id","costPerMeter") VALUES (293,295,'2024-12-06',5045,5040,5040,5,5,5,1.5,0.25,'Παρ 06/12/24 Παπαδημητροπούλου Μαρία Θαλασσινός Γιώργος Μετρητής: Γεφ18 1295-2-528 5045-5040=5 κυβικά 1,50€','',23,4,4,0.3);
INSERT INTO "synet_watercons" ("id","serialNumber","date","finalIndication","initialIndication","intermediateIndication","cubicMeters","billableCubicMeters","hydronomistsCubicMeters","cost","hydronomistsRight","viberMsg","notes","counter_id","customer_id","field_id","costPerMeter") VALUES (294,296,'2024-12-06',340,305,317,35,35,23,14,1.15,'Παρ 06/12/24 Πατεραντωνάκη Ευαγγελία Μετρητής: Μηλ9 1832012272παλιόνέο 340-305=35 κυβικά 14,00€','',24,47,77,0.4);
INSERT INTO "synet_watercons" ("id","serialNumber","date","finalIndication","initialIndication","intermediateIndication","cubicMeters","billableCubicMeters","hydronomistsCubicMeters","cost","hydronomistsRight","viberMsg","notes","counter_id","customer_id","field_id","costPerMeter") VALUES (295,297,'2024-12-06',668,529,589,139,139,79,55.6,3.95,'Παρ 06/12/24 Πατεραντωνάκη Μαρία Μετρητής: Μηλ3 16 025968 668-529=139 κυβικά 55,60€','',25,48,78,0.3);
INSERT INTO "synet_watercons" ("id","serialNumber","date","finalIndication","initialIndication","intermediateIndication","cubicMeters","billableCubicMeters","hydronomistsCubicMeters","cost","hydronomistsRight","viberMsg","notes","counter_id","customer_id","field_id","costPerMeter") VALUES (296,298,'2024-12-06',890,692,692,198,198,198,59.4,9.9,'Παρ 06/12/24 Πατιτάκης Γεώργιος Δημητρίου Μετρητής: Τσ12 090559BA/95 890-692=198 κυβικά 59,40€','',26,49,79,0.3);
INSERT INTO "synet_watercons" ("id","serialNumber","date","finalIndication","initialIndication","intermediateIndication","cubicMeters","billableCubicMeters","hydronomistsCubicMeters","cost","hydronomistsRight","viberMsg","notes","counter_id","customer_id","field_id","costPerMeter") VALUES (297,299,'2024-12-06',1524,1257,1372,267,267,152,80.1,7.6,'Παρ 06/12/24 Προεστάκη Γλυκερία Μετρητής: Παπ12 7082650 1524-1257=267 κυβικά 80,10€','',27,21,25,0.3);
INSERT INTO "synet_watercons" ("id","serialNumber","date","finalIndication","initialIndication","intermediateIndication","cubicMeters","billableCubicMeters","hydronomistsCubicMeters","cost","hydronomistsRight","viberMsg","notes","counter_id","customer_id","field_id","costPerMeter") VALUES (298,300,'2024-12-06',393,98,202,295,295,191,118,9.55,'Παρ 06/12/24 Σελί Κατερίνα Μετρητής: Δεξ5Α 2132002569 393-98=295 κυβικά 118,00€','',28,50,80,0.3);
INSERT INTO "synet_watercons" ("id","serialNumber","date","finalIndication","initialIndication","intermediateIndication","cubicMeters","billableCubicMeters","hydronomistsCubicMeters","cost","hydronomistsRight","viberMsg","notes","counter_id","customer_id","field_id","costPerMeter") VALUES (299,301,'2024-12-06',2446,2371,2429,75,75,17,22.5,0.85,'Παρ 06/12/24 Σηφάκη Μαρία Μετρητής: Γεφ16 1994-ce002848 2446-2371=75 κυβικά 22,50€','',29,39,69,0.3);
INSERT INTO "synet_watercons" ("id","serialNumber","date","finalIndication","initialIndication","intermediateIndication","cubicMeters","billableCubicMeters","hydronomistsCubicMeters","cost","hydronomistsRight","viberMsg","notes","counter_id","customer_id","field_id","costPerMeter") VALUES (300,302,'2024-12-06',133,107,116,26,26,17,7.8,0.85,'Παρ 06/12/24 Σηφάκη Μαρία Μετρητής: Μηλ4 002587ca/99 133-107=26 κυβικά 7,80€','',30,39,69,0.3);
INSERT INTO "synet_watercons" ("id","serialNumber","date","finalIndication","initialIndication","intermediateIndication","cubicMeters","billableCubicMeters","hydronomistsCubicMeters","cost","hydronomistsRight","viberMsg","notes","counter_id","customer_id","field_id","costPerMeter") VALUES (301,303,'2024-12-06',26259,25965,26033,294,294,226,88.2,11.3,'Παρ 06/12/24 Σηφάκη Μαρία Μετρητής: Παπ10 004230ca/99 26259-25965=294 κυβικά 88,20€','',31,39,69,0.3);
INSERT INTO "synet_watercons" ("id","serialNumber","date","finalIndication","initialIndication","intermediateIndication","cubicMeters","billableCubicMeters","hydronomistsCubicMeters","cost","hydronomistsRight","viberMsg","notes","counter_id","customer_id","field_id","costPerMeter") VALUES (302,304,'2024-12-06',687,576,609,111,111,78,33.3,3.9,'Παρ 06/12/24 Στεφανάκης Μιχάλης Μετρητής: Γεφ17 44952170 687-576=111 κυβικά 33,30€','',32,51,81,0.3);
INSERT INTO "synet_watercons" ("id","serialNumber","date","finalIndication","initialIndication","intermediateIndication","cubicMeters","billableCubicMeters","hydronomistsCubicMeters","cost","hydronomistsRight","viberMsg","notes","counter_id","customer_id","field_id","costPerMeter") VALUES (303,305,'2024-12-06',1643,1344,1452,299,299,191,89.7,9.55,'Παρ 06/12/24 Στεφανάκης Μιχάλης Μετρητής: Γεφ19 12-023779 1643-1344=299 κυβικά 89,70€','',33,51,81,0.3);
INSERT INTO "synet_watercons" ("id","serialNumber","date","finalIndication","initialIndication","intermediateIndication","cubicMeters","billableCubicMeters","hydronomistsCubicMeters","cost","hydronomistsRight","viberMsg","notes","counter_id","customer_id","field_id","costPerMeter") VALUES (304,306,'2024-12-06',5478,5368,5368,110,110,110,33,5.5,'Παρ 06/12/24 Τσαγκαράκη Χαρούλα Μετρητής: Τσ10 093241CA/95 5478-5368=110 κυβικά 33,00€','',34,52,82,0.3);
INSERT INTO "synet_watercons" ("id","serialNumber","date","finalIndication","initialIndication","intermediateIndication","cubicMeters","billableCubicMeters","hydronomistsCubicMeters","cost","hydronomistsRight","viberMsg","notes","counter_id","customer_id","field_id","costPerMeter") VALUES (305,307,'2024-12-06',3444,3078,3148,366,366,296,109.8,14.8,'Παρ 06/12/24 Χατζονικολάκης Δημήτριος Γεωργίου Μετρητής: Δεξ2 16 018269 3444-3078=366 κυβικά 109,80€','',35,53,83,0.3);
INSERT INTO "synet_watercons" ("id","serialNumber","date","finalIndication","initialIndication","intermediateIndication","cubicMeters","billableCubicMeters","hydronomistsCubicMeters","cost","hydronomistsRight","viberMsg","notes","counter_id","customer_id","field_id","costPerMeter") VALUES (306,308,'2024-04-29',523230,523201,NULL,29,NULL,NULL,NULL,NULL,'ΑΠΩΛΕΙΑ, 2024-04-29, 523230 - 523201 = 29 κυβικά, 0.00€',NULL,1,25,NULL,0);
INSERT INTO "synet_watercons" ("id","serialNumber","date","finalIndication","initialIndication","intermediateIndication","cubicMeters","billableCubicMeters","hydronomistsCubicMeters","cost","hydronomistsRight","viberMsg","notes","counter_id","customer_id","field_id","costPerMeter") VALUES (307,309,'2024-05-13',525981,525727,NULL,254,NULL,NULL,NULL,NULL,'ΑΠΩΛΕΙΑ, 2024-05-13, 525981 - 525727 = 254 κυβικά, 0.00€',NULL,1,25,NULL,0);
INSERT INTO "synet_watercons" ("id","serialNumber","date","finalIndication","initialIndication","intermediateIndication","cubicMeters","billableCubicMeters","hydronomistsCubicMeters","cost","hydronomistsRight","viberMsg","notes","counter_id","customer_id","field_id","costPerMeter") VALUES (308,310,'2025-05-04',10320,10129,NULL,191,191,191,57.3,9.55,'Τουλουπάκη Άννα Εμμανουήλ, 2025-05-04, 10320 - 10129 = 191 κυβικά, 57.30€',NULL,1,11,NULL,0.3);
INSERT INTO "synet_watercons" ("id","serialNumber","date","finalIndication","initialIndication","intermediateIndication","cubicMeters","billableCubicMeters","hydronomistsCubicMeters","cost","hydronomistsRight","viberMsg","notes","counter_id","customer_id","field_id","costPerMeter") VALUES (309,311,'2025-05-07',10480,10320,NULL,160,160,160,48,8,'Russi Bilal(Χρήστος), 2025-05-07, 10480 - 10320 = 160 κυβικά, 48.00€',NULL,1,2,NULL,0.3);
INSERT INTO "synet_watercons" ("id","serialNumber","date","finalIndication","initialIndication","intermediateIndication","cubicMeters","billableCubicMeters","hydronomistsCubicMeters","cost","hydronomistsRight","viberMsg","notes","counter_id","customer_id","field_id","costPerMeter") VALUES (310,312,'2025-05-09',10780,10480,NULL,300,300,300,90,15,'Κικάκης Μιχ. Ιωάννου, 2025-05-09, 10780 - 10480 = 300 κυβικά, 90.00€',NULL,1,7,NULL,0.3);
INSERT INTO "synet_watercons" ("id","serialNumber","date","finalIndication","initialIndication","intermediateIndication","cubicMeters","billableCubicMeters","hydronomistsCubicMeters","cost","hydronomistsRight","viberMsg","notes","counter_id","customer_id","field_id","costPerMeter") VALUES (311,313,'2025-05-10',11038,10870,NULL,168,168,168,50.4,8.4,'Βερβελάκης Γεώργιος Νικολάου, 2025-05-10, 11038 - 10870 = 168 κυβικά, 50.40€',NULL,1,5,NULL,0.3);
INSERT INTO "synet_watercons" ("id","serialNumber","date","finalIndication","initialIndication","intermediateIndication","cubicMeters","billableCubicMeters","hydronomistsCubicMeters","cost","hydronomistsRight","viberMsg","notes","counter_id","customer_id","field_id","costPerMeter") VALUES (312,314,'2025-05-09',10870,10780,NULL,90,90,90,27,4.5,'Σηφάκη-Κοκινάκη Μαρία Ιωάννου, 2025-05-09, 10870 - 10780 = 90 κυβικά, 27.00€',NULL,1,39,NULL,0.3);
INSERT INTO "synet_person" ("id","fathersName","name","surname","member","payAsMember","isActive","aa","afm","placeΟfΡesidence","mobilePhone","notes") VALUES (1,NULL,'Adem(Ανδρέας)','Russi',0,1,1,NULL,NULL,NULL,NULL,NULL);
INSERT INTO "synet_person" ("id","fathersName","name","surname","member","payAsMember","isActive","aa","afm","placeΟfΡesidence","mobilePhone","notes") VALUES (2,NULL,'Bilal(Χρήστος)','Russi',0,1,1,NULL,NULL,NULL,NULL,NULL);
INSERT INTO "synet_person" ("id","fathersName","name","surname","member","payAsMember","isActive","aa","afm","placeΟfΡesidence","mobilePhone","notes") VALUES (3,'Νικολάου','Ιωάννης','Μαρουλάκης',1,1,1,48,NULL,NULL,'6981805058',NULL);
INSERT INTO "synet_person" ("id","fathersName","name","surname","member","payAsMember","isActive","aa","afm","placeΟfΡesidence","mobilePhone","notes") VALUES (4,'Νικολάου','Μαρία','Παπαδημητροπούλου',1,1,1,107,NULL,NULL,NULL,NULL);
INSERT INTO "synet_person" ("id","fathersName","name","surname","member","payAsMember","isActive","aa","afm","placeΟfΡesidence","mobilePhone","notes") VALUES (5,'Νικολάου','Γεώργιος','Βερβελάκης',1,1,1,104,'042952443',NULL,NULL,NULL);
INSERT INTO "synet_person" ("id","fathersName","name","surname","member","payAsMember","isActive","aa","afm","placeΟfΡesidence","mobilePhone","notes") VALUES (6,'','Σπύρος','Ζώτος',0,1,1,NULL,NULL,NULL,NULL,NULL);
INSERT INTO "synet_person" ("id","fathersName","name","surname","member","payAsMember","isActive","aa","afm","placeΟfΡesidence","mobilePhone","notes") VALUES (7,'Ιωάννου','Μιχαήλ','Κικάκης',0,1,1,NULL,NULL,NULL,NULL,NULL);
INSERT INTO "synet_person" ("id","fathersName","name","surname","member","payAsMember","isActive","aa","afm","placeΟfΡesidence","mobilePhone","notes") VALUES (8,'Γεωργίου','Εμμανουήλ','Πατιτάκης',0,1,1,NULL,NULL,NULL,NULL,NULL);
INSERT INTO "synet_person" ("id","fathersName","name","surname","member","payAsMember","isActive","aa","afm","placeΟfΡesidence","mobilePhone","notes") VALUES (9,'Νικολάου','Ιω.','Βασιλάκης',0,0,1,NULL,NULL,NULL,NULL,NULL);
INSERT INTO "synet_person" ("id","fathersName","name","surname","member","payAsMember","isActive","aa","afm","placeΟfΡesidence","mobilePhone","notes") VALUES (10,'Εμμανουήλ','Άννα','Βερβελάκη',0,1,1,NULL,NULL,NULL,NULL,NULL);
INSERT INTO "synet_person" ("id","fathersName","name","surname","member","payAsMember","isActive","aa","afm","placeΟfΡesidence","mobilePhone","notes") VALUES (11,'Εμμανουήλ','Άννα','Τουλουπάκη',1,1,1,97,NULL,NULL,NULL,NULL);
INSERT INTO "synet_person" ("id","fathersName","name","surname","member","payAsMember","isActive","aa","afm","placeΟfΡesidence","mobilePhone","notes") VALUES (12,'Εμμανουήλ','Δημήτρης','Γρυσμπολάκης',1,1,1,79,NULL,NULL,NULL,NULL);
INSERT INTO "synet_person" ("id","fathersName","name","surname","member","payAsMember","isActive","aa","afm","placeΟfΡesidence","mobilePhone","notes") VALUES (13,'Δημητρίου','Μαρία','Χατζοβασιλάκη',1,1,1,46,NULL,'Ηράκλειο','6972424211',NULL);
INSERT INTO "synet_person" ("id","fathersName","name","surname","member","payAsMember","isActive","aa","afm","placeΟfΡesidence","mobilePhone","notes") VALUES (14,'Γεωργίου','Στυλιανός','Μαρουλάκης',1,1,1,18,NULL,NULL,NULL,NULL);
INSERT INTO "synet_person" ("id","fathersName","name","surname","member","payAsMember","isActive","aa","afm","placeΟfΡesidence","mobilePhone","notes") VALUES (15,'Εμμανουήλ','Αικατερίνη','Παπαδημητροπούλου',1,1,1,94,NULL,'Ηράκλειο',NULL,NULL);
INSERT INTO "synet_person" ("id","fathersName","name","surname","member","payAsMember","isActive","aa","afm","placeΟfΡesidence","mobilePhone","notes") VALUES (16,'Δημητρίου','Κατερίνα','Χατζοβασιλάκη',0,1,1,NULL,NULL,NULL,NULL,NULL);
INSERT INTO "synet_person" ("id","fathersName","name","surname","member","payAsMember","isActive","aa","afm","placeΟfΡesidence","mobilePhone","notes") VALUES (17,'Ματθαίου','Εμμανουήλ','Βαρδάκης',1,1,1,100,NULL,NULL,NULL,NULL);
INSERT INTO "synet_person" ("id","fathersName","name","surname","member","payAsMember","isActive","aa","afm","placeΟfΡesidence","mobilePhone","notes") VALUES (18,'Εμμανουήλ','Γεώργιος','Πατιτάκης',0,1,1,NULL,NULL,NULL,NULL,NULL);
INSERT INTO "synet_person" ("id","fathersName","name","surname","member","payAsMember","isActive","aa","afm","placeΟfΡesidence","mobilePhone","notes") VALUES (19,NULL,'Nikos','Plakut',0,0,1,NULL,NULL,NULL,NULL,NULL);
INSERT INTO "synet_person" ("id","fathersName","name","surname","member","payAsMember","isActive","aa","afm","placeΟfΡesidence","mobilePhone","notes") VALUES (20,'Μιχαήλ','Γεωργία','Ρεστιβάκη',1,1,1,93,NULL,NULL,NULL,NULL);
INSERT INTO "synet_person" ("id","fathersName","name","surname","member","payAsMember","isActive","aa","afm","placeΟfΡesidence","mobilePhone","notes") VALUES (21,'Ιωάννου','Γλυκερία','Προεστάκη-Χατζονικολάκη',1,1,1,51,NULL,NULL,NULL,NULL);
INSERT INTO "synet_person" ("id","fathersName","name","surname","member","payAsMember","isActive","aa","afm","placeΟfΡesidence","mobilePhone","notes") VALUES (22,'Άγγελου','Γεώργιος','Παπαδημητρόπουλος',1,1,1,98,NULL,'Αθήνα',NULL,NULL);
INSERT INTO "synet_person" ("id","fathersName","name","surname","member","payAsMember","isActive","aa","afm","placeΟfΡesidence","mobilePhone","notes") VALUES (23,'Ιωάννου','Εμμανουήλ','Μαργαριτάκης',1,1,1,106,NULL,NULL,NULL,NULL);
INSERT INTO "synet_person" ("id","fathersName","name","surname","member","payAsMember","isActive","aa","afm","placeΟfΡesidence","mobilePhone","notes") VALUES (24,'','Δημήτρης','Γρυνιεζάκης',0,0,1,NULL,NULL,NULL,NULL,NULL);
INSERT INTO "synet_person" ("id","fathersName","name","surname","member","payAsMember","isActive","aa","afm","placeΟfΡesidence","mobilePhone","notes") VALUES (25,NULL,NULL,'Απώλεια',0,0,1,NULL,NULL,NULL,NULL,NULL);
INSERT INTO "synet_person" ("id","fathersName","name","surname","member","payAsMember","isActive","aa","afm","placeΟfΡesidence","mobilePhone","notes") VALUES (26,'Γεωργίου','Εμμανουήλ','Ποντικάκης',1,1,1,10,NULL,NULL,NULL,NULL);
INSERT INTO "synet_person" ("id","fathersName","name","surname","member","payAsMember","isActive","aa","afm","placeΟfΡesidence","mobilePhone","notes") VALUES (27,'Ιωάννου','Αριστομένης','Μηλιαράκης',1,1,1,102,NULL,NULL,NULL,NULL);
INSERT INTO "synet_person" ("id","fathersName","name","surname","member","payAsMember","isActive","aa","afm","placeΟfΡesidence","mobilePhone","notes") VALUES (28,'Εμμανουήλ','Μιχαήλ','Κικάκης',1,1,1,39,NULL,NULL,NULL,NULL);
INSERT INTO "synet_person" ("id","fathersName","name","surname","member","payAsMember","isActive","aa","afm","placeΟfΡesidence","mobilePhone","notes") VALUES (29,'Δημητρίου','Δανάη','Χατζοβασιλάκη',0,1,1,NULL,NULL,NULL,NULL,NULL);
INSERT INTO "synet_person" ("id","fathersName","name","surname","member","payAsMember","isActive","aa","afm","placeΟfΡesidence","mobilePhone","notes") VALUES (30,'Γεωργίου','Γιάννα','Πατιτάκη',0,1,1,NULL,NULL,NULL,NULL,NULL);
INSERT INTO "synet_person" ("id","fathersName","name","surname","member","payAsMember","isActive","aa","afm","placeΟfΡesidence","mobilePhone","notes") VALUES (31,'Νικολάου','Εμμανουήλ','Βερβελάκης',1,1,1,41,NULL,NULL,NULL,NULL);
INSERT INTO "synet_person" ("id","fathersName","name","surname","member","payAsMember","isActive","aa","afm","placeΟfΡesidence","mobilePhone","notes") VALUES (32,NULL,'Κώστας','Μπρότσικας',1,1,1,103,NULL,'Αθήνα',NULL,NULL);
INSERT INTO "synet_person" ("id","fathersName","name","surname","member","payAsMember","isActive","aa","afm","placeΟfΡesidence","mobilePhone","notes") VALUES (33,'Δημητρίου','Ηρώ','Χατζοβασιλάκη',1,1,1,78,NULL,'Άρβη',NULL,NULL);
INSERT INTO "synet_person" ("id","fathersName","name","surname","member","payAsMember","isActive","aa","afm","placeΟfΡesidence","mobilePhone","notes") VALUES (34,'Ιωάννου','Θεοχάρης','Κοκκινάκης',1,1,1,71,NULL,NULL,NULL,'Απεβίωσε');
INSERT INTO "synet_person" ("id","fathersName","name","surname","member","payAsMember","isActive","aa","afm","placeΟfΡesidence","mobilePhone","notes") VALUES (35,'Νικολάου','Γεώργιος','Πιτροπάκης',1,1,1,15,NULL,NULL,NULL,NULL);
INSERT INTO "synet_person" ("id","fathersName","name","surname","member","payAsMember","isActive","aa","afm","placeΟfΡesidence","mobilePhone","notes") VALUES (36,'Ιωάννου','Αικατερίνη','Κακλαμάνου-Μηλιαράκη',1,1,1,63,NULL,'Ιεράπετρα',NULL,NULL);
INSERT INTO "synet_person" ("id","fathersName","name","surname","member","payAsMember","isActive","aa","afm","placeΟfΡesidence","mobilePhone","notes") VALUES (37,'Ευαγγέλου','Μανώλης','Αλεξάκης',0,1,1,NULL,NULL,NULL,NULL,NULL);
INSERT INTO "synet_person" ("id","fathersName","name","surname","member","payAsMember","isActive","aa","afm","placeΟfΡesidence","mobilePhone","notes") VALUES (38,'Νικολάου','Κωνσταντίνος','Μπετεινάκης',1,1,1,81,NULL,NULL,NULL,NULL);
INSERT INTO "synet_person" ("id","fathersName","name","surname","member","payAsMember","isActive","aa","afm","placeΟfΡesidence","mobilePhone","notes") VALUES (39,'Ιωάννου','Μαρία','Σηφάκη-Κοκκινάκη',1,1,1,80,NULL,NULL,NULL,NULL);
INSERT INTO "synet_person" ("id","fathersName","name","surname","member","payAsMember","isActive","aa","afm","placeΟfΡesidence","mobilePhone","notes") VALUES (40,'Μιχαήλ','Νικόλαος','Κικάκης',1,1,1,84,NULL,NULL,NULL,NULL);
INSERT INTO "synet_person" ("id","fathersName","name","surname","member","payAsMember","isActive","aa","afm","placeΟfΡesidence","mobilePhone","notes") VALUES (41,'Νικολάου','Ιωάννης','Παπαδημητρόπουλος',1,1,1,30,NULL,NULL,NULL,NULL);
INSERT INTO "synet_person" ("id","fathersName","name","surname","member","payAsMember","isActive","aa","afm","placeΟfΡesidence","mobilePhone","notes") VALUES (42,'Νικηφόρου','Μαρία','Παπαδημητροπούλου',0,1,1,NULL,NULL,NULL,NULL,NULL);
INSERT INTO "synet_person" ("id","fathersName","name","surname","member","payAsMember","isActive","aa","afm","placeΟfΡesidence","mobilePhone","notes") VALUES (43,'Γεωργίου','Κατινούλα','Μαργαριτάκη-Παπαδάκη',0,0,1,NULL,NULL,NULL,NULL,NULL);
INSERT INTO "synet_person" ("id","fathersName","name","surname","member","payAsMember","isActive","aa","afm","placeΟfΡesidence","mobilePhone","notes") VALUES (44,'Νικολάου','Νικήτας','Μαρουλάκης',1,1,1,13,NULL,NULL,NULL,NULL);
INSERT INTO "synet_person" ("id","fathersName","name","surname","member","payAsMember","isActive","aa","afm","placeΟfΡesidence","mobilePhone","notes") VALUES (45,'Νικηφόρου','Μάνθος','Παπαδημητρόπουλος',0,1,1,NULL,NULL,NULL,NULL,NULL);
INSERT INTO "synet_person" ("id","fathersName","name","surname","member","payAsMember","isActive","aa","afm","placeΟfΡesidence","mobilePhone","notes") VALUES (46,'Χαραλάμπους','Ερωφίλη','Κιούση-Παπαδημητροπούλου',1,1,1,NULL,NULL,NULL,NULL,NULL);
INSERT INTO "synet_person" ("id","fathersName","name","surname","member","payAsMember","isActive","aa","afm","placeΟfΡesidence","mobilePhone","notes") VALUES (47,'','Ευαγγελία','Πατεραντωνάκη',0,0,1,NULL,NULL,NULL,NULL,NULL);
INSERT INTO "synet_person" ("id","fathersName","name","surname","member","payAsMember","isActive","aa","afm","placeΟfΡesidence","mobilePhone","notes") VALUES (48,'Αποστόλου','Μαρία','Πατεραντωνάκη',0,0,1,NULL,NULL,NULL,NULL,NULL);
INSERT INTO "synet_person" ("id","fathersName","name","surname","member","payAsMember","isActive","aa","afm","placeΟfΡesidence","mobilePhone","notes") VALUES (49,'Δημητρίου','Γεώργιος','Πατιτάκης',0,1,1,NULL,NULL,NULL,NULL,NULL);
INSERT INTO "synet_person" ("id","fathersName","name","surname","member","payAsMember","isActive","aa","afm","placeΟfΡesidence","mobilePhone","notes") VALUES (50,NULL,'Κατερίνα','Σελί',0,0,1,NULL,NULL,NULL,NULL,NULL);
INSERT INTO "synet_person" ("id","fathersName","name","surname","member","payAsMember","isActive","aa","afm","placeΟfΡesidence","mobilePhone","notes") VALUES (51,'Ιωάννου','Μιχαήλ','Στεφανάκης',1,1,1,27,NULL,NULL,NULL,NULL);
INSERT INTO "synet_person" ("id","fathersName","name","surname","member","payAsMember","isActive","aa","afm","placeΟfΡesidence","mobilePhone","notes") VALUES (52,'Εμμανουήλ','Χαρούλα','Τσαγκαράκη-Αλεξάκη',1,1,1,70,NULL,NULL,NULL,NULL);
INSERT INTO "synet_person" ("id","fathersName","name","surname","member","payAsMember","isActive","aa","afm","placeΟfΡesidence","mobilePhone","notes") VALUES (53,'Δημητρίου','Γεώργιος','Χατζονικολάκης',1,1,1,86,NULL,NULL,NULL,NULL);
INSERT INTO "synet_person" ("id","fathersName","name","surname","member","payAsMember","isActive","aa","afm","placeΟfΡesidence","mobilePhone","notes") VALUES (54,'','','Συνεταιρισμός',0,0,1,NULL,NULL,NULL,NULL,NULL);
INSERT INTO "synet_person" ("id","fathersName","name","surname","member","payAsMember","isActive","aa","afm","placeΟfΡesidence","mobilePhone","notes") VALUES (55,'Ιωάννου','Δημήτριος','Χατζοβασιλάκης',1,1,0,11,NULL,NULL,NULL,NULL);
INSERT INTO "synet_person" ("id","fathersName","name","surname","member","payAsMember","isActive","aa","afm","placeΟfΡesidence","mobilePhone","notes") VALUES (56,'Χαραλάμπου','Νικηφόρος','Παπαδημητρόπουλος',1,1,0,14,NULL,NULL,NULL,NULL);
INSERT INTO "synet_person" ("id","fathersName","name","surname","member","payAsMember","isActive","aa","afm","placeΟfΡesidence","mobilePhone","notes") VALUES (57,'Γρηγορίου','Χαρίδημος','Παπαδημητρόπουλος',1,1,1,22,NULL,NULL,NULL,NULL);
INSERT INTO "synet_person" ("id","fathersName","name","surname","member","payAsMember","isActive","aa","afm","placeΟfΡesidence","mobilePhone","notes") VALUES (58,'Γεωργίου','Εμμανουήλ','Χατζονικολάκης',1,1,0,23,NULL,NULL,NULL,NULL);
INSERT INTO "synet_person" ("id","fathersName","name","surname","member","payAsMember","isActive","aa","afm","placeΟfΡesidence","mobilePhone","notes") VALUES (59,'Πέτρου','Εμμανουήλ','Φραγκάκης',1,1,0,24,NULL,NULL,NULL,NULL);
INSERT INTO "synet_person" ("id","fathersName","name","surname","member","payAsMember","isActive","aa","afm","placeΟfΡesidence","mobilePhone","notes") VALUES (60,'Πέτρου','Γεώργιος','Φραγκάκης',1,1,1,25,NULL,NULL,NULL,NULL);
INSERT INTO "synet_person" ("id","fathersName","name","surname","member","payAsMember","isActive","aa","afm","placeΟfΡesidence","mobilePhone","notes") VALUES (61,'Χαραλάμπου','Δημήτριος','Πατιτάκης',1,1,0,26,NULL,NULL,NULL,NULL);
INSERT INTO "synet_person" ("id","fathersName","name","surname","member","payAsMember","isActive","aa","afm","placeΟfΡesidence","mobilePhone","notes") VALUES (62,'Κωνσταντίνου','Μαρία','Φραγκάκη-Βασιλάκη',1,1,0,28,NULL,NULL,NULL,NULL);
INSERT INTO "synet_person" ("id","fathersName","name","surname","member","payAsMember","isActive","aa","afm","placeΟfΡesidence","mobilePhone","notes") VALUES (63,'Χαραλάμπου','Πέτρος','Παπαδημητρόπουλος',1,1,0,29,NULL,NULL,NULL,NULL);
INSERT INTO "synet_person" ("id","fathersName","name","surname","member","payAsMember","isActive","aa","afm","placeΟfΡesidence","mobilePhone","notes") VALUES (64,'Εμμανουήλ','Χαρίδημος','Στεφανάκης',1,1,0,31,NULL,NULL,NULL,NULL);
INSERT INTO "synet_person" ("id","fathersName","name","surname","member","payAsMember","isActive","aa","afm","placeΟfΡesidence","mobilePhone","notes") VALUES (65,'Νικολάου','Αντωνία','Πιτροπάκη',1,1,0,34,NULL,NULL,NULL,NULL);
INSERT INTO "synet_person" ("id","fathersName","name","surname","member","payAsMember","isActive","aa","afm","placeΟfΡesidence","mobilePhone","notes") VALUES (66,'Ματθαίου','Εμμανουήλ','Σηφάκης',1,1,0,35,NULL,NULL,NULL,NULL);
INSERT INTO "synet_person" ("id","fathersName","name","surname","member","payAsMember","isActive","aa","afm","placeΟfΡesidence","mobilePhone","notes") VALUES (67,'Ελευθερίου','Ιωάννης','Λουλάκης',1,1,0,37,NULL,NULL,NULL,NULL);
INSERT INTO "synet_person" ("id","fathersName","name","surname","member","payAsMember","isActive","aa","afm","placeΟfΡesidence","mobilePhone","notes") VALUES (68,'Γεωργίου','Νικόλαος','Σταυρουλάκης',1,1,0,38,NULL,NULL,NULL,NULL);
INSERT INTO "synet_person" ("id","fathersName","name","surname","member","payAsMember","isActive","aa","afm","placeΟfΡesidence","mobilePhone","notes") VALUES (69,'Δημητρίου','Εμμανουήλ','Παπαδημητρόπουλος',1,1,0,40,NULL,NULL,NULL,NULL);
INSERT INTO "synet_person" ("id","fathersName","name","surname","member","payAsMember","isActive","aa","afm","placeΟfΡesidence","mobilePhone","notes") VALUES (70,'Ελευθερίου','Νικόλαος','Βελημβασάκης',1,1,0,42,NULL,NULL,NULL,NULL);
INSERT INTO "synet_person" ("id","fathersName","name","surname","member","payAsMember","isActive","aa","afm","placeΟfΡesidence","mobilePhone","notes") VALUES (71,'Ιωάννου','Άννα','Βασιλάκη-Μηλιαράκη',1,1,0,43,NULL,'Αθήνα',NULL,NULL);
INSERT INTO "synet_person" ("id","fathersName","name","surname","member","payAsMember","isActive","aa","afm","placeΟfΡesidence","mobilePhone","notes") VALUES (72,'Ιωάννου','Μιχαήλ','Βασιλάκης',1,1,0,44,NULL,NULL,NULL,NULL);
INSERT INTO "synet_person" ("id","fathersName","name","surname","member","payAsMember","isActive","aa","afm","placeΟfΡesidence","mobilePhone","notes") VALUES (73,'Χαράλαμπου','Ιωάννης','Κοκκινάκης',1,1,0,47,NULL,'Ηράκλειο','2810256791',NULL);
INSERT INTO "synet_person" ("id","fathersName","name","surname","member","payAsMember","isActive","aa","afm","placeΟfΡesidence","mobilePhone","notes") VALUES (74,'Αθανασίου','Χαράλαμπος','Κονσολάκης',1,1,0,49,NULL,NULL,NULL,NULL);
INSERT INTO "synet_person" ("id","fathersName","name","surname","member","payAsMember","isActive","aa","afm","placeΟfΡesidence","mobilePhone","notes") VALUES (75,'Χαράλαμπου','Παναγιώτα','Θεοδοσάκη-Παπαδημητροπούλου',1,1,0,50,NULL,'Χόνδρος',NULL,NULL);
INSERT INTO "synet_person" ("id","fathersName","name","surname","member","payAsMember","isActive","aa","afm","placeΟfΡesidence","mobilePhone","notes") VALUES (76,'Ζαχαρίου','Βασιλική','Φραγκάκη-Χατζογιαννάκη',1,1,0,54,NULL,NULL,NULL,NULL);
INSERT INTO "synet_person" ("id","fathersName","name","surname","member","payAsMember","isActive","aa","afm","placeΟfΡesidence","mobilePhone","notes") VALUES (77,'Δημητρίου','Γεώργιος','Χατζοβασιλάκης',1,1,0,55,NULL,NULL,NULL,NULL);
INSERT INTO "synet_person" ("id","fathersName","name","surname","member","payAsMember","isActive","aa","afm","placeΟfΡesidence","mobilePhone","notes") VALUES (78,'Ελευθερίου','Γεώργιος','Λουλάκης',1,1,0,56,NULL,NULL,NULL,NULL);
INSERT INTO "synet_person" ("id","fathersName","name","surname","member","payAsMember","isActive","aa","afm","placeΟfΡesidence","mobilePhone","notes") VALUES (79,'Ιωάννου','Γεώργιος','Πιτροπάκης',1,1,0,57,NULL,'Άρβη',NULL,'Φίλος');
INSERT INTO "synet_person" ("id","fathersName","name","surname","member","payAsMember","isActive","aa","afm","placeΟfΡesidence","mobilePhone","notes") VALUES (80,NULL,'Ελένη','Πιτροπάκη',1,1,0,58,NULL,'Άρβη',NULL,'Φίλαινα');
INSERT INTO "synet_person" ("id","fathersName","name","surname","member","payAsMember","isActive","aa","afm","placeΟfΡesidence","mobilePhone","notes") VALUES (81,'Αναστασίου','Μαρίνα','Θεοδωρίδου',1,1,0,59,NULL,'Αθήνα',NULL,NULL);
INSERT INTO "synet_person" ("id","fathersName","name","surname","member","payAsMember","isActive","aa","afm","placeΟfΡesidence","mobilePhone","notes") VALUES (82,NULL,'Ιωάννα','Μηλιαράκη',1,1,0,62,NULL,'Αθήνα',NULL,NULL);
INSERT INTO "synet_person" ("id","fathersName","name","surname","member","payAsMember","isActive","aa","afm","placeΟfΡesidence","mobilePhone","notes") VALUES (83,'Χρήστου','Ευαγγελία','Παπαδημητροπούλου-Λάιου',1,1,0,64,NULL,NULL,NULL,'Απεβίωσε');
INSERT INTO "synet_person" ("id","fathersName","name","surname","member","payAsMember","isActive","aa","afm","placeΟfΡesidence","mobilePhone","notes") VALUES (84,'Ανδρέου','Μαρία','Καπετανάκη',1,1,0,65,NULL,'Ηράκλειο',NULL,NULL);
INSERT INTO "synet_person" ("id","fathersName","name","surname","member","payAsMember","isActive","aa","afm","placeΟfΡesidence","mobilePhone","notes") VALUES (85,'Δημητρίου','Ιωάννης','Βασιλάκης',1,1,0,66,NULL,NULL,NULL,NULL);
INSERT INTO "synet_person" ("id","fathersName","name","surname","member","payAsMember","isActive","aa","afm","placeΟfΡesidence","mobilePhone","notes") VALUES (86,'Ιωάννου','Εμμανουήλ','Κικάκης',1,1,0,68,NULL,'Αθήνα',NULL,NULL);
INSERT INTO "synet_person" ("id","fathersName","name","surname","member","payAsMember","isActive","aa","afm","placeΟfΡesidence","mobilePhone","notes") VALUES (87,'Ιωάννου','Ειρήνη','Πατιτάκη',1,1,0,69,NULL,NULL,NULL,'Ρηνούλα');
INSERT INTO "synet_person" ("id","fathersName","name","surname","member","payAsMember","isActive","aa","afm","placeΟfΡesidence","mobilePhone","notes") VALUES (88,'Εμμανουήλ','Ιωάννα','Τσαγκαράκη-Πετράκη',1,1,0,72,NULL,NULL,NULL,NULL);
INSERT INTO "synet_person" ("id","fathersName","name","surname","member","payAsMember","isActive","aa","afm","placeΟfΡesidence","mobilePhone","notes") VALUES (89,'Χαρίδημου','Σοφία','Θεοδοσάκη-Στεφανάκη',1,1,0,73,NULL,NULL,NULL,NULL);
INSERT INTO "synet_person" ("id","fathersName","name","surname","member","payAsMember","isActive","aa","afm","placeΟfΡesidence","mobilePhone","notes") VALUES (90,'Εμμανουήλ','Αικατερίνη','Κονδυλάκη-Κρασά',1,1,0,74,NULL,NULL,NULL,NULL);
INSERT INTO "synet_person" ("id","fathersName","name","surname","member","payAsMember","isActive","aa","afm","placeΟfΡesidence","mobilePhone","notes") VALUES (91,'Εμμανουήλ','Μιχαήλ','Μπεκράκης',1,1,0,75,NULL,'Αθήνα',NULL,NULL);
INSERT INTO "synet_person" ("id","fathersName","name","surname","member","payAsMember","isActive","aa","afm","placeΟfΡesidence","mobilePhone","notes") VALUES (92,'Εμμανουήλ','Γεωργία','Κόσσυβα-Βραχνάκη',1,1,0,76,NULL,NULL,NULL,NULL);
INSERT INTO "synet_person" ("id","fathersName","name","surname","member","payAsMember","isActive","aa","afm","placeΟfΡesidence","mobilePhone","notes") VALUES (93,'Ηλία','Ελένη','Κικάκη-Βασιλάκη',1,1,0,77,NULL,'Αθήνα',NULL,NULL);
INSERT INTO "synet_person" ("id","fathersName","name","surname","member","payAsMember","isActive","aa","afm","placeΟfΡesidence","mobilePhone","notes") VALUES (94,'Ελευθερίου','Γεώργιος','Βελημβασάκης',1,1,0,82,NULL,NULL,NULL,NULL);
INSERT INTO "synet_person" ("id","fathersName","name","surname","member","payAsMember","isActive","aa","afm","placeΟfΡesidence","mobilePhone","notes") VALUES (95,'Γεωργίου','Βασίλειος','Πιτροπάκης',1,1,0,83,NULL,NULL,NULL,NULL);
INSERT INTO "synet_person" ("id","fathersName","name","surname","member","payAsMember","isActive","aa","afm","placeΟfΡesidence","mobilePhone","notes") VALUES (96,'συζ.ΕμμανουήλτουΗλία','Άννα','Βασιλάκη',1,1,0,88,NULL,'Αθήνα',NULL,NULL);
INSERT INTO "synet_person" ("id","fathersName","name","surname","member","payAsMember","isActive","aa","afm","placeΟfΡesidence","mobilePhone","notes") VALUES (97,'Στυλιανού','Εμμανουήλ','Πατιτάκης',1,1,0,89,NULL,'Αθήνα',NULL,NULL);
INSERT INTO "synet_person" ("id","fathersName","name","surname","member","payAsMember","isActive","aa","afm","placeΟfΡesidence","mobilePhone","notes") VALUES (98,'Πέτρου','Χαράλαμπος','Παπαδημητρόπουλος',1,1,0,91,NULL,'Ρέθυμνο',NULL,NULL);
INSERT INTO "synet_person" ("id","fathersName","name","surname","member","payAsMember","isActive","aa","afm","placeΟfΡesidence","mobilePhone","notes") VALUES (99,'Ελευθερίου','Αναστασία','Φραγκάκη',1,1,0,95,NULL,'Ηράκλειο',NULL,NULL);
INSERT INTO "synet_person" ("id","fathersName","name","surname","member","payAsMember","isActive","aa","afm","placeΟfΡesidence","mobilePhone","notes") VALUES (100,'Γεωργίου','Σταύρος','Πιτροπάκης',1,1,0,96,NULL,'Αθήνα',NULL,NULL);
INSERT INTO "synet_person" ("id","fathersName","name","surname","member","payAsMember","isActive","aa","afm","placeΟfΡesidence","mobilePhone","notes") VALUES (101,'Γεωργίου','Μαρία','Πιτροπάκη',1,1,0,99,NULL,NULL,NULL,NULL);
INSERT INTO "synet_person" ("id","fathersName","name","surname","member","payAsMember","isActive","aa","afm","placeΟfΡesidence","mobilePhone","notes") VALUES (102,'ΙωάννουκαιΣοφίας','Γεώργιος','Πιτροπάκης',1,1,0,101,NULL,NULL,NULL,NULL);
INSERT INTO "synet_person" ("id","fathersName","name","surname","member","payAsMember","isActive","aa","afm","placeΟfΡesidence","mobilePhone","notes") VALUES (103,'?Μιχαήλ','Εμμανουήλ','Κικάκης',1,1,0,105,NULL,NULL,NULL,NULL);
DROP INDEX IF EXISTS "auth_group_permissions_group_id_permission_id_0cd325b0_uniq";
CREATE UNIQUE INDEX IF NOT EXISTS "auth_group_permissions_group_id_permission_id_0cd325b0_uniq" ON "auth_group_permissions" (
	"group_id",
	"permission_id"
);
DROP INDEX IF EXISTS "auth_group_permissions_group_id_b120cbf9";
CREATE INDEX IF NOT EXISTS "auth_group_permissions_group_id_b120cbf9" ON "auth_group_permissions" (
	"group_id"
);
DROP INDEX IF EXISTS "auth_group_permissions_permission_id_84c5c92e";
CREATE INDEX IF NOT EXISTS "auth_group_permissions_permission_id_84c5c92e" ON "auth_group_permissions" (
	"permission_id"
);
DROP INDEX IF EXISTS "auth_user_groups_user_id_group_id_94350c0c_uniq";
CREATE UNIQUE INDEX IF NOT EXISTS "auth_user_groups_user_id_group_id_94350c0c_uniq" ON "auth_user_groups" (
	"user_id",
	"group_id"
);
DROP INDEX IF EXISTS "auth_user_groups_user_id_6a12ed8b";
CREATE INDEX IF NOT EXISTS "auth_user_groups_user_id_6a12ed8b" ON "auth_user_groups" (
	"user_id"
);
DROP INDEX IF EXISTS "auth_user_groups_group_id_97559544";
CREATE INDEX IF NOT EXISTS "auth_user_groups_group_id_97559544" ON "auth_user_groups" (
	"group_id"
);
DROP INDEX IF EXISTS "auth_user_user_permissions_user_id_permission_id_14a6b632_uniq";
CREATE UNIQUE INDEX IF NOT EXISTS "auth_user_user_permissions_user_id_permission_id_14a6b632_uniq" ON "auth_user_user_permissions" (
	"user_id",
	"permission_id"
);
DROP INDEX IF EXISTS "auth_user_user_permissions_user_id_a95ead1b";
CREATE INDEX IF NOT EXISTS "auth_user_user_permissions_user_id_a95ead1b" ON "auth_user_user_permissions" (
	"user_id"
);
DROP INDEX IF EXISTS "auth_user_user_permissions_permission_id_1fbb5f2c";
CREATE INDEX IF NOT EXISTS "auth_user_user_permissions_permission_id_1fbb5f2c" ON "auth_user_user_permissions" (
	"permission_id"
);
DROP INDEX IF EXISTS "django_admin_log_content_type_id_c4bce8eb";
CREATE INDEX IF NOT EXISTS "django_admin_log_content_type_id_c4bce8eb" ON "django_admin_log" (
	"content_type_id"
);
DROP INDEX IF EXISTS "django_admin_log_user_id_c564eba6";
CREATE INDEX IF NOT EXISTS "django_admin_log_user_id_c564eba6" ON "django_admin_log" (
	"user_id"
);
DROP INDEX IF EXISTS "django_content_type_app_label_model_76bd3d3b_uniq";
CREATE UNIQUE INDEX IF NOT EXISTS "django_content_type_app_label_model_76bd3d3b_uniq" ON "django_content_type" (
	"app_label",
	"model"
);
DROP INDEX IF EXISTS "auth_permission_content_type_id_codename_01ab375a_uniq";
CREATE UNIQUE INDEX IF NOT EXISTS "auth_permission_content_type_id_codename_01ab375a_uniq" ON "auth_permission" (
	"content_type_id",
	"codename"
);
DROP INDEX IF EXISTS "auth_permission_content_type_id_2f476e4b";
CREATE INDEX IF NOT EXISTS "auth_permission_content_type_id_2f476e4b" ON "auth_permission" (
	"content_type_id"
);
DROP INDEX IF EXISTS "django_session_expire_date_a5c62663";
CREATE INDEX IF NOT EXISTS "django_session_expire_date_a5c62663" ON "django_session" (
	"expire_date"
);
DROP INDEX IF EXISTS "synet_paid_irrigation_id_35aab728";
CREATE INDEX IF NOT EXISTS "synet_paid_irrigation_id_35aab728" ON "synet_paid" (
	"irrigation_id"
);
DROP INDEX IF EXISTS "synet_paid_receiver_id_1a869d17";
CREATE INDEX IF NOT EXISTS "synet_paid_receiver_id_1a869d17" ON "synet_paid" (
	"receiver_id"
);
DROP INDEX IF EXISTS "synet_counter_customer_id_507aff6c";
CREATE INDEX IF NOT EXISTS "synet_counter_customer_id_507aff6c" ON "synet_counter" (
	"customer_id"
);
DROP INDEX IF EXISTS "synet_field_customer_id_5f7efd63";
CREATE INDEX IF NOT EXISTS "synet_field_customer_id_5f7efd63" ON "synet_field" (
	"customer_id"
);
DROP INDEX IF EXISTS "synet_watercons_counter_id_f94424aa";
CREATE INDEX IF NOT EXISTS "synet_watercons_counter_id_f94424aa" ON "synet_watercons" (
	"counter_id"
);
DROP INDEX IF EXISTS "synet_watercons_customer_id_9dbcf5fe";
CREATE INDEX IF NOT EXISTS "synet_watercons_customer_id_9dbcf5fe" ON "synet_watercons" (
	"customer_id"
);
DROP INDEX IF EXISTS "synet_watercons_field_id_2989b046";
CREATE INDEX IF NOT EXISTS "synet_watercons_field_id_2989b046" ON "synet_watercons" (
	"field_id"
);
DROP INDEX IF EXISTS "synet_person_surname_name_fathersName_e7e0d3cd_uniq";
CREATE UNIQUE INDEX IF NOT EXISTS "synet_person_surname_name_fathersName_e7e0d3cd_uniq" ON "synet_person" (
	"surname",
	"name",
	"fathersName"
);
COMMIT;
