-- MySQL dump 10.13  Distrib 9.3.0, for Win64 (x86_64) 
--
-- Host: localhost    Database: gverv$synet
-- ------------------------------------------------------
-- Server version	9.3.0

/*!40101 SET @OLD_CHARACTER_SET_CLIENT=@@CHARACTER_SET_CLIENT */;
/*!40101 SET @OLD_CHARACTER_SET_RESULTS=@@CHARACTER_SET_RESULTS */;
/*!40101 SET @OLD_COLLATION_CONNECTION=@@COLLATION_CONNECTION */;
/*!50503 SET NAMES utf8mb4 */;
/*!40103 SET @OLD_TIME_ZONE=@@TIME_ZONE */;
/*!40103 SET TIME_ZONE='+00:00' */;
/*!40014 SET @OLD_UNIQUE_CHECKS=@@UNIQUE_CHECKS, UNIQUE_CHECKS=0 */;
/*!40014 SET @OLD_FOREIGN_KEY_CHECKS=@@FOREIGN_KEY_CHECKS, FOREIGN_KEY_CHECKS=0 */;
/*!40101 SET @OLD_SQL_MODE=@@SQL_MODE, SQL_MODE='NO_AUTO_VALUE_ON_ZERO' */;
/*!40111 SET @OLD_SQL_NOTES=@@SQL_NOTES, SQL_NOTES=0 */;

--
-- Table structure for table `auth_group`
--

DROP TABLE IF EXISTS `auth_group`;
/*!40101 SET @saved_cs_client     = @@character_set_client */;
/*!50503 SET character_set_client = utf8mb4 */;
CREATE TABLE `auth_group` (
  `id` int NOT NULL AUTO_INCREMENT,
  `name` varchar(150) COLLATE utf8mb4_unicode_ci NOT NULL,
  PRIMARY KEY (`id`)
) ENGINE=InnoDB DEFAULT CHARSET=utf8mb4 COLLATE=utf8mb4_unicode_ci;
/*!40101 SET character_set_client = @saved_cs_client */;

--
-- Dumping data for table `auth_group`
--

LOCK TABLES `auth_group` WRITE;
/*!40000 ALTER TABLE `auth_group` DISABLE KEYS */;
/*!40000 ALTER TABLE `auth_group` ENABLE KEYS */;
UNLOCK TABLES;

--
-- Table structure for table `auth_group_permissions`
--

DROP TABLE IF EXISTS `auth_group_permissions`;
/*!40101 SET @saved_cs_client     = @@character_set_client */;
/*!50503 SET character_set_client = utf8mb4 */;
CREATE TABLE `auth_group_permissions` (
  `id` int NOT NULL AUTO_INCREMENT,
  `group_id` int NOT NULL,
  `permission_id` int NOT NULL,
  PRIMARY KEY (`id`)
) ENGINE=InnoDB DEFAULT CHARSET=utf8mb4 COLLATE=utf8mb4_unicode_ci;
/*!40101 SET character_set_client = @saved_cs_client */;

--
-- Dumping data for table `auth_group_permissions`
--

LOCK TABLES `auth_group_permissions` WRITE;
/*!40000 ALTER TABLE `auth_group_permissions` DISABLE KEYS */;
/*!40000 ALTER TABLE `auth_group_permissions` ENABLE KEYS */;
UNLOCK TABLES;

--
-- Table structure for table `auth_permission`
--

DROP TABLE IF EXISTS `auth_permission`;
/*!40101 SET @saved_cs_client     = @@character_set_client */;
/*!50503 SET character_set_client = utf8mb4 */;
CREATE TABLE `auth_permission` (
  `id` int NOT NULL AUTO_INCREMENT,
  `content_type_id` int NOT NULL,
  `codename` varchar(100) COLLATE utf8mb4_unicode_ci NOT NULL,
  `name` varchar(255) COLLATE utf8mb4_unicode_ci NOT NULL,
  PRIMARY KEY (`id`)
) ENGINE=InnoDB AUTO_INCREMENT=57 DEFAULT CHARSET=utf8mb4 COLLATE=utf8mb4_unicode_ci;
/*!40101 SET character_set_client = @saved_cs_client */;

--
-- Dumping data for table `auth_permission`
--

LOCK TABLES `auth_permission` WRITE;
/*!40000 ALTER TABLE `auth_permission` DISABLE KEYS */;
INSERT INTO `auth_permission` VALUES (1,1,'add_logentry','Can add log entry'),(2,1,'change_logentry','Can change log entry'),(3,1,'delete_logentry','Can delete log entry'),(4,1,'view_logentry','Can view log entry'),(5,2,'add_permission','Can add permission'),(6,2,'change_permission','Can change permission'),(7,2,'delete_permission','Can delete permission'),(8,2,'view_permission','Can view permission'),(9,3,'add_group','Can add group'),(10,3,'change_group','Can change group'),(11,3,'delete_group','Can delete group'),(12,3,'view_group','Can view group'),(13,4,'add_user','Can add user'),(14,4,'change_user','Can change user'),(15,4,'delete_user','Can delete user'),(16,4,'view_user','Can view user'),(17,5,'add_contenttype','Can add content type'),(18,5,'change_contenttype','Can change content type'),(19,5,'delete_contenttype','Can delete content type'),(20,5,'view_contenttype','Can view content type'),(21,6,'add_session','Can add session'),(22,6,'change_session','Can change session'),(23,6,'delete_session','Can delete session'),(24,6,'view_session','Can view session'),(25,7,'add_waterconsumption','Can add water consumption'),(26,7,'change_waterconsumption','Can change water consumption'),(27,7,'delete_waterconsumption','Can delete water consumption'),(28,7,'view_waterconsumption','Can view water consumption'),(29,8,'add_fields','Can add fields'),(30,8,'change_fields','Can change fields'),(31,8,'delete_fields','Can delete fields'),(32,8,'view_fields','Can view fields'),(33,9,'add_customers','Can add customers'),(34,9,'change_customers','Can change customers'),(35,9,'delete_customers','Can delete customers'),(36,9,'view_customers','Can view customers'),(37,10,'add_counters','Can add counters'),(38,10,'change_counters','Can change counters'),(39,10,'delete_counters','Can delete counters'),(40,10,'view_counters','Can view counters'),(41,11,'add_paids','Can add paids'),(42,11,'change_paids','Can change paids'),(43,11,'delete_paids','Can delete paids'),(44,11,'view_paids','Can view paids'),(45,12,'add_watercons','Can add water cons'),(46,12,'change_watercons','Can change water cons'),(47,12,'delete_watercons','Can delete water cons'),(48,12,'view_watercons','Can view water cons'),(49,13,'add_receivers','Can add receivers'),(50,13,'change_receivers','Can change receivers'),(51,13,'delete_receivers','Can delete receivers'),(52,13,'view_receivers','Can view receivers'),(53,9,'add_persons','Can add persons'),(54,9,'change_persons','Can change persons'),(55,9,'delete_persons','Can delete persons'),(56,9,'view_persons','Can view persons');
/*!40000 ALTER TABLE `auth_permission` ENABLE KEYS */;
UNLOCK TABLES;

--
-- Table structure for table `auth_user`
--

DROP TABLE IF EXISTS `auth_user`;
/*!40101 SET @saved_cs_client     = @@character_set_client */;
/*!50503 SET character_set_client = utf8mb4 */;
CREATE TABLE `auth_user` (
  `id` int NOT NULL AUTO_INCREMENT,
  `password` varchar(128) COLLATE utf8mb4_unicode_ci NOT NULL,
  `last_login` datetime NOT NULL,
  `is_superuser` tinyint(1) NOT NULL,
  `username` varchar(150) COLLATE utf8mb4_unicode_ci NOT NULL,
  `last_name` varchar(150) COLLATE utf8mb4_unicode_ci DEFAULT NULL,
  `email` varchar(254) COLLATE utf8mb4_unicode_ci DEFAULT NULL,
  `is_staff` tinyint(1) NOT NULL,
  `is_active` tinyint(1) NOT NULL,
  `date_joined` datetime NOT NULL,
  `first_name` varchar(150) COLLATE utf8mb4_unicode_ci DEFAULT NULL,
  PRIMARY KEY (`id`)
) ENGINE=InnoDB AUTO_INCREMENT=4 DEFAULT CHARSET=utf8mb4 COLLATE=utf8mb4_unicode_ci;
/*!40101 SET character_set_client = @saved_cs_client */;

--
-- Dumping data for table `auth_user`
--

LOCK TABLES `auth_user` WRITE;
/*!40000 ALTER TABLE `auth_user` DISABLE KEYS */;
INSERT INTO `auth_user` VALUES (1,'pbkdf2_sha256$1000000$d8tUgBXDJN81teh2mrdyz6$RHnhZOjpq7YhL0DPicuZ4aS8b3v6uuB2ybXXjZc0FhU=','2025-07-11 20:12:30',1,'gverv',NULL,'gnverv@gmail.com',1,1,'2025-05-01 07:57:15',NULL),(2,'pbkdf2_sha256$1000000$83E0JtVnijkqx17hC7iF29$Ph/ZjMo5DHiVxN4km+yk0yhdWZi3bK5uYZupbXBnqDQ=','2025-07-11 20:40:04',0,'xaroula',NULL,NULL,1,1,'2025-07-08 18:47:16',NULL),(3,'pbkdf2_sha256$1000000$HBN53aOnPWg6EmGoDOXFP5$0NZpOp7rAbwEezoWCihefOOMx1FonSRogbKTCvjfz40=','2025-07-14 14:38:28',0,'spyros',NULL,NULL,1,1,'2025-07-11 19:07:15',NULL);
/*!40000 ALTER TABLE `auth_user` ENABLE KEYS */;
UNLOCK TABLES;

--
-- Table structure for table `auth_user_groups`
--

DROP TABLE IF EXISTS `auth_user_groups`;
/*!40101 SET @saved_cs_client     = @@character_set_client */;
/*!50503 SET character_set_client = utf8mb4 */;
CREATE TABLE `auth_user_groups` (
  `id` int NOT NULL AUTO_INCREMENT,
  `user_id` int NOT NULL,
  `group_id` int NOT NULL,
  PRIMARY KEY (`id`)
) ENGINE=InnoDB DEFAULT CHARSET=utf8mb4 COLLATE=utf8mb4_unicode_ci;
/*!40101 SET character_set_client = @saved_cs_client */;

--
-- Dumping data for table `auth_user_groups`
--

LOCK TABLES `auth_user_groups` WRITE;
/*!40000 ALTER TABLE `auth_user_groups` DISABLE KEYS */;
/*!40000 ALTER TABLE `auth_user_groups` ENABLE KEYS */;
UNLOCK TABLES;

--
-- Table structure for table `auth_user_user_permissions`
--

DROP TABLE IF EXISTS `auth_user_user_permissions`;
/*!40101 SET @saved_cs_client     = @@character_set_client */;
/*!50503 SET character_set_client = utf8mb4 */;
CREATE TABLE `auth_user_user_permissions` (
  `id` int NOT NULL AUTO_INCREMENT,
  `user_id` int NOT NULL,
  `permission_id` int NOT NULL,
  PRIMARY KEY (`id`)
) ENGINE=InnoDB AUTO_INCREMENT=18 DEFAULT CHARSET=utf8mb4 COLLATE=utf8mb4_unicode_ci;
/*!40101 SET character_set_client = @saved_cs_client */;

--
-- Dumping data for table `auth_user_user_permissions`
--

LOCK TABLES `auth_user_user_permissions` WRITE;
/*!40000 ALTER TABLE `auth_user_user_permissions` DISABLE KEYS */;
INSERT INTO `auth_user_user_permissions` VALUES (1,2,32),(2,2,36),(3,2,40),(4,2,41),(5,2,44),(6,2,48),(7,2,52),(8,2,56),(9,2,28),(10,3,32),(11,3,40),(12,3,44),(13,3,45),(14,3,46),(15,3,48),(16,3,52),(17,3,56);
/*!40000 ALTER TABLE `auth_user_user_permissions` ENABLE KEYS */;
UNLOCK TABLES;

--
-- Table structure for table `django_admin_log`
--

DROP TABLE IF EXISTS `django_admin_log`;
/*!40101 SET @saved_cs_client     = @@character_set_client */;
/*!50503 SET character_set_client = utf8mb4 */;
CREATE TABLE `django_admin_log` (
  `id` int NOT NULL,
  `object_id` varchar(3) COLLATE utf8mb4_unicode_ci NOT NULL,
  `object_repr` varchar(200) COLLATE utf8mb4_unicode_ci NOT NULL,
  `action_flag` smallint unsigned NOT NULL,
  `change_message` varchar(97) COLLATE utf8mb4_unicode_ci NOT NULL,
  `content_type_id` int NOT NULL,
  `user_id` int NOT NULL,
  `action_time` datetime NOT NULL
) ENGINE=InnoDB DEFAULT CHARSET=utf8mb4 COLLATE=utf8mb4_unicode_ci;
/*!40101 SET character_set_client = @saved_cs_client */;

--
-- Dumping data for table `django_admin_log`
--

LOCK TABLES `django_admin_log` WRITE;
/*!40000 ALTER TABLE `django_admin_log` DISABLE KEYS */;
INSERT INTO `django_admin_log` VALUES (1,'52','Τσαγκαράκη Χαρούλα Εμμανουήλ',2,'[{\"changed\": {\"fields\": [\"FathersName\"]}}]',9,1,'2025-05-01 08:29:42'),(2,'51','Στεφανάκης Μιχάλης Ιωάννου',2,'[{\"changed\": {\"fields\": [\"FathersName\"]}}]',9,1,'2025-05-01 08:30:14'),(3,'48','Πατεραντωνάκη Μαρία Αποστόλου',2,'[{\"changed\": {\"fields\": [\"FathersName\"]}}]',9,1,'2025-05-01 08:30:40'),(4,'46','Παπαδημητροπούλου-Κιούση Ερωφίλη Χαραλάμπους',2,'[{\"changed\": {\"fields\": [\"FathersName\"]}}]',9,1,'2025-05-01 08:31:04'),(5,'45','Παπαδημητρόπουλος Μάνθος Νικηφόρου',2,'[{\"changed\": {\"fields\": [\"FathersName\"]}}]',9,1,'2025-05-01 08:31:22'),(6,'44','Μαρουλάκης Νικήτας Νικολάου',2,'[{\"changed\": {\"fields\": [\"FathersName\"]}}]',9,1,'2025-05-01 08:31:40'),(7,'43','Παπαδάκη-Μαργαριτάκη Κατινούλα Γεωργίου',2,'[{\"changed\": {\"fields\": [\"Surname\", \"FathersName\"]}}]',9,1,'2025-05-01 08:32:26'),(8,'39','Κοκκινάκη-Σηφάκη Μαρία Ιωάννου',2,'[{\"changed\": {\"fields\": [\"Surname\", \"FathersName\"]}}]',9,1,'2025-05-01 08:33:31'),(9,'37','Αλεξάκης Μανώλης Ευαγγέλου',2,'[{\"changed\": {\"fields\": [\"FathersName\"]}}]',9,1,'2025-05-01 08:33:58'),(10,'34','Κοκινάκης Θεοχάρης Ιωάννου',2,'[{\"changed\": {\"fields\": [\"FathersName\"]}}]',9,1,'2025-05-01 08:34:36'),(11,'35','Δεξ2 16 018269 Χατζονικολάκης Δημήτριος Γεωργίου',2,'[{\"changed\": {\"fields\": [\"Customer\"]}}]',10,1,'2025-05-01 09:45:04'),(12,'34','Τσ10 093241CA/95 Τσαγκαράκη Χαρούλα Εμμανουήλ',2,'[{\"changed\": {\"fields\": [\"Customer\"]}}]',10,1,'2025-05-01 09:47:47'),(13,'33','Γεφ19 12-023779 Στεφανάκης Μιχάλης Ιωάννου',2,'[{\"changed\": {\"fields\": [\"Customer\"]}}]',10,1,'2025-05-01 10:13:22'),(14,'32','Γεφ17 44952170 Στεφανάκης Μιχάλης Ιωάννου',2,'[{\"changed\": {\"fields\": [\"Customer\"]}}]',10,1,'2025-05-01 10:17:05'),(15,'14','Γεφ02 924803 Μαρουλάκης Ιωάννης Νικολάου',2,'[{\"changed\": {\"fields\": [\"Customer\"]}}]',10,1,'2025-05-01 10:27:35'),(16,'17','Γεφ12 004306ca/99 Μαρουλάκης Στέλιος Γεωργίου',2,'[{\"changed\": {\"fields\": [\"Customer\"]}}]',10,1,'2025-05-01 10:28:34'),(17,'7','Γεφ15 Fd001444-05 Γρυσμπολάκης Δημήτρης Εμμανουήλ',2,'[{\"changed\": {\"fields\": [\"Customer\"]}}]',10,1,'2025-05-01 10:29:08'),(18,'29','Γεφ16 1994-ce002848 Κοκκινάκη-Σηφάκη Μαρία Ιωάννου',2,'[{\"changed\": {\"fields\": [\"Customer\"]}}]',10,1,'2025-05-01 10:30:20'),(19,'23','Γεφ18 1295-2-528 Παπαδημητροπούλου Μαρία Νικολάου',2,'[{\"changed\": {\"fields\": [\"Customer\"]}}]',10,1,'2025-05-01 10:32:10'),(20,'11','Γεφ20 004308ca/99 Κικάκης Μιχ. Εμμανουήλ',2,'[{\"changed\": {\"fields\": [\"Customer\"]}}]',10,1,'2025-05-01 10:32:33'),(21,'13','Δεξ1 2032010305 Μαργαριτάκης Μανώλης Ιωάννου',2,'[{\"changed\": {\"fields\": [\"Customer\"]}}]',10,1,'2025-05-01 10:33:51'),(22,'20','Δεξ1Α 7082411 Παπαδημητρόπουλος Μάνθος Νικηφόρου',2,'[{\"changed\": {\"fields\": [\"Customer\"]}}]',10,1,'2025-05-01 10:34:45'),(23,'8','Δεξ1Β 004242CA/99 Ζώτος Σπύρος None',2,'[{\"changed\": {\"fields\": [\"Customer\"]}}]',10,1,'2025-05-01 10:35:06'),(24,'9','Δεξ3 1532010239 Ζώτος Σπύρος None',2,'[{\"changed\": {\"fields\": [\"Customer\"]}}]',10,1,'2025-05-01 10:35:51'),(25,'22','Δεξ4 1532007166 Παπαδημητροπούλου-Κιούση Ερωφίλη Χαραλάμπους',2,'[{\"changed\": {\"fields\": [\"Customer\"]}}]',10,1,'2025-05-01 10:36:17'),(26,'18','Δεξ4Α FC000764-06 Μπετεινάκης Κωστής None',2,'[{\"changed\": {\"fields\": [\"Customer\"]}}]',10,1,'2025-05-01 10:37:04'),(27,'28','Δεξ5Α 2132002569 Σελί Κατερίνα None',2,'[{\"changed\": {\"fields\": [\"Customer\"]}}]',10,1,'2025-05-01 10:37:42'),(28,'10','Μηλ1 005303CA/99 Ζώτος Σπύρος None',2,'[{\"changed\": {\"fields\": [\"Customer\"]}}]',10,1,'2025-05-01 10:40:00'),(29,'12','Μηλ2 006599CA/98 Παπαδάκη-Μαργαριτάκη Κατινούλα Γεωργίου',2,'[{\"changed\": {\"fields\": [\"Customer\"]}}]',10,1,'2025-05-01 10:41:12'),(30,'25','Μηλ3 16 025968 Πατεραντωνάκη Μαρία Αποστόλου',2,'[{\"changed\": {\"fields\": [\"Customer\"]}}]',10,1,'2025-05-01 10:42:02'),(31,'30','Μηλ4 002587ca/99 Κοκκινάκη-Σηφάκη Μαρία Ιωάννου',2,'[{\"changed\": {\"fields\": [\"Customer\"]}}]',10,1,'2025-05-01 10:43:10'),(32,'15','Μηλ7 1933003191 Μαρουλάκης Νικήτας Νικολάου',2,'[{\"changed\": {\"fields\": [\"Customer\"]}}]',10,1,'2025-05-01 10:44:16'),(33,'6','Μηλ8 FD001619-07 Βερβελάκης Γεώργιος Νικολάου',2,'[{\"changed\": {\"fields\": [\"Customer\"]}}]',10,1,'2025-05-01 10:44:38'),(34,'24','Μηλ9 1832012272παλιόνέο Πατεραντωνάκη Ευαγγελία None',2,'[{\"changed\": {\"fields\": [\"Counter\", \"Customer\"]}}]',10,1,'2025-05-01 10:45:11'),(35,'5','Παπ01 004229ca/99 Βερβελάκη Άννα Εμμανουήλ',2,'[{\"changed\": {\"fields\": [\"Customer\"]}}]',10,1,'2025-05-01 10:45:29'),(36,'31','Παπ10 004230ca/99 Κοκκινάκη-Σηφάκη Μαρία Ιωάννου',2,'[{\"changed\": {\"fields\": [\"Customer\"]}}]',10,1,'2025-05-01 10:45:50'),(37,'27','Παπ12 7082650 Χατζονικολάκη-Προεστάκη Γλυκερία Ιωάννου',2,'[{\"changed\": {\"fields\": [\"Customer\"]}}]',10,1,'2025-05-01 10:46:13'),(38,'21','Τσ01 004135CA/99 Παπαδημητροπούλου Καίτη Εμμανουήλ',2,'[{\"changed\": {\"fields\": [\"Customer\"]}}]',10,1,'2025-05-01 10:49:49'),(39,'16','Τσ04 FC003280-08 Μαρουλάκης Νικήτας Νικολάου',2,'[{\"changed\": {\"fields\": [\"Customer\"]}}]',10,1,'2025-05-01 10:50:16'),(40,'26','Τσ12 090559BA/95 Πατιτάκης Γεώργιος Δημητρίου',2,'[{\"changed\": {\"fields\": [\"Customer\"]}}]',10,1,'2025-05-01 10:51:06'),(41,'19','Τσ16 536096 Μπρότσικας Κώστας None',2,'[{\"changed\": {\"fields\": [\"Customer\"]}}]',10,1,'2025-05-01 10:51:31'),(42,'19','Plakut Nikos None',2,'[{\"changed\": {\"fields\": [\"Member\", \"PayAsMember\"]}}]',9,1,'2025-05-01 11:20:34'),(43,'1','Russi Adem(Ανδρέας) None',2,'[{\"changed\": {\"fields\": [\"Member\"]}}]',9,1,'2025-05-01 11:20:57'),(44,'2','Russi Bilal(Χρήστος) None',2,'[{\"changed\": {\"fields\": [\"PayAsMember\"]}}]',9,1,'2025-05-01 11:21:12'),(45,'25','ΑΠΩΛΕΙΑ None None',2,'[{\"changed\": {\"fields\": [\"Member\", \"PayAsMember\"]}}]',9,1,'2025-05-01 11:23:16'),(46,'37','Αλεξάκης Μανώλης Ευαγγέλου',2,'[{\"changed\": {\"fields\": [\"Member\"]}}]',9,1,'2025-05-01 11:23:30'),(47,'10','Βερβελάκη Άννα Εμμανουήλ',2,'[{\"changed\": {\"fields\": [\"Member\"]}}]',9,1,'2025-05-01 11:23:48'),(48,'24','Γρυνιεζάκης Δημήτρης None',2,'[{\"changed\": {\"fields\": [\"Member\", \"PayAsMember\"]}}]',9,1,'2025-05-01 11:24:02'),(49,'6','Ζώτος Σπύρος None',2,'[{\"changed\": {\"fields\": [\"Member\"]}}]',9,1,'2025-05-01 11:29:42'),(50,'40','Κικάκης Νικόλαος None',2,'[{\"changed\": {\"fields\": [\"Member\"]}}]',9,1,'2025-05-01 11:30:13'),(51,'23','Μαργαριτάκης Μανώλης Ιωάννου',2,'[{\"changed\": {\"fields\": [\"Member\"]}}]',9,1,'2025-05-01 11:30:44'),(52,'38','Μπετεινάκης Κωστής None',2,'[{\"changed\": {\"fields\": [\"Member\"]}}]',9,1,'2025-05-01 11:31:12'),(53,'43','Παπαδάκη-Μαργαριτάκη Κατινούλα Γεωργίου',2,'[{\"changed\": {\"fields\": [\"Member\", \"PayAsMember\"]}}]',9,1,'2025-05-01 11:31:37'),(54,'42','Παπαδημητροπούλου Μαρία Νικηφόρου',2,'[{\"changed\": {\"fields\": [\"Member\"]}}]',9,1,'2025-05-01 11:32:08'),(55,'45','Παπαδημητρόπουλος Μάνθος Νικηφόρου',2,'[{\"changed\": {\"fields\": [\"Member\"]}}]',9,1,'2025-05-01 11:32:37'),(56,'47','Πατεραντωνάκη Ευαγγελία None',2,'[{\"changed\": {\"fields\": [\"Member\", \"PayAsMember\"]}}]',9,1,'2025-05-01 11:33:01'),(57,'48','Πατεραντωνάκη Μαρία Αποστόλου',2,'[{\"changed\": {\"fields\": [\"Member\", \"PayAsMember\"]}}]',9,1,'2025-05-01 11:33:19'),(58,'30','Πατιτάκη Γιάννα Γεωργίου',2,'[{\"changed\": {\"fields\": [\"Member\"]}}]',9,1,'2025-05-01 11:33:37'),(59,'8','Πατιτάκης Μανώλης Γεωργίου',2,'[{\"changed\": {\"fields\": [\"Member\"]}}]',9,1,'2025-05-01 11:34:00'),(60,'50','Σελί Κατερίνα None',2,'[{\"changed\": {\"fields\": [\"Member\", \"PayAsMember\"]}}]',9,1,'2025-05-01 11:34:28'),(61,'16','Χατζοβασιλάκη Κατερίνα Δημητρίου',2,'[{\"changed\": {\"fields\": [\"Member\"]}}]',9,1,'2025-05-01 11:35:22'),(62,'1','Τσαγκαράκη Χαρούλα',1,'[{\"added\": {}}]',13,1,'2025-05-03 21:26:11'),(63,'2','Βερβελάκη Άννα',1,'[{\"added\": {}}]',13,1,'2025-05-03 21:26:40'),(64,'2','2Βερβελάκη Άννα',2,'[{\"changed\": {\"fields\": [\"Receiver\"]}}]',13,1,'2025-05-03 21:27:18'),(65,'1','1Τσαγκαράκη Χαρούλα',2,'[{\"changed\": {\"fields\": [\"Receiver\"]}}]',13,1,'2025-05-03 21:27:29'),(66,'2','Βερβελάκη Άννα',2,'[{\"changed\": {\"fields\": [\"Receiver\"]}}]',13,1,'2025-05-03 21:28:02'),(67,'1','Τσαγκαράκη Χαρούλα',2,'[{\"changed\": {\"fields\": [\"Receiver\"]}}]',13,1,'2025-05-03 21:28:15'),(68,'1','None Βερβελάκης Γεώργιος Νικολάου 2024-04-03 607 182.10 2024-04-03 182.1',1,'[{\"added\": {}}]',11,1,'2025-05-03 21:45:26'),(69,'2','None Βερβελάκης Γεώργιος Νικολάου 2024-05-01 539 161.70 None None',1,'[{\"added\": {}}]',11,1,'2025-05-03 21:51:52'),(70,'2','None Βερβελάκης Γεώργιος Νικολάου 2024-05-01 539 161.70 2024-05-01 161.7',2,'[{\"changed\": {\"fields\": [\"Paid\", \"PaymentDate\", \"Receiver\"]}}]',11,1,'2025-05-03 21:52:53'),(71,'37','Αλεξάκης Μανώλης Ευαγγέλου',2,'[{\"changed\": {\"fields\": [\"PayAsMember\"]}}]',9,1,'2025-05-11 06:45:48'),(72,'19','Plakut Nikos None',2,'[]',9,1,'2025-05-11 06:45:55'),(73,'1','Russi Adem(Ανδρέας) None',2,'[]',9,1,'2025-05-11 06:46:00'),(74,'9','Βασιλάκης Ιω. Νικολάου',2,'[]',9,1,'2025-05-11 06:46:11'),(75,'39','Σηφάκη-Κοκινάκη Μαρία Ιωάννου',2,'[{\"changed\": {\"fields\": [\"Surname\"]}}]',9,1,'2025-05-11 06:55:02'),(76,'2','Russi Bilal(Χρήστος) None',2,'[]',9,1,'2025-05-11 06:55:21'),(77,'28','Κικάκης Μιχαήλ Εμμανουήλ',2,'[{\"changed\": {\"fields\": [\"Name\"]}}]',9,1,'2025-05-11 06:56:13'),(78,'7','Κικάκης Μιχαήλ Ιωάννου',2,'[{\"changed\": {\"fields\": [\"Name\"]}}]',9,1,'2025-05-11 06:56:31'),(79,'43','Μαργαριτάκη-Παπαδάκη Κατινούλα Γεωργίου',2,'[{\"changed\": {\"fields\": [\"Surname\"]}}]',9,1,'2025-05-11 06:57:24'),(80,'46','Κιούση-Παπαδημητροπούλου Ερωφίλη Χαραλάμπους',2,'[{\"changed\": {\"fields\": [\"Surname\"]}}]',9,1,'2025-05-11 06:58:27'),(81,'21','Προεστάκη-Χατζονικολάκη Γλυκερία Ιωάννου',2,'[{\"changed\": {\"fields\": [\"Surname\"]}}]',9,1,'2025-05-11 07:01:06'),(82,'26','Ποντικάκης Εμμανουήλ Γεωργίου',2,'[{\"changed\": {\"fields\": [\"Name\", \"Aa\"]}}]',9,1,'2025-05-11 13:44:22'),(83,'55','Χατζοβασιλάκης Δημήτριος Ιωάννου',1,'[{\"added\": {}}]',9,1,'2025-05-11 13:45:43'),(84,'56','Παπαδημητρόπουλος Νικηφόρος Χαραλάμπου',1,'[{\"added\": {}}]',9,1,'2025-05-11 13:46:53'),(85,'44','Μαρουλάκης Νικήτας Νικολάου',2,'[{\"changed\": {\"fields\": [\"Aa\"]}}]',9,1,'2025-05-11 13:47:54'),(86,'35','Πιτροπάκης Γεώργιος Νικολάου',2,'[{\"changed\": {\"fields\": [\"Aa\"]}}]',9,1,'2025-05-11 13:48:18'),(87,'14','Μαρουλάκης Στυλιανός Γεωργίου',2,'[{\"changed\": {\"fields\": [\"Name\", \"Aa\"]}}]',9,1,'2025-05-11 13:49:19'),(88,'23','Μαργαριτάκης Εμμανουήλ Ιωάννου',2,'[{\"changed\": {\"fields\": [\"Name\", \"Aa\"]}}]',9,1,'2025-05-11 13:50:42'),(89,'11','Τουλουπάκη Άννα Εμμανουήλ',2,'[{\"changed\": {\"fields\": [\"Aa\"]}}]',9,1,'2025-05-11 13:51:17'),(90,'45','Παπαδημητρόπουλος Μάνθος Νικηφόρου',2,'[]',9,1,'2025-05-11 13:52:09'),(91,'57','Παπαδημητρόπουλος Χαρίδημος Γρηγορίου',1,'[{\"added\": {}}]',9,1,'2025-05-11 13:53:20'),(92,'11','Τουλουπάκη Άννα Εμμανουήλ',2,'[]',9,1,'2025-05-11 13:53:31'),(93,'58','Χατζονικολάκης Εμμανουήλ Γεωργίου',1,'[{\"added\": {}}]',9,1,'2025-05-11 13:54:59'),(94,'59','Φραγκάκης Εμμανουήλ Πέτρου',1,'[{\"added\": {}}]',9,1,'2025-05-11 13:56:27'),(95,'60','Φραγκάκης Γεώργιος Πέτρου',1,'[{\"added\": {}}]',9,1,'2025-05-11 13:57:28'),(96,'61','Πατιτάκης Δημήτριος Χαραλάμπου',1,'[{\"added\": {}}]',9,1,'2025-05-11 13:58:22'),(97,'51','Στεφανάκης Μιχαήλ Ιωάννου',2,'[{\"changed\": {\"fields\": [\"Name\", \"Aa\"]}}]',9,1,'2025-05-11 13:58:56'),(98,'62','Φραγκάκη-Βασιλάκη Μαρία Κωνσταντίνου',1,'[{\"added\": {}}]',9,1,'2025-05-11 14:31:38'),(99,'63','Παπαδημητρόπουλος Πέτρος Χαραλάμπου',1,'[{\"added\": {}}]',9,1,'2025-05-11 14:32:44'),(100,'64','Στεφανάκης Χαρίδημος Εμμανουήλ',1,'[{\"added\": {}}]',9,1,'2025-05-11 14:33:44'),(101,'41','Παπαδημητρόπουλος Ιωάννης Νικολάου',2,'[{\"changed\": {\"fields\": [\"Aa\"]}}]',9,1,'2025-05-11 14:34:03'),(102,'65','Πιτροπάκη Αντωνία Νικολάου',1,'[{\"added\": {}}]',9,1,'2025-05-11 14:35:37'),(103,'66','Σηφάκης Εμμανουήλ Ματθαίου',1,'[{\"added\": {}}]',9,1,'2025-05-11 14:36:42'),(104,'67','Λουλάκης Ιωάννης Ελευθερίου',1,'[{\"added\": {}}]',9,1,'2025-05-11 14:37:42'),(105,'68','Σταυρουλάκης Νικόλαος Γεωργίου',1,'[{\"added\": {}}]',9,1,'2025-05-11 14:38:24'),(106,'28','Κικάκης Μιχαήλ Εμμανουήλ',2,'[{\"changed\": {\"fields\": [\"Aa\"]}}]',9,1,'2025-05-11 14:38:55'),(107,'69','Παπαδημητρόπουλος Εμμανουήλ Δημητρίου',1,'[{\"added\": {}}]',9,1,'2025-05-11 14:40:12'),(108,'25','Απώλεια None None',2,'[{\"changed\": {\"fields\": [\"Surname\"]}}]',9,1,'2025-05-11 14:40:44'),(109,'31','Βερβελάκης Εμμανουήλ Νικολάου',2,'[{\"changed\": {\"fields\": [\"Name\", \"Aa\"]}}]',9,1,'2025-05-11 14:46:34'),(110,'70','Βελημβασάκης Νικόλαος Ελευθερίου',1,'[{\"added\": {}}]',9,1,'2025-05-11 14:47:41'),(111,'71','Βασιλάκη-Μηλιαράκη Άννα Ιωάννου',1,'[{\"added\": {}}]',9,1,'2025-05-11 14:49:11'),(112,'72','Βασιλάκης Μιχαήλ Ιωάννου',1,'[{\"added\": {}}]',9,1,'2025-05-11 14:53:51'),(113,'13','Χατζοβασιλάκη Μαρία Δημητρίου',2,'[{\"changed\": {\"fields\": [\"MobilePhone\", \"Aa\", \"Place\\u039ff\\u03a1esidence\"]}}]',9,1,'2025-05-11 14:56:20'),(114,'73','Κοκκινάκης Ιωάννης Χαράλαμπου',1,'[{\"added\": {}}]',9,1,'2025-05-11 15:12:37'),(115,'3','Μαρουλάκης Ιωάννης Νικολάου',2,'[{\"changed\": {\"fields\": [\"MobilePhone\", \"Aa\"]}}]',9,1,'2025-05-11 15:14:15'),(116,'74','Κονσολάκης Χαράλαμπος Αθανασίου',1,'[{\"added\": {}}]',9,1,'2025-05-11 15:15:05'),(117,'75','Θεοδοσάκη-Παπαδημητροπούλου Παναγιώτα Χαράλαμπου',1,'[{\"added\": {}}]',9,1,'2025-05-11 15:16:10'),(118,'21','Προεστάκη-Χατζονικολάκη Γλυκερία Ιωάννου',2,'[{\"changed\": {\"fields\": [\"Aa\"]}}]',9,1,'2025-05-11 15:17:03'),(119,'76','Φραγκάκη-Χατζογιαννάκη Βασιλική Ζαχαρίου',1,'[{\"added\": {}}]',9,1,'2025-05-11 15:18:52'),(120,'29','Χατζοβασιλάκη Δανάη Δημητρίου',2,'[{\"changed\": {\"fields\": [\"Member\"]}}]',9,1,'2025-05-11 15:19:09'),(121,'77','Χατζοβασιλάκης Γεώργιος Δημητρίου',1,'[{\"added\": {}}]',9,1,'2025-05-11 15:20:30'),(122,'78','Λουλάκης Γεώργιος Ελευθερίου',1,'[{\"added\": {}}]',9,1,'2025-05-11 15:21:49'),(123,'79','Πιτροπάκης Γεώργιος Ιωάννου',1,'[{\"added\": {}}]',9,1,'2025-05-11 15:23:31'),(124,'80','Πιτροπάκη Ελένη None',1,'[{\"added\": {}}]',9,1,'2025-05-11 15:26:52'),(125,'81','Θεοδωρίδου Μαρίνα Αναστασίου',1,'[{\"added\": {}}]',9,1,'2025-05-11 15:28:33'),(126,'22','Παπαδημητρόπουλος Γεώργιος Άγγελου',2,'[{\"changed\": {\"fields\": [\"Aa\", \"Place\\u039ff\\u03a1esidence\", \"Notes\"]}}]',9,1,'2025-05-11 15:30:31'),(127,'82','Μηλιαράκη Ιωάννα None',1,'[{\"added\": {}}]',9,1,'2025-05-11 15:31:34'),(128,'36','Κακλαμάνου-Μηλιαράκη Αικατερίνη Ιωάννου',2,'[{\"changed\": {\"fields\": [\"Surname\", \"Name\", \"FathersName\", \"Aa\", \"Place\\u039ff\\u03a1esidence\"]}}]',9,1,'2025-05-11 15:32:58'),(129,'83','Παπαδημητροπούλου-Λάιου Ευαγγελία Χρήστου',1,'[{\"added\": {}}]',9,1,'2025-05-11 15:34:46'),(130,'84','Καπετανάκη Μαρία Ανδρέου',1,'[{\"added\": {}}]',9,1,'2025-05-11 15:36:36'),(131,'85','Βασιλάκης Ιωάννης Δημητρίου',1,'[{\"added\": {}}]',9,1,'2025-05-11 15:37:56'),(132,'86','Κικάκης Εμμανουήλ Ιωάννου',1,'[{\"added\": {}}]',9,1,'2025-05-11 15:39:18'),(133,'18','Πατιτάκης Γεώργιος Εμμανουήλ',2,'[{\"changed\": {\"fields\": [\"Name\", \"Member\"]}}]',9,1,'2025-05-11 15:39:58'),(134,'87','Πατιτάκη Ειρήνη Ιωάννου',1,'[{\"added\": {}}]',9,1,'2025-05-11 15:41:37'),(135,'52','Τσαγκαράκη-Αλεξάκη Χαρούλα Εμμανουήλ',2,'[{\"changed\": {\"fields\": [\"Surname\", \"Aa\"]}}]',9,1,'2025-05-11 15:42:47'),(136,'34','Κοκκινάκης Θεοχάρης Ιωάννου',2,'[{\"changed\": {\"fields\": [\"Surname\", \"Aa\", \"Notes\"]}}]',9,1,'2025-05-11 15:43:36'),(137,'88','Τσαγκαράκη-Πετράκη Ιωάννα Εμμανουήλ',1,'[{\"added\": {}}]',9,1,'2025-05-11 15:44:31'),(138,'89','Θεοδοσάκη-Στεφανάκη Σοφία Χαρίδημου',1,'[{\"added\": {}}]',9,1,'2025-05-11 15:45:24'),(139,'90','Κονδυλάκη-Κρασά Αικατερίνη Εμμανουήλ',1,'[{\"added\": {}}]',9,1,'2025-05-11 15:46:52'),(140,'91','Μπεκράκης Μιχαήλ Εμμανουήλ',1,'[{\"added\": {}}]',9,1,'2025-05-11 15:47:36'),(141,'92','Κόσσυβα-Βραχνάκη Γεωργία Εμμανουήλ',1,'[{\"added\": {}}]',9,1,'2025-05-11 15:55:48'),(142,'93','Κικάκη-Βασιλάκη Ελένη Ηλία',1,'[{\"added\": {}}]',9,1,'2025-05-11 15:57:28'),(143,'2','Russi Bilal(Χρήστος) None',2,'[{\"changed\": {\"fields\": [\"Member\", \"PayAsMember\"]}}]',9,1,'2025-05-11 16:13:46'),(144,'33','Χατζοβασιλάκη Ηρώ Δημητρίου',2,'[{\"changed\": {\"fields\": [\"Aa\", \"Place\\u039ff\\u03a1esidence\"]}}]',9,1,'2025-05-11 16:14:28'),(145,'12','Γρυσμπολάκης Δημήτρης Εμμανουήλ',2,'[{\"changed\": {\"fields\": [\"Aa\"]}}]',9,1,'2025-05-11 16:15:06'),(146,'39','Σηφάκη-Κοκκινάκη Μαρία Ιωάννου',2,'[{\"changed\": {\"fields\": [\"Surname\", \"Aa\"]}}]',9,1,'2025-05-11 16:15:52'),(147,'38','Μπετεινάκης Κωνσταντίνος Νικολάου',2,'[{\"changed\": {\"fields\": [\"Name\", \"FathersName\", \"Member\", \"Aa\"]}}]',9,1,'2025-05-11 16:19:57'),(148,'94','Βελημβασάκης Γεώργιος Ελευθερίου',1,'[{\"added\": {}}]',9,1,'2025-05-11 16:23:19'),(149,'95','Πιτροπάκης Βασίλειος Γεωργίου',1,'[{\"added\": {}}]',9,1,'2025-05-11 16:24:21'),(150,'40','Κικάκης Νικόλαος Μιχαήλ',2,'[{\"changed\": {\"fields\": [\"FathersName\", \"Member\", \"Aa\"]}}]',9,1,'2025-05-11 16:25:21'),(151,'53','Χατζονικολάκης Γεώργιος Δημητρίου',2,'[{\"changed\": {\"fields\": [\"Name\", \"FathersName\", \"Aa\"]}}]',9,1,'2025-05-11 16:26:35'),(152,'96','Βασιλάκη Άννα συζ.ΕμμανουήλτουΗλία',1,'[{\"added\": {}}]',9,1,'2025-05-11 16:31:58'),(153,'97','Πατιτάκης Εμμανουήλ Στυλιανού',1,'[{\"added\": {}}]',9,1,'2025-05-11 16:33:38'),(154,'98','Παπαδημητρόπουλος Χαράλαμπος Πέτρου',1,'[{\"added\": {}}]',9,1,'2025-05-11 16:34:41'),(155,'20','Ρεστιβάκη Γεωργία Μιχαήλ',2,'[{\"changed\": {\"fields\": [\"FathersName\", \"Aa\"]}}]',9,1,'2025-05-11 16:35:24'),(156,'15','Παπαδημητροπούλου Αικατερίνη Εμμανουήλ',2,'[{\"changed\": {\"fields\": [\"Name\", \"Aa\", \"Place\\u039ff\\u03a1esidence\"]}}]',9,1,'2025-05-11 16:36:26'),(157,'99','Φραγκάκη Αναστασία Ελευθερίου',1,'[{\"added\": {}}]',9,1,'2025-05-11 16:39:31'),(158,'100','Πιτροπάκης Σταύρος Γεωργίου',1,'[{\"added\": {}}]',9,1,'2025-05-11 16:40:27'),(159,'50','Σελί Κατερίνα None',2,'[]',9,1,'2025-05-11 16:40:45'),(160,'11','Τουλουπάκη Άννα Εμμανουήλ',2,'[{\"changed\": {\"fields\": [\"Aa\"]}}]',9,1,'2025-05-11 16:41:16'),(161,'22','Παπαδημητρόπουλος Γεώργιος Άγγελου',2,'[{\"changed\": {\"fields\": [\"Aa\", \"Notes\"]}}]',9,1,'2025-05-11 16:42:02'),(162,'101','Πιτροπάκη Μαρία Γεωργίου',1,'[{\"added\": {}}]',9,1,'2025-05-11 16:42:55'),(163,'17','Βαρδάκης Εμμανουήλ Ματθαίου',2,'[{\"changed\": {\"fields\": [\"Name\", \"Aa\"]}}]',9,1,'2025-05-11 16:43:44'),(164,'79','Πιτροπάκης Γεώργιος Ιωάννου',2,'[{\"changed\": {\"fields\": [\"Notes\"]}}]',9,1,'2025-05-11 16:44:49'),(165,'102','Πιτροπάκης Γεώργιος ΙωάννουκαιΣοφίας',1,'[{\"added\": {}}]',9,1,'2025-05-11 16:46:55'),(166,'27','Μηλιαράκης Αριστομένης Ιωάννου',2,'[{\"changed\": {\"fields\": [\"Aa\"]}}]',9,1,'2025-05-11 16:47:13'),(167,'32','Μπρότσικας Κώστας None',2,'[{\"changed\": {\"fields\": [\"Aa\", \"Place\\u039ff\\u03a1esidence\"]}}]',9,1,'2025-05-11 16:47:52'),(168,'5','Βερβελάκης Γεώργιος Νικολάου',2,'[{\"changed\": {\"fields\": [\"PayAsMember\", \"Aa\"]}}]',9,1,'2025-05-11 16:48:55'),(169,'103','Κικάκης Εμμανουήλ ?Μιχαήλ',1,'[{\"added\": {}}]',9,1,'2025-05-11 16:50:03'),(170,'23','Μαργαριτάκης Εμμανουήλ Ιωάννου',2,'[{\"changed\": {\"fields\": [\"Member\", \"Aa\"]}}]',9,1,'2025-05-11 16:50:35'),(171,'4','Παπαδημητροπούλου Μαρία Νικολάου',2,'[{\"changed\": {\"fields\": [\"Aa\"]}}]',9,1,'2025-05-11 16:51:02'),(172,'42','Παπαδημητροπούλου Μαρία Νικηφόρου',2,'[]',9,1,'2025-05-11 16:51:18'),(173,'17','Βαρδάκης Εμμανουήλ Ματθαίου',2,'[]',9,1,'2025-05-11 16:52:34'),(174,'60','Φραγκάκης Γεώργιος Πέτρου',2,'[{\"changed\": {\"fields\": [\"Aa\"]}}]',9,1,'2025-05-11 16:55:31'),(175,'7','Κικάκης Μιχαήλ Ιωάννου',2,'[{\"changed\": {\"fields\": [\"Member\"]}}]',9,1,'2025-05-11 16:57:23'),(176,'61','Πατιτάκης Δημήτριος Χαραλάμπου',2,'[]',9,1,'2025-05-11 16:58:09'),(177,'49','Πατιτάκης Γεώργιος Δημητρίου',2,'[{\"changed\": {\"fields\": [\"Member\"]}}]',9,1,'2025-05-11 16:58:28'),(178,'9','Βασιλάκης Ιω. Νικολάου',2,'[{\"changed\": {\"fields\": [\"Member\"]}}]',9,1,'2025-05-11 20:35:55'),(179,'9','Βασιλάκης Ιω. Νικολάου',2,'[{\"changed\": {\"fields\": [\"PayAsMember\"]}}]',9,1,'2025-05-11 20:36:06'),(180,'8','Πατιτάκης Εμμανουήλ Γεωργίου',2,'[{\"changed\": {\"fields\": [\"Name\"]}}]',9,1,'2025-05-11 20:45:47'),(181,'87','Πατιτάκη Ειρήνη Ιωάννου',2,'[{\"changed\": {\"fields\": [\"IsActive\"]}}]',9,1,'2025-05-11 21:12:02'),(182,'87','Πατιτάκη Ειρήνη Ιωάννου',2,'[{\"changed\": {\"fields\": [\"IsActive\"]}}]',9,1,'2025-05-11 21:13:02'),(183,'2','1 Βερβελάκης Γεώργιος Νικολάου 2024-05-01 539 161.70 2024-05-01 161.70',2,'[{\"changed\": {\"fields\": [\"Customer\", \"ReceiptNumber\"]}}]',11,1,'2025-05-13 18:59:27'),(184,'1','1 Βερβελάκης Γεώργιος Νικολάου 2024-04-03 607 182.10 2024-04-03 182.10',2,'[{\"changed\": {\"fields\": [\"Customer\", \"ReceiptNumber\"]}}]',11,1,'2025-05-13 19:00:10'),(185,'1','2 Βερβελάκης Γεώργιος Νικολάου 2024-04-03 607 182.10 2024-04-03 182.10',2,'[{\"changed\": {\"fields\": [\"ReceiptNumber\"]}}]',11,1,'2025-05-13 19:00:40'),(186,'104','Lleshi Denis(Αντώνης) None',1,'[{\"added\": {}}]',9,1,'2025-05-18 04:36:09'),(187,'104','Lleshi Denis(Αντώνης) Kaplan',2,'[{\"changed\": {\"fields\": [\"FathersName\"]}}]',9,1,'2025-05-18 04:36:50'),(188,'5','Βερβελάκης Γεώργιος Νικολάου 2024-04-03 607 182.10',2,'[{\"changed\": {\"fields\": [\"Receipt\"]}}]',12,1,'2025-05-19 09:25:10'),(189,'39','Βερβελάκης Γεώργιος Νικολάου 2024-05-01 539 161.70',2,'[{\"changed\": {\"fields\": [\"Receipt\"]}}]',12,1,'2025-05-19 09:26:50'),(190,'105','Βασιλάκης Ιωάννης Εμμανουήλ',1,'[{\"added\": {}}]',9,1,'2025-05-31 14:48:52'),(191,'36','Τσ 536099 Βασιλάκης Ιωάννης Εμμανουήλ',1,'[{\"added\": {}}]',10,1,'2025-05-31 14:50:11'),(192,'89','Θεοδοσάκη-Στεφανάκη Σοφία Χαρίδημου',2,'[{\"changed\": {\"fields\": [\"IsActive\"]}}]',9,1,'2025-05-31 15:25:01'),(193,'37','Τσ FC010582-02 Θεοδοσάκη-Στεφανάκη Σοφία Χαρίδημου',1,'[{\"added\": {}}]',10,1,'2025-05-31 15:25:11'),(194,'38','Τσ 536098 Μαρουλάκης Στυλιανός Γεωργίου',1,'[{\"added\": {}}]',10,1,'2025-06-01 05:45:37'),(195,'39','Γεφ08 02088 Μπετεινάκης Κωνσταντίνος Νικολάου',1,'[{\"added\": {}}]',10,1,'2025-06-01 06:02:19'),(196,'40','Τσ02 093857CA/95 Παπαδημητρόπουλος Γεώργιος Άγγελου',1,'[{\"added\": {}}]',10,1,'2025-06-01 08:13:27'),(197,'41','Τσ09 607818 Κακλαμάνου(Μηλιαράκη) Αικατερίνη Ιωάννου',1,'[{\"added\": {}}]',10,1,'2025-06-01 08:14:43'),(198,'106','Συγγελάκη Αικατερίνη Νικολάου',1,'[{\"added\": {}}]',9,1,'2025-06-01 08:17:55'),(199,'42','Τσ15 536092 Συγγελάκη Αικατερίνη Νικολάου',1,'[{\"added\": {}}]',10,1,'2025-06-01 08:18:06'),(200,'64','Στεφανάκης Χαρίδημος Εμμανουήλ',2,'[{\"changed\": {\"fields\": [\"IsActive\"]}}]',9,1,'2025-06-01 08:19:53'),(201,'43','Τσ06 002492CA99 Στεφανάκης Χαρίδημος Εμμανουήλ',1,'[{\"added\": {}}]',10,1,'2025-06-01 08:20:06'),(202,'100','Πιτροπάκης Σταύρος Γεωργίου',2,'[]',9,1,'2025-06-01 08:29:21'),(203,'44','Γεφ01 536097 Πιτροπάκης Σταύρος Γεωργίου',1,'[{\"added\": {}}]',10,1,'2025-06-01 08:29:29'),(204,'107','Πιτροπάκης Εμμανουήλ Γεωργίου',1,'[{\"added\": {}}]',9,1,'2025-06-01 08:36:40'),(205,'45','Γερ10 004137ca/99 Πιτροπάκης Εμμανουήλ Γεωργίου',1,'[{\"added\": {}}]',10,1,'2025-06-01 08:37:01'),(206,'45','Γεφ10 004137ca/99 Πιτροπάκης Εμμανουήλ Γεωργίου',2,'[{\"changed\": {\"fields\": [\"Collecter\"]}}]',10,1,'2025-06-01 08:37:36'),(207,'108','Στεφανάκης Δημήτριος Γεωργίου',1,'[{\"added\": {}}]',9,1,'2025-06-01 08:40:12'),(208,'46','Γεφ07 005940ca/99 Στεφανάκης Δημήτριος Γεωργίου',1,'[{\"added\": {}}]',10,1,'2025-06-01 08:40:22'),(209,'47','Γεφ09 004311ca/99 Βασιλάκης Ιωάννης Δημητρίου',1,'[{\"added\": {}}]',10,1,'2025-06-01 08:41:53'),(210,'48','Γεφ11 600905 Φραγκάκης Εμμανουήλ Πέτρου',1,'[{\"added\": {}}]',10,1,'2025-06-01 08:43:23'),(211,'49','Δεξ5 974600-12 Φραγκάκης Γεώργιος Πέτρου',1,'[{\"added\": {}}]',10,1,'2025-06-01 08:45:30'),(212,'24','Μηλ9 1832012272παλιό νέο? Πατεραντωνάκη Ευαγγελία',2,'[{\"changed\": {\"fields\": [\"Counter\"]}}]',10,1,'2025-06-01 08:48:59'),(213,'50','Παπ02 0002855 Συγγελάκη Αικατερίνη Νικολάου',1,'[{\"added\": {}}]',10,1,'2025-06-01 08:50:59'),(214,'51','Παπ03 166831 Κονδυλάκη-Κρασά Αικατερίνη Εμμανουήλ',1,'[{\"added\": {}}]',10,1,'2025-06-01 08:51:41'),(215,'52','Παπ04 004070ca/99 Χατζοβασιλάκης Δημήτριος Ιωάννου',1,'[{\"added\": {}}]',10,1,'2025-06-01 08:53:18'),(216,'53','Παπ05 006057ca/99 Ποντικάκης Εμμανουήλ Γεωργίου',1,'[{\"added\": {}}]',10,1,'2025-06-01 08:54:32'),(217,'54','Παπ07 05 0480 Πιτροπάκη Αντωνία Νικολάου',1,'[{\"added\": {}}]',10,1,'2025-06-01 08:55:53'),(218,'55','Παπ09 003049ca/99 Μπετεινάκης Κωνσταντίνος Νικολάου',1,'[{\"added\": {}}]',10,1,'2025-06-01 08:56:48'),(219,'109','Βερβελάκη Ευαγγελία Εμμανουήλ',1,'[{\"added\": {}}]',9,1,'2025-06-07 03:44:28'),(220,'95','Πιτροπάκης Βασίλειος Γεωργίου',2,'[{\"changed\": {\"fields\": [\"IsActive\"]}}]',9,1,'2025-07-08 16:54:50'),(221,'2','xaroula',1,'[{\"added\": {}}]',4,1,'2025-07-08 18:47:18'),(222,'2','xaroula',2,'[{\"changed\": {\"fields\": [\"User permissions\"]}}]',4,1,'2025-07-08 18:52:48'),(223,'3','spyros',1,'[{\"added\": {}}]',4,1,'2025-07-11 19:07:17'),(224,'3','spyros',2,'[{\"changed\": {\"fields\": [\"User permissions\"]}}]',4,1,'2025-07-11 19:14:25'),(225,'3','spyros',2,'[{\"changed\": {\"fields\": [\"Staff status\"]}}]',4,1,'2025-07-11 19:17:09'),(226,'2','xaroula',2,'[{\"changed\": {\"fields\": [\"Staff status\"]}}]',4,1,'2025-07-11 19:17:21');
/*!40000 ALTER TABLE `django_admin_log` ENABLE KEYS */;
UNLOCK TABLES;

--
-- Table structure for table `django_content_type`
--

DROP TABLE IF EXISTS `django_content_type`;
/*!40101 SET @saved_cs_client     = @@character_set_client */;
/*!50503 SET character_set_client = utf8mb4 */;
CREATE TABLE `django_content_type` (
  `id` int NOT NULL AUTO_INCREMENT,
  `app_label` varchar(100) COLLATE utf8mb4_unicode_ci NOT NULL,
  `model` varchar(100) COLLATE utf8mb4_unicode_ci NOT NULL,
  PRIMARY KEY (`id`)
) ENGINE=InnoDB AUTO_INCREMENT=14 DEFAULT CHARSET=utf8mb4 COLLATE=utf8mb4_unicode_ci;
/*!40101 SET character_set_client = @saved_cs_client */;

--
-- Dumping data for table `django_content_type`
--

LOCK TABLES `django_content_type` WRITE;
/*!40000 ALTER TABLE `django_content_type` DISABLE KEYS */;
INSERT INTO `django_content_type` VALUES (1,'admin','logentry'),(2,'auth','permission'),(3,'auth','group'),(4,'auth','user'),(5,'contenttypes','contenttype'),(6,'sessions','session'),(7,'synet','waterconsumption'),(8,'synet','fields'),(9,'synet','persons'),(10,'synet','counters'),(11,'synet','paids'),(12,'synet','watercons'),(13,'synet','receivers');
/*!40000 ALTER TABLE `django_content_type` ENABLE KEYS */;
UNLOCK TABLES;

--
-- Table structure for table `django_migrations`
--

DROP TABLE IF EXISTS `django_migrations`;
/*!40101 SET @saved_cs_client     = @@character_set_client */;
/*!50503 SET character_set_client = utf8mb4 */;
CREATE TABLE `django_migrations` (
  `id` int NOT NULL AUTO_INCREMENT,
  `app` varchar(255) COLLATE utf8mb4_unicode_ci NOT NULL,
  `name` varchar(255) COLLATE utf8mb4_unicode_ci NOT NULL,
  `applied` datetime NOT NULL,
  PRIMARY KEY (`id`)
) ENGINE=InnoDB AUTO_INCREMENT=51 DEFAULT CHARSET=utf8mb4 COLLATE=utf8mb4_unicode_ci;
/*!40101 SET character_set_client = @saved_cs_client */;

--
-- Dumping data for table `django_migrations`
--

LOCK TABLES `django_migrations` WRITE;
/*!40000 ALTER TABLE `django_migrations` DISABLE KEYS */;
INSERT INTO `django_migrations` VALUES (1,'contenttypes','0001_initial','2025-04-21 21:58:30'),(2,'auth','0001_initial','2025-04-21 21:58:30'),(3,'admin','0001_initial','2025-04-21 21:58:30'),(4,'admin','0002_logentry_remove_auto_add','2025-04-21 21:58:30'),(5,'admin','0003_logentry_add_action_flag_choices','2025-04-21 21:58:30'),(6,'contenttypes','0002_remove_content_type_name','2025-04-21 21:58:30'),(7,'auth','0002_alter_permission_name_max_length','2025-04-21 21:58:30'),(8,'auth','0003_alter_user_email_max_length','2025-04-21 21:58:30'),(9,'auth','0004_alter_user_username_opts','2025-04-21 21:58:30'),(10,'auth','0005_alter_user_last_login_null','2025-04-21 21:58:30'),(11,'auth','0006_require_contenttypes_0002','2025-04-21 21:58:30'),(12,'auth','0007_alter_validators_add_error_messages','2025-04-21 21:58:30'),(13,'auth','0008_alter_user_username_max_length','2025-04-21 21:58:30'),(14,'auth','0009_alter_user_last_name_max_length','2025-04-21 21:58:30'),(15,'auth','0010_alter_group_name_max_length','2025-04-21 21:58:30'),(16,'auth','0011_update_proxy_permissions','2025-04-21 21:58:30'),(17,'auth','0012_alter_user_first_name_max_length','2025-04-21 21:58:30'),(18,'sessions','0001_initial','2025-04-21 21:58:30'),(19,'synet','0001_initial','2025-04-28 12:26:16'),(20,'synet','0002_alter_waterconsumption_balance_and_more','2025-04-29 06:23:29'),(21,'synet','0003_alter_waterconsumption_hydronomistscubicmeters','2025-04-29 06:31:19'),(22,'synet','0002_counters_customers_fields_paids_watercons','2025-04-30 06:48:07'),(23,'synet','0003_customers_fathersname_customers_name_and_more','2025-05-01 06:42:30'),(24,'synet','0004_remove_customers_customer','2025-05-01 07:47:48'),(25,'synet','0005_counters_customer','2025-05-01 09:40:28'),(26,'synet','0006_alter_counters_options_alter_customers_options_and_more','2025-05-01 11:16:28'),(27,'synet','0007_customers_afm_customers_member_customers_payasmember','2025-05-01 11:16:28'),(28,'synet','0008_receivers_remove_paids_receivedby_paids_irrigation_and_more','2025-05-03 18:06:59'),(29,'synet','0009_remove_paids_customer','2025-05-03 21:38:17'),(30,'synet','0010_alter_counters_collecter_alter_counters_counter_and_more','2025-05-04 07:46:19'),(31,'synet','0011_alter_counters_counter_alter_counters_customer_and_more','2025-05-04 07:46:20'),(32,'synet','0012_alter_counters_customer','2025-05-04 07:46:20'),(33,'synet','0013_alter_counters_customer','2025-05-04 07:46:20'),(34,'synet','0014_watercons_costpermeter','2025-05-06 06:05:55'),(35,'synet','0015_customers_isactive','2025-05-11 06:52:12'),(36,'synet','0016_alter_customers_isactive','2025-05-11 07:02:32'),(37,'synet','0017_rename_customers_persons','2025-05-11 07:57:58'),(38,'synet','0018_persons_aa','2025-05-11 13:41:36'),(39,'synet','0019_alter_persons_options_alter_persons_aa_and_more','2025-05-11 14:28:20'),(40,'synet','0020_persons_placeοfρesidence','2025-05-11 14:45:04'),(41,'synet','0021_persons_mobilephone','2025-05-11 14:51:06'),(42,'synet','0022_persons_notes','2025-05-11 15:25:03'),(43,'synet','0002_rename_placeοfρesidence_persons_placeofresidence','2025-05-12 16:55:44'),(44,'synet','0003_rename_mobilephone_persons_phone','2025-05-12 17:06:25'),(45,'synet','0004_watercons_receipt_alter_counters_customer_and_more','2025-05-13 12:10:47'),(46,'synet','0005_paids_customer','2025-05-13 15:52:03'),(47,'synet','0006_alter_paids_receiptnumber','2025-05-13 19:04:01'),(48,'synet','0007_paids_cost','2025-05-19 08:16:56'),(49,'synet','0008_counters_lastindication','2025-06-25 01:44:43'),(50,'synet','0009_delete_waterconsumption','2025-06-29 21:27:49');
/*!40000 ALTER TABLE `django_migrations` ENABLE KEYS */;
UNLOCK TABLES;

--
-- Table structure for table `django_session`
--

DROP TABLE IF EXISTS `django_session`;
/*!40101 SET @saved_cs_client     = @@character_set_client */;
/*!50503 SET character_set_client = utf8mb4 */;
CREATE TABLE `django_session` (
  `session_key` varchar(40) COLLATE utf8mb4_unicode_ci NOT NULL,
  `session_data` varchar(226) COLLATE utf8mb4_unicode_ci NOT NULL,
  `expire_date` datetime NOT NULL
) ENGINE=InnoDB DEFAULT CHARSET=utf8mb4 COLLATE=utf8mb4_unicode_ci;
/*!40101 SET character_set_client = @saved_cs_client */;

--
-- Dumping data for table `django_session`
--

LOCK TABLES `django_session` WRITE;
/*!40000 ALTER TABLE `django_session` DISABLE KEYS */;
INSERT INTO `django_session` VALUES ('0xn0i68e1jh3yvkxmvstwacgqzn6epjv','.eJxVjEEOwiAQRe_C2hA6IKJL956BDDODVA0kpV0Z726bdKHb_95_bxVxmUtcukxxZHVRgzr8bgnpKXUD_MB6b5panacx6U3RO-361lhe1939CxTsZX2nJIEZIUAWyxnZY85MnGxwxCZkC-LlaJ03OcHadXjyzgzgiYHkrD5fPKM5pA:1uAOoS:wAITovKP2fu-8e-Ccbb54F1_4yA_nKKc_osWSxjqqrc','2025-05-15 07:58:32'),('f48svgov0cn1r6ovcioslxmyp957h3dr','.eJxVjEEOwiAQRe_C2hA6IKJL956BDDODVA0kpV0Z726bdKHb_95_bxVxmUtcukxxZHVRgzr8bgnpKXUD_MB6b5panacx6U3RO-361lhe1939CxTsZX2nJIEZIUAWyxnZY85MnGxwxCZkC-LlaJ03OcHadXjyzgzgiYHkrD5fPKM5pA:1uGVjT:hL0_1zrFza0WiFxFwJnJau2gv7mBnbrcdKvqTLxjcdA','2025-06-01 04:34:40'),('kv52g684tsd0g6rd4hcu45ip8iuop70o','.eJxVjEEOwiAQRe_C2hA6IKJL956BDDODVA0kpV0Z726bdKHb_95_bxVxmUtcukxxZHVRgzr8bgnpKXUD_MB6b5panacx6U3RO-361lhe1939CxTsZX2nJIEZIUAWyxnZY85MnGxwxCZkC-LlaJ03OcHadXjyzgzgiYHkrD5fPKM5pA:1uLbUF:5OBnZ63pN_Hz9Yn0Em1W0gWtk2aHYaSqXuvYtHrZGQ8','2025-06-15 05:44:00'),('0cj0uwo0au2dhmsv0fye203u6flnoe2i','.eJxVjEEOwiAQRe_C2hA6IKJL956BDDODVA0kpV0Z726bdKHb_95_bxVxmUtcukxxZHVRgzr8bgnpKXUD_MB6b5panacx6U3RO-361lhe1939CxTsZX2nJIEZIUAWyxnZY85MnGxwxCZkC-LlaJ03OcHadXjyzgzgiYHkrD5fPKM5pA:1uUFCs:GKe-n-A2r1fJNoq6cpkJ3D-EVEi_4Ur9uI9A_F6y0fU','2025-07-09 01:45:47'),('97vyov35fyz3kref8o0whiwen5w6rmrq','.eJxVjDsOwjAQBe_iGlnO-gslPWew1l4vDiBHipMKcXdkKQW0b2beW0Tctxr3XtY4k7gILU6_W8L8LG0AemC7LzIvbVvnJIciD9rlbaHyuh7u30HFXkfNZDCA8slBKBoRSiYDjOwpnx0SBDDOMU-qaOOAPSSrJscYiJK14vMFBxE4jw:1ubKK3:yfEXvysSbgXus7rduLpsDouLXbV4f9393vCZLnJGSeM','2025-07-28 14:38:28');
/*!40000 ALTER TABLE `django_session` ENABLE KEYS */;
UNLOCK TABLES;

--
-- Table structure for table `synet_counters`
--

DROP TABLE IF EXISTS `synet_counters`;
/*!40101 SET @saved_cs_client     = @@character_set_client */;
/*!50503 SET character_set_client = utf8mb4 */;
CREATE TABLE `synet_counters` (
  `id` int NOT NULL AUTO_INCREMENT,
  `collecter` varchar(20) COLLATE utf8mb4_unicode_ci NOT NULL,
  `counter` varchar(20) COLLATE utf8mb4_unicode_ci DEFAULT NULL,
  `customer_id` bigint NOT NULL,
  `lastIndication` int DEFAULT NULL,
  PRIMARY KEY (`id`)
) ENGINE=InnoDB AUTO_INCREMENT=56 DEFAULT CHARSET=utf8mb4 COLLATE=utf8mb4_unicode_ci;
/*!40101 SET character_set_client = @saved_cs_client */;

--
-- Dumping data for table `synet_counters`
--

LOCK TABLES `synet_counters` WRITE;
/*!40000 ALTER TABLE `synet_counters` DISABLE KEYS */;
INSERT INTO `synet_counters` VALUES (1,'1Κεντρικό',NULL,54,NULL),(2,'2Γέφυρα',NULL,54,NULL),(3,'3Λούτρα',NULL,54,NULL),(4,'4Αόρι',NULL,54,NULL),(5,'Παπ01','004229ca/99',10,NULL),(6,'Μηλ8','FD001619-07',5,NULL),(7,'Γεφ15','Fd001444-05',12,NULL),(8,'Δεξ1Β','004242CA/99',6,NULL),(9,'Δεξ3','1532010239',6,NULL),(10,'Μηλ1','005303CA/99',6,NULL),(11,'Γεφ20','004308ca/99',28,NULL),(12,'Μηλ2','006599CA/98',43,NULL),(13,'Δεξ1','2032010305',23,NULL),(14,'Γεφ02','924803',3,NULL),(15,'Μηλ7','1933003191',44,NULL),(16,'Τσ04','FC003280-08',44,NULL),(17,'Γεφ12','004306ca/99',14,NULL),(18,'Δεξ4Α','FC000794-06',38,NULL),(19,'Τσ16','536096',32,NULL),(20,'Δεξ1Α','7082411',45,NULL),(21,'Τσ01','004135CA/99',15,NULL),(22,'Δεξ4','1532007166',46,NULL),(23,'Γεφ18','1295-2-528',4,NULL),(24,'Μηλ9','1832012272παλιό νέο?',47,NULL),(25,'Μηλ3','16 025968',48,NULL),(26,'Τσ12','090559BA/95',49,NULL),(27,'Παπ12','7082650',21,NULL),(28,'Δεξ5Α','2132002569',50,NULL),(29,'Γεφ16','1994-ce002848',39,NULL),(30,'Μηλ4','002587ca/99',39,NULL),(31,'Παπ10','004230ca/99',39,NULL),(32,'Γεφ17','44952170',51,NULL),(33,'Γεφ19','12-023779',51,NULL),(34,'Τσ10','093241CA/95',52,NULL),(35,'Δεξ2','16 018269',53,NULL),(36,'Τσ05','536099',105,NULL),(37,'Τσ07','FC010582-02',89,NULL),(38,'Τσ17','536098',14,NULL),(39,'Γεφ08','02088',38,NULL),(40,'Τσ02','093857CA/95',22,NULL),(41,'Τσ09','607818',36,NULL),(42,'Τσ15','536092',106,NULL),(43,'Τσ06','002492CA99',64,NULL),(44,'Γεφ01','536097',100,NULL),(45,'Γεφ10','004137ca/99',107,NULL),(46,'Γεφ07','005940ca/99',108,NULL),(47,'Γεφ09','004311ca/99',85,NULL),(48,'Γεφ11','600905',59,NULL),(49,'Δεξ5','974600-12',60,NULL),(50,'Παπ02','0002855',106,NULL),(51,'Παπ03','166831',90,NULL),(52,'Παπ04','004070ca/99',55,NULL),(53,'Παπ05','006057ca/99',26,NULL),(54,'Παπ07','05 0480',65,NULL),(55,'Παπ09','003049ca/99',38,NULL);
/*!40000 ALTER TABLE `synet_counters` ENABLE KEYS */;
UNLOCK TABLES;

--
-- Table structure for table `synet_fields`
--

DROP TABLE IF EXISTS `synet_fields`;
/*!40101 SET @saved_cs_client     = @@character_set_client */;
/*!50503 SET character_set_client = utf8mb4 */;
CREATE TABLE `synet_fields` (
  `id` int NOT NULL AUTO_INCREMENT,
  `field` varchar(20) COLLATE utf8mb4_unicode_ci DEFAULT NULL,
  `olivesNumber` int DEFAULT NULL,
  `customer_id` bigint NOT NULL,
  PRIMARY KEY (`id`)
) ENGINE=InnoDB AUTO_INCREMENT=84 DEFAULT CHARSET=utf8mb4 COLLATE=utf8mb4_unicode_ci;
/*!40101 SET character_set_client = @saved_cs_client */;

--
-- Dumping data for table `synet_fields`
--

LOCK TABLES `synet_fields` WRITE;
/*!40000 ALTER TABLE `synet_fields` DISABLE KEYS */;
INSERT INTO `synet_fields` VALUES (1,NULL,NULL,1),(2,NULL,NULL,2),(3,NULL,NULL,3),(4,NULL,NULL,4),(5,NULL,NULL,5),(6,NULL,NULL,6),(7,NULL,NULL,7),(8,NULL,NULL,8),(9,NULL,NULL,9),(10,NULL,NULL,10),(11,NULL,NULL,11),(12,NULL,NULL,12),(13,NULL,NULL,13),(14,NULL,NULL,14),(15,NULL,NULL,15),(16,NULL,NULL,16),(17,NULL,NULL,17),(18,'Αργουλίδα',NULL,6),(19,'Σπίθοι',300,1),(20,'Γριάς Πλάγια',300,8),(21,'Πετσοκόλι',130,18),(22,'Ηρώ',350,2),(23,'Σοφοκλή',150,19),(24,'Λούτρα',100,20),(25,NULL,NULL,21),(26,NULL,NULL,22),(27,'Κεφάλα',160,4),(28,'Σμαϊλη',NULL,15),(29,'Κεφάλα-Κόρνια',500,23),(30,'Καμπιά',400,20),(31,NULL,100,23),(32,'Κομάτα',160,16),(33,'Κουφωτός',200,8),(34,'Χαμετιανά',NULL,15),(35,'Συνοικισμός',NULL,20),(36,'Συνοικισμός',NULL,21),(37,NULL,390,3),(38,'Χατζ. Αργουλίδα',100,6),(39,'Κεφάλα',300,7),(40,'Αντωνία',NULL,6),(41,'Συνοικισμός',80,24),(42,'Αργουλίδα',NULL,10),(43,'Πετσοκόλι',NULL,14),(44,'Κατσικαντάρι',NULL,10),(45,'Τσιγαράς',NULL,1),(46,NULL,NULL,23),(47,NULL,NULL,25),(48,'Περδικόσελο',NULL,14),(49,'Περδικόσελο-Γεώτρηση',NULL,14),(50,'Αμυγδαλές',NULL,10),(51,'Λούτρα',NULL,10),(52,'Χαμετιανά',NULL,26),(53,NULL,NULL,27),(54,NULL,NULL,28),(55,NULL,NULL,20),(56,NULL,NULL,29),(57,NULL,NULL,30),(58,NULL,NULL,26),(59,NULL,NULL,19),(60,NULL,NULL,31),(61,NULL,NULL,32),(62,NULL,NULL,24),(63,NULL,NULL,33),(64,NULL,NULL,34),(65,NULL,NULL,35),(66,NULL,NULL,36),(67,NULL,NULL,37),(68,NULL,NULL,38),(69,NULL,NULL,39),(70,NULL,NULL,40),(71,NULL,NULL,41),(72,NULL,NULL,42),(73,NULL,NULL,43),(74,NULL,NULL,44),(75,NULL,NULL,45),(76,NULL,NULL,46),(77,NULL,NULL,47),(78,NULL,NULL,48),(79,NULL,NULL,49),(80,NULL,NULL,50),(81,NULL,NULL,51),(82,NULL,NULL,52),(83,NULL,NULL,53);
/*!40000 ALTER TABLE `synet_fields` ENABLE KEYS */;
UNLOCK TABLES;

--
-- Table structure for table `synet_paids`
--

DROP TABLE IF EXISTS `synet_paids`;
/*!40101 SET @saved_cs_client     = @@character_set_client */;
/*!50503 SET character_set_client = utf8mb4 */;
CREATE TABLE `synet_paids` (
  `id` int NOT NULL AUTO_INCREMENT,
  `paid` decimal(10,0) DEFAULT NULL,
  `paymentDate` date DEFAULT NULL,
  `balance` decimal(10,0) DEFAULT NULL,
  `receiver_id` bigint DEFAULT NULL,
  `irrigation_id` bigint NOT NULL,
  `customer_id` bigint NOT NULL,
  `receiptNumber` int DEFAULT NULL,
  `cost` decimal(10,0) DEFAULT NULL,
  PRIMARY KEY (`id`)
) ENGINE=InnoDB AUTO_INCREMENT=400 DEFAULT CHARSET=utf8mb4 COLLATE=utf8mb4_unicode_ci;
/*!40101 SET character_set_client = @saved_cs_client */;

--
-- Dumping data for table `synet_paids`
--

LOCK TABLES `synet_paids` WRITE;
/*!40000 ALTER TABLE `synet_paids` DISABLE KEYS */;
INSERT INTO `synet_paids` VALUES (1,182,'2024-04-03',0,1,5,5,5322,182),(2,162,'2024-05-01',0,1,39,5,5356,162),(3,60,'2024-03-13',0,1,1,1,5318,60),(4,35,'2024-03-14',0,1,2,2,5319,35),(5,43,'2025-05-28',0,1,3,3,5320,43),(6,89,'2025-05-28',0,1,6,6,5323,89),(7,63,'2025-05-28',0,1,7,7,5324,63),(8,53,'2025-05-28',0,1,8,8,5325,53),(9,26,'2025-05-28',0,1,9,7,5326,26),(10,67,'2025-05-28',0,1,10,9,5327,67),(11,57,'2025-05-28',0,1,4,4,5321,57),(12,26,'2025-05-28',0,1,11,6,5328,26),(13,90,'2025-05-28',0,1,12,10,5329,90),(14,105,'2025-05-28',0,1,13,8,5330,105),(15,60,'2025-05-28',0,1,14,11,5331,60),(16,0,NULL,-57,NULL,15,12,5332,57),(17,17,'2025-05-28',0,1,16,10,5333,17),(18,73,'2025-05-28',0,1,17,3,5334,73),(19,104,'2025-05-28',0,1,18,13,5335,104),(20,20,'2025-05-28',0,1,19,14,5336,20),(21,26,'2025-05-28',0,1,20,10,5337,26),(22,56,'2025-05-28',0,1,21,14,5338,56),(23,84,'2025-05-28',0,1,22,15,5339,84),(24,59,'2025-05-28',0,1,23,16,5340,59),(25,19,'2025-05-28',0,1,24,1,5341,19),(26,21,'2025-05-28',0,1,25,7,5342,21),(27,56,'2025-05-28',0,1,26,11,5343,56),(28,96,'2025-05-28',0,1,27,17,5344,96),(29,47,'2025-05-28',0,1,28,6,5345,47),(30,103,'2025-05-28',0,1,29,1,5346,103),(31,84,'2025-05-28',0,1,30,8,5347,84),(32,25,'2025-05-28',0,1,31,14,5348,25),(33,31,'2025-05-28',0,1,32,6,5349,31),(34,23,'2025-05-28',0,1,33,18,5350,23),(35,52,'2025-05-28',0,1,34,10,5351,52),(36,100,'2025-05-28',0,1,35,2,5352,100),(37,58,'2025-05-28',0,1,36,19,5353,58),(38,30,'2025-05-28',0,1,37,57,5354,30),(39,44,'2025-05-28',0,1,38,13,5355,44),(40,0,NULL,-45,NULL,40,21,5357,45),(41,15,'2025-05-28',0,1,41,22,5358,15),(42,68,'2025-05-28',0,1,42,9,5359,68),(43,47,'2025-05-28',0,1,43,4,5360,47),(44,96,'2025-05-28',0,1,44,15,5361,96),(45,137,'2025-05-28',0,1,45,23,5362,137),(46,82,'2025-05-28',0,1,46,57,5363,82),(47,29,'2025-05-28',0,1,47,23,5364,29),(48,31,'2025-05-28',0,1,48,16,5365,31),(49,73,'2025-05-28',0,1,49,6,5366,73),(50,66,'2025-05-28',0,1,50,8,5367,66),(51,15,'2025-05-28',0,1,51,15,5368,15),(52,24,'2025-05-28',0,1,52,20,5369,24),(53,0,NULL,-26,NULL,53,21,5370,26),(54,32,'2025-05-28',0,1,54,3,5371,32),(55,8,'2025-05-28',0,1,55,6,5372,8),(56,96,'2025-05-28',0,1,56,7,5373,96),(57,67,'2025-05-28',0,1,57,6,5374,67),(58,41,'2025-05-28',0,1,58,20,5375,41),(59,30,'2025-05-28',0,1,59,24,5376,30),(60,97,'2025-05-28',0,1,60,10,5377,97),(61,20,'2025-05-28',0,1,61,14,5378,20),(62,25,'2025-05-28',0,1,62,10,5379,25),(63,69,'2025-05-28',0,1,63,1,5380,69),(64,25,'2025-05-28',0,1,64,1,5381,25),(65,102,'2025-05-28',0,1,65,23,5382,102),(66,17,'2025-05-28',0,1,67,14,5383,17),(67,60,'2025-05-28',0,1,77,27,5384,60),(68,57,'2025-05-28',0,1,73,26,5385,57),(69,39,'2025-05-28',0,1,79,28,5386,39),(70,17,'2025-05-28',0,1,328,14,5389,17),(71,33,'2025-05-28',0,1,68,14,5390,33),(72,18,'2025-05-28',0,1,69,10,5391,18),(73,145,'2025-05-28',0,1,71,13,5392,145),(74,26,'2025-05-28',0,1,72,10,5393,26),(75,78,'2025-05-28',0,1,74,2,5394,78),(76,16,'2025-05-28',0,1,75,2,5395,16),(77,191,'2025-05-28',0,1,76,5,5396,191),(78,103,'2025-05-28',0,1,78,17,5397,103),(79,74,'2025-05-28',0,1,80,20,5398,74),(80,42,'2025-05-28',0,1,81,29,5399,42),(81,92,'2025-05-28',0,1,82,30,5400,92),(82,0,NULL,NULL,NULL,66,25,1,NULL),(83,0,NULL,NULL,NULL,70,25,2,NULL),(84,51,'2025-05-29',0,1,91,9,5401,51),(85,0,NULL,-73,NULL,92,21,5402,73),(86,85,'2025-05-29',0,1,90,19,5403,85),(87,98,'2025-05-29',0,1,93,7,5404,98),(88,62,'2025-05-29',0,1,89,16,5405,62),(89,101,'2025-05-29',0,1,83,11,5406,101),(90,18,'2025-05-29',0,1,84,22,5407,18),(91,75,'2025-05-29',0,1,85,6,5408,75),(92,73,'2025-05-29',0,1,86,26,5409,73),(93,48,'2025-05-29',0,1,87,4,5410,48),(94,40,'2025-05-29',0,1,88,1,5411,40),(95,18,'2025-05-29',0,1,94,20,5412,18),(96,45,'2025-05-29',0,1,95,20,5413,45),(97,101,'2025-05-29',0,1,96,15,5414,101),(98,0,NULL,-51,NULL,97,12,5415,51),(99,0,NULL,-18,NULL,98,21,5416,18),(100,48,'2025-05-29',0,1,99,3,5417,48),(101,0,NULL,-131,NULL,100,23,5418,131),(102,38,'2025-05-29',0,1,101,20,5419,38),(103,100,'2025-05-29',0,1,102,31,5420,100),(104,22,'2025-05-29',0,1,103,31,5421,22),(105,22,'2025-05-29',0,1,104,14,5422,22),(106,75,'2025-05-29',0,1,105,2,5423,75),(107,20,'2025-05-29',0,1,106,2,5424,20),(108,52,'2025-05-29',0,1,107,20,5425,52),(109,61,'2025-05-29',0,1,108,1,5426,61),(110,29,'2025-05-29',0,1,109,1,5427,29),(111,22,'2025-05-29',0,1,110,26,5428,22),(112,113,'2025-05-29',0,1,111,8,5429,113),(113,205,'2025-05-29',0,1,112,5,5430,205),(114,11,'2025-05-29',0,1,113,32,5431,11),(115,22,'2025-05-29',0,1,114,31,5432,22),(116,17,'2025-05-29',0,1,116,13,5433,17),(117,40,'2025-05-29',0,1,115,14,5434,40),(118,36,'2025-05-29',0,1,117,14,5435,36),(119,18,'2025-05-29',0,1,118,7,5436,18),(120,41,'2025-05-29',0,1,119,28,5437,41),(121,2,'2025-05-29',0,1,329,13,5438,2),(122,105,'2025-05-29',0,1,120,26,5439,105),(123,79,'2025-05-29',0,1,121,16,5440,79),(124,113,'2025-05-29',0,1,122,13,5441,113),(125,83,'2025-05-29',0,1,123,17,5442,83),(126,44,'2025-05-29',0,1,124,4,5443,44),(127,40,'2025-05-29',0,1,125,20,5444,40),(128,50,'2025-05-29',0,1,126,20,5445,50),(129,37,'2025-05-29',0,1,127,24,5446,37),(130,10,'2025-05-29',0,1,128,22,5447,10),(131,24,'2025-05-29',0,1,129,33,5448,24),(132,0,NULL,-42,NULL,131,34,5449,42),(133,0,NULL,-49,NULL,130,34,5450,49),(134,97,'2025-05-29',0,1,132,30,5451,97),(135,0,NULL,-68,NULL,133,35,5452,68),(136,98,'2025-05-29',0,1,134,6,5453,98),(137,49,'2025-05-29',0,1,135,28,5454,49),(138,0,NULL,-93,NULL,136,21,5455,93),(139,26,'2025-05-29',0,1,137,26,5456,26),(140,55,'2025-05-29',0,1,138,3,5457,55),(141,33,'2025-05-29',0,1,139,1,5458,33),(142,91,'2025-05-29',0,1,140,11,5459,91),(143,86,'2025-05-29',0,1,141,2,5460,86),(144,34,'2025-05-29',0,1,142,36,5461,34),(145,81,'2025-05-29',0,1,143,15,5462,81),(146,79,'2025-05-29',0,1,144,28,5463,79),(147,8,'2025-05-29',-28,1,145,4,5464,36),(148,86,'2025-05-29',0,1,146,31,5465,86),(149,73,'2025-05-29',0,1,147,14,5466,73),(150,14,'2025-05-29',0,1,148,31,5467,14),(151,0,NULL,-13,NULL,149,37,5468,13),(152,27,'2025-05-29',0,1,150,31,5469,27),(153,0,NULL,-16,NULL,151,21,5470,16),(154,187,'2025-05-29',0,1,152,5,5471,187),(155,66,'2025-05-29',0,1,153,38,5472,66),(156,101,'2025-05-29',0,1,154,1,5473,101),(157,0,NULL,-65,NULL,155,16,5474,65),(158,10,'2025-05-29',0,1,156,7,5475,10),(159,110,'2025-05-29',0,1,157,13,5476,110),(160,84,'2025-05-29',0,1,158,17,5477,84),(161,0,NULL,-30,NULL,159,39,5478,30),(162,20,'2025-05-29',0,1,160,6,5479,20),(163,0,NULL,-52,NULL,161,19,5480,52),(164,9,'2025-05-29',0,1,162,22,5481,9),(165,125,'2025-05-29',0,1,163,8,5482,125),(166,112,'2025-05-29',0,1,164,6,5483,112),(167,0,NULL,-61,NULL,165,9,5484,61),(168,0,NULL,-87,NULL,166,23,5485,87),(169,99,'2025-05-29',0,1,167,40,5486,99),(170,0,NULL,-45,NULL,168,35,5487,45),(171,0,NULL,-48,NULL,169,41,5488,48),(172,41,'2025-05-29',0,1,170,36,5489,41),(173,85,'2025-05-29',0,1,171,7,5490,85),(174,91,'2025-05-29',0,1,172,2,5491,91),(175,88,'2025-05-29',0,1,173,1,5492,88),(176,0,NULL,-51,NULL,174,3,5493,51),(177,21,'2025-05-29',0,1,175,26,5494,21),(178,71,'2025-05-29',0,1,176,11,5495,71),(179,31,'2025-05-29',0,1,177,24,5496,31),(180,0,NULL,-46,NULL,178,4,5497,46),(181,34,'2025-05-29',0,1,179,15,5498,34),(182,109,'2025-05-29',0,1,180,5,5499,109),(183,18,'2025-05-29',0,1,181,31,5500,18),(184,76,'2025-05-29',0,1,182,14,5551,76),(185,29,'2025-05-29',0,1,185,14,5552,29),(186,0,NULL,-60,NULL,183,21,5553,60),(187,105,'2025-05-29',0,1,184,26,5554,105),(188,59,'2025-05-29',0,1,186,20,5555,59),(189,99,'2025-05-29',0,1,187,20,5556,99),(190,29,'2025-05-29',0,1,188,31,5557,29),(191,82,'2025-05-29',0,1,190,28,5558,82),(192,53,'2025-05-29',0,1,189,6,5559,53),(193,152,'2025-05-29',0,1,191,5,5560,152),(194,35,'2025-05-29',0,1,192,36,5561,35),(195,68,'2025-05-29',19,1,193,31,5562,49),(196,0,NULL,-19,NULL,194,31,NULL,19),(197,88,'2025-05-29',0,1,195,17,5563,88),(198,73,'2025-05-29',0,1,196,13,5564,73),(199,45,'2025-05-29',-111,1,197,30,5565,156),(200,45,'2025-05-29',0,1,198,26,5566,45),(201,0,NULL,-61,NULL,199,9,5567,61),(202,0,NULL,-70,NULL,200,23,5568,70),(203,0,NULL,-23,NULL,201,23,5569,23),(204,0,NULL,-43,NULL,204,2,5571,43),(205,0,NULL,-45,NULL,205,21,5572,45),(206,0,NULL,-34,NULL,206,4,5573,34),(207,50,'2025-05-29',0,1,207,28,5574,50),(208,48,'2025-05-29',0,1,208,29,5575,48),(209,0,NULL,-46,NULL,202,3,5576,46),(210,70,'2025-05-29',0,1,203,6,5577,70),(211,50,'2025-05-29',0,1,209,7,5578,50),(212,42,'2025-05-29',0,1,210,5,5579,42),(213,0,NULL,-33,NULL,211,1,5580,33),(214,18,'2025-05-29',0,1,212,31,5581,18),(215,64,'2025-05-29',0,1,213,5,5582,64),(216,81,'2025-05-29',24,1,216,31,5583,57),(217,0,NULL,-13,NULL,214,31,NULL,13),(218,0,NULL,-11,NULL,217,31,NULL,11),(219,57,'2025-05-29',0,1,215,26,5584,57),(220,80,'2025-05-29',0,1,218,11,5585,80),(221,0,NULL,-11,NULL,219,22,5586,11),(222,41,'2025-05-29',0,1,220,26,5587,41),(223,0,NULL,-62,NULL,221,21,5588,62),(224,0,NULL,-28,NULL,222,1,5589,28),(225,91,'2025-05-29',0,1,223,14,5590,91),(226,108,'2025-05-29',0,1,224,17,5591,108),(227,39,'2025-05-29',0,1,225,36,5592,39),(228,79,'2025-05-29',0,1,226,31,5593,79),(229,37,'2025-05-29',0,1,227,5,5594,37),(230,0,NULL,-83,NULL,228,28,5595,83),(231,42,'2025-05-29',0,1,229,6,5596,42),(232,0,NULL,-116,NULL,230,20,5597,116),(233,0,NULL,-45,NULL,231,1,5598,45),(234,0,NULL,-21,NULL,232,2,5599,21),(235,0,NULL,-29,NULL,233,23,5600,29),(236,0,NULL,-86,NULL,234,20,5601,86),(237,0,NULL,-59,NULL,235,3,5602,59),(238,0,NULL,-143,NULL,236,8,5603,143),(239,0,NULL,-51,NULL,237,4,5604,51),(240,0,NULL,-45,NULL,238,30,5605,45),(241,33,'2025-05-31',0,1,239,6,5606,33),(242,70,'2025-05-31',0,1,240,26,5607,70),(243,50,'2025-05-31',0,1,241,6,5608,50),(244,111,'2025-05-31',0,1,242,42,5609,111),(245,105,'2025-05-31',0,1,243,17,5610,105),(246,0,NULL,-38,NULL,244,21,5611,38),(247,99,'2025-05-31',0,1,245,5,5612,99),(248,0,NULL,-82,NULL,246,28,5613,82),(249,0,NULL,-49,NULL,247,19,5614,49),(250,59,'2025-05-31',0,1,248,29,5615,59),(251,0,NULL,-108,NULL,249,2,5616,108),(252,0,NULL,-49,NULL,250,9,5617,49),(253,27,'2025-05-31',0,1,251,5,NULL,27),(254,89,'2025-05-31',0,1,252,5,5618,89),(255,0,NULL,-112,NULL,253,20,5619,112),(256,23,'2025-05-31',0,1,254,31,5620,23),(257,80,'2025-05-31',0,1,255,26,5621,80),(258,77,'2025-05-31',0,1,256,11,5622,77),(259,0,NULL,-58,NULL,257,20,NULL,58),(260,0,NULL,-38,NULL,258,20,5623,38),(261,41,'2025-05-31',0,1,259,6,5624,41),(262,0,NULL,-41,NULL,260,21,5625,41),(263,93,'2025-05-31',0,1,261,31,5626,93),(264,0,NULL,-66,NULL,262,28,5627,66),(265,98,'2025-05-31',0,1,263,42,5628,98),(266,0,NULL,-62,NULL,264,23,5629,62),(267,0,NULL,-33,NULL,265,23,NULL,33),(268,0,NULL,-13,NULL,266,37,5630,13),(269,0,NULL,-34,NULL,267,4,5631,34),(270,0,NULL,-40,NULL,268,20,5632,40),(271,0,NULL,-40,NULL,269,20,5633,40),(272,80,'2025-05-31',0,1,270,14,5634,80),(273,0,NULL,-47,NULL,271,20,5635,47),(274,0,NULL,-48,NULL,272,20,5636,48),(275,0,NULL,-26,NULL,273,3,5637,26),(276,89,'2025-05-31',0,1,274,42,5638,89),(277,0,NULL,-57,NULL,308,11,5639,57),(278,0,NULL,-48,NULL,309,2,5640,48),(279,0,NULL,-90,NULL,310,7,5641,90),(280,0,NULL,-27,NULL,312,39,5642,27),(281,50,'2025-05-31',0,1,311,5,5643,50),(282,0,NULL,-112,NULL,313,13,5644,112),(283,0,NULL,-42,NULL,314,3,5645,42),(284,0,NULL,-174,NULL,315,17,5646,174),(285,33,'2025-05-31',0,1,316,104,5647,33),(286,0,NULL,-21,NULL,317,23,5648,21),(287,0,NULL,-47,NULL,318,21,5649,47),(288,0,NULL,-99,NULL,319,8,5650,99),(289,0,NULL,-24,NULL,320,2,5651,24),(290,0,NULL,-28,NULL,321,71,5652,28),(291,83,'2025-05-31',0,1,322,5,5653,83),(292,0,NULL,-40,NULL,323,18,5654,40),(293,0,NULL,-21,NULL,324,31,5655,21),(294,0,NULL,-24,NULL,325,31,5656,24),(295,0,NULL,-28,NULL,326,2,5657,28),(296,0,NULL,-57,NULL,327,1,5658,57),(297,0,NULL,-69,NULL,330,21,5659,69),(298,0,NULL,-87,NULL,331,20,5660,87),(299,0,NULL,-65,NULL,332,19,5661,65),(300,0,NULL,-150,NULL,275,10,5169,150),(301,85,'2025-05-31',0,1,276,5,5170,85),(302,57,'2025-05-31',0,1,333,5,5171,57),(303,0,NULL,-87,NULL,277,12,5172,87),(304,0,NULL,-69,NULL,278,6,5173,69),(305,0,NULL,-25,NULL,279,6,5174,25),(306,0,NULL,-154,NULL,280,6,5175,154),(307,0,NULL,-127,NULL,281,28,5176,127),(308,0,NULL,-85,NULL,282,43,5177,85),(309,0,NULL,-10,NULL,283,23,5178,10),(310,0,NULL,-45,NULL,284,3,5179,45),(311,0,NULL,-83,NULL,285,44,5180,83),(312,0,NULL,-4,NULL,286,44,5181,4),(313,0,NULL,-10,NULL,287,14,5182,10),(314,0,NULL,-64,NULL,288,38,5183,64),(315,0,NULL,-29,NULL,289,32,5184,29),(316,0,NULL,-65,NULL,290,45,5185,65),(317,0,NULL,-83,NULL,291,15,5186,83),(318,0,NULL,-28,NULL,292,46,5187,28),(319,0,NULL,-2,NULL,293,4,5188,2),(320,14,'2025-05-31',0,1,294,47,5189,14),(321,0,NULL,-56,NULL,295,48,5190,56),(322,0,NULL,-59,NULL,296,49,5191,59),(323,0,NULL,-80,NULL,297,21,5192,80),(324,0,NULL,-118,NULL,298,50,5193,118),(325,0,NULL,-23,NULL,299,39,5194,23),(326,0,NULL,-8,NULL,300,39,5195,8),(327,0,NULL,-88,NULL,301,39,5196,88),(328,0,NULL,-33,NULL,302,51,5198,33),(329,0,NULL,-90,NULL,303,51,5199,90),(330,0,NULL,-33,NULL,304,52,5200,33),(331,110,'2025-05-31',0,1,305,53,5501,110),(332,NULL,NULL,NULL,NULL,307,25,NULL,NULL),(333,NULL,NULL,NULL,NULL,306,25,NULL,NULL),(334,232,'2025-05-31',0,1,334,71,5502,232),(335,310,'2025-05-31',0,1,335,53,5505,310),(336,58,'2025-05-31',0,1,336,47,5503,58),(337,85,'2025-05-31',0,1,337,48,5504,85),(338,0,NULL,-4,NULL,338,105,5506,4),(339,0,NULL,-37,NULL,365,55,5533,37),(340,0,NULL,-29,NULL,364,52,5532,29),(341,0,NULL,-7,NULL,363,106,5531,7),(342,0,NULL,-2,NULL,362,64,5530,2),(343,0,NULL,-83,NULL,361,51,5529,83),(344,0,NULL,-104,NULL,360,51,5528,104),(345,0,NULL,-82,NULL,359,39,5527,82),(346,0,NULL,-13,NULL,358,39,5526,13),(347,0,NULL,-350,NULL,357,39,5525,350),(348,0,NULL,-39,NULL,356,6,5524,39),(349,0,NULL,-195,NULL,355,6,5523,195),(350,0,NULL,-74,NULL,354,50,5522,74),(351,0,NULL,-112,NULL,353,18,5521,112),(352,0,NULL,-35,NULL,352,45,5520,35),(353,0,NULL,-140,NULL,351,32,5519,140),(354,0,NULL,-7,NULL,350,38,5518,7),(355,0,NULL,-1,NULL,349,38,5517,1),(356,0,NULL,-8,NULL,348,14,5516,8),(357,0,NULL,-1,NULL,347,14,5515,1),(358,0,NULL,-894,NULL,346,44,5514,894),(359,0,NULL,-159,NULL,345,44,5513,159),(360,0,NULL,-85,NULL,344,3,5512,85),(361,0,NULL,-63,NULL,343,23,5511,63),(362,0,NULL,-444,NULL,342,28,5510,444),(363,0,NULL,-15,NULL,341,89,5509,15),(364,0,NULL,-91,NULL,340,12,5508,91),(365,0,NULL,-1306,NULL,339,10,5507,1306),(366,0,NULL,-57,NULL,366,36,5662,57),(367,0,NULL,-72,NULL,367,11,5663,72),(368,0,NULL,-204,NULL,368,109,5664,204),(369,58,'2025-06-29',0,1,369,5,5665,58),(370,0,NULL,-20,NULL,370,1,5666,20),(371,0,NULL,-92,NULL,371,2,5667,92),(372,0,NULL,-78,NULL,372,18,5668,78),(373,0,NULL,-42,NULL,373,4,5669,42),(374,0,NULL,-21,NULL,374,22,5670,21),(375,0,NULL,-70,NULL,375,7,5671,70),(376,0,NULL,-89,NULL,376,14,5672,89),(377,0,NULL,-59,NULL,377,3,5673,59),(378,0,NULL,-21,NULL,378,29,5674,21),(379,0,NULL,-82,NULL,379,18,5675,82),(380,0,NULL,-108,NULL,380,42,5676,108),(381,0,NULL,-7,NULL,381,6,5677,7),(382,0,NULL,-35,NULL,382,24,5678,35),(383,0,NULL,-47,NULL,383,6,5679,47),(384,0,NULL,-31,NULL,384,39,5680,31),(385,0,NULL,-36,NULL,385,104,5681,36),(386,0,NULL,-62,NULL,386,6,5682,62),(387,0,NULL,-21,NULL,387,23,5683,21),(388,68,'2025-06-29',0,1,388,5,5684,68),(389,0,NULL,-11,NULL,389,109,5685,11),(390,0,NULL,-107,NULL,390,13,5686,107),(391,0,NULL,-138,NULL,391,17,5687,138),(392,0,NULL,-88,NULL,392,20,5688,88),(393,0,NULL,-82,NULL,393,16,5689,82),(394,0,NULL,-80,NULL,394,36,5690,80),(395,0,NULL,-65,NULL,395,11,5691,65),(396,0,NULL,-60,NULL,396,21,5692,60),(397,0,NULL,-57,NULL,397,15,5693,57),(398,0,NULL,-89,NULL,398,20,5694,89),(399,0,NULL,-83,NULL,403,5,NULL,83);
/*!40000 ALTER TABLE `synet_paids` ENABLE KEYS */;
UNLOCK TABLES;

--
-- Table structure for table `synet_persons`
--

DROP TABLE IF EXISTS `synet_persons`;
/*!40101 SET @saved_cs_client     = @@character_set_client */;
/*!50503 SET character_set_client = utf8mb4 */;
CREATE TABLE `synet_persons` (
  `id` int NOT NULL AUTO_INCREMENT,
  `fathersName` varchar(100) COLLATE utf8mb4_unicode_ci DEFAULT NULL,
  `name` varchar(100) COLLATE utf8mb4_unicode_ci DEFAULT NULL,
  `surname` varchar(100) COLLATE utf8mb4_unicode_ci NOT NULL,
  `member` tinyint(1) NOT NULL,
  `payAsMember` tinyint(1) NOT NULL,
  `isActive` tinyint(1) NOT NULL,
  `aa` int DEFAULT NULL,
  `afm` varchar(9) COLLATE utf8mb4_unicode_ci DEFAULT NULL,
  `placeOfResidence` varchar(20) COLLATE utf8mb4_unicode_ci DEFAULT NULL,
  `phone` varchar(10) COLLATE utf8mb4_unicode_ci DEFAULT NULL,
  `notes` varchar(100) COLLATE utf8mb4_unicode_ci DEFAULT NULL,
  PRIMARY KEY (`id`)
) ENGINE=InnoDB AUTO_INCREMENT=110 DEFAULT CHARSET=utf8mb4 COLLATE=utf8mb4_unicode_ci;
/*!40101 SET character_set_client = @saved_cs_client */;

--
-- Dumping data for table `synet_persons`
--

LOCK TABLES `synet_persons` WRITE;
/*!40000 ALTER TABLE `synet_persons` DISABLE KEYS */;
INSERT INTO `synet_persons` VALUES (1,NULL,'Adem(Ανδρέας)','Russi',0,1,1,NULL,NULL,NULL,NULL,NULL),(2,NULL,'Bilal(Χρήστος)','Russi',0,1,1,NULL,NULL,NULL,NULL,NULL),(3,'Νικολάου','Ιωάννης','Μαρουλάκης',1,1,1,48,NULL,NULL,'6981805058',NULL),(4,'Νικολάου','Μαρία','Παπαδημητροπούλου(Θαλασσινού)',1,1,1,107,NULL,NULL,NULL,NULL),(5,'Νικολάου','Γεώργιος','Βερβελάκης',1,1,1,104,'042952443',NULL,'6955205240',NULL),(6,NULL,'Σπύρος','Ζώτος',0,1,1,NULL,NULL,NULL,NULL,NULL),(7,'Ιωάννου','Μιχαήλ','Κικάκης',0,1,1,NULL,NULL,NULL,NULL,NULL),(8,'Γεωργίου','Εμμανουήλ','Πατιτάκης',0,1,1,NULL,NULL,NULL,NULL,NULL),(9,'Νικολάου','Ιωάννης','Βασιλάκης',0,0,1,NULL,NULL,NULL,NULL,NULL),(10,'Εμμανουήλ','Άννα','Βερβελάκη(Ψυλάκη)',0,1,1,NULL,NULL,NULL,NULL,NULL),(11,'Εμμανουήλ','Άννα','Τουλουπάκη(Καλέμη)',1,1,1,97,NULL,NULL,NULL,NULL),(12,'Εμμανουήλ','Δημήτρης','Γρυσμπολάκης',1,1,1,79,NULL,NULL,NULL,NULL),(13,'Δημητρίου','Μαρία','Χατζοβασιλάκη(Τζώρτζη)',1,1,1,46,NULL,'Ηράκλειο','6972424211',NULL),(14,'Γεωργίου','Στυλιανός','Μαρουλάκης',1,1,1,18,NULL,NULL,NULL,NULL),(15,'Εμμανουήλ','Αικατερίνη','Παπαδημητροπούλου(Βερβελάκη)',1,1,1,94,NULL,'Ηράκλειο',NULL,NULL),(16,'Δημητρίου','Κατερίνα','Χατζοβασιλάκη',0,1,1,NULL,NULL,NULL,NULL,NULL),(17,'Ματθαίου','Εμμανουήλ','Βαρδάκης',1,1,1,100,NULL,NULL,NULL,NULL),(18,'Εμμανουήλ','Γεώργιος','Πατιτάκης',0,1,1,NULL,NULL,NULL,NULL,NULL),(19,NULL,'Nikos','Plakut',0,0,1,NULL,NULL,NULL,NULL,NULL),(20,'Μιχαήλ','Γεωργία','Ρεστιβάκη(Παπαδημητροπούλου)',1,1,1,93,NULL,NULL,NULL,NULL),(21,'Ιωάννου','Γλυκερία','Προεστάκη(Χατζονικολάκη)',1,1,1,51,NULL,NULL,NULL,NULL),(22,'Άγγελου','Γεώργιος','Παπαδημητρόπουλος',1,1,1,98,NULL,'Αθήνα',NULL,NULL),(23,'Ιωάννου','Εμμανουήλ','Μαργαριτάκης',1,1,1,106,NULL,NULL,NULL,NULL),(24,NULL,'Δημήτρης','Γρυνιεζάκης',0,0,1,NULL,NULL,NULL,NULL,NULL),(25,NULL,NULL,'Απώλεια',0,0,1,NULL,NULL,NULL,NULL,NULL),(26,'Γεωργίου','Εμμανουήλ','Ποντικάκης',1,1,1,10,NULL,NULL,NULL,NULL),(27,'Ιωάννου','Αριστομένης','Μηλιαράκης',1,1,1,102,NULL,NULL,NULL,NULL),(28,'Εμμανουήλ','Μιχαήλ','Κικάκης',1,1,1,39,NULL,NULL,NULL,NULL),(29,'Δημητρίου','Δανάη','Χατζοβασιλάκη',0,1,1,NULL,NULL,NULL,NULL,NULL),(30,'Γεωργίου','Γιάννα','Πατιτάκη',0,1,1,NULL,NULL,NULL,NULL,NULL),(31,'Νικολάου','Εμμανουήλ','Βερβελάκης',1,1,1,41,NULL,NULL,NULL,NULL),(32,NULL,'Κώστας','Μπρότσικας',1,1,1,103,NULL,'Αθήνα',NULL,NULL),(33,'Δημητρίου','Ηρώ','Χατζοβασιλάκη',1,1,1,78,NULL,'Άρβη',NULL,NULL),(34,'Ιωάννου','Θεοχάρης','Κοκκινάκης',1,1,1,71,NULL,NULL,NULL,'Απεβίωσε'),(35,'Νικολάου','Γεώργιος','Πιτροπάκης',1,1,1,15,NULL,NULL,NULL,NULL),(36,'Ιωάννου','Αικατερίνη','Κακλαμάνου(Μηλιαράκη)',1,1,1,63,NULL,'Ιεράπετρα',NULL,NULL),(37,'Ευαγγέλου','Μανώλης','Αλεξάκης',0,1,1,NULL,NULL,NULL,NULL,NULL),(38,'Νικολάου','Κωνσταντίνος','Μπετεινάκης',1,1,1,81,NULL,NULL,NULL,NULL),(39,'Ιωάννου','Μαρία','Σηφάκη(Κοκκινάκη)',1,1,1,80,NULL,NULL,NULL,NULL),(40,'Μιχαήλ','Νικόλαος','Κικάκης',1,1,1,84,NULL,NULL,NULL,NULL),(41,'Νικολάου','Ιωάννης','Παπαδημητρόπουλος',1,1,1,30,NULL,NULL,NULL,NULL),(42,'Νικηφόρου','Μαρία','Παπαδημητροπούλου(Χρηστάκη)',0,1,1,NULL,NULL,NULL,NULL,NULL),(43,'Γεωργίου','Κατινούλα','Μαργαριτάκη(Παπαδάκη)',0,0,1,NULL,NULL,NULL,NULL,NULL),(44,'Νικολάου','Νικήτας','Μαρουλάκης',1,1,1,13,NULL,NULL,NULL,NULL),(45,'Νικηφόρου','Μάνθος','Παπαδημητρόπουλος',0,1,1,NULL,NULL,NULL,NULL,NULL),(46,'Χαραλάμπους','Ερωφίλη','Κιούση(Παπαδημητροπούλου)',0,1,1,NULL,NULL,NULL,NULL,NULL),(47,NULL,'Ευαγγελία','Πατεραντωνάκη',0,0,1,NULL,NULL,NULL,NULL,NULL),(48,'Αποστόλου','Μαρία','Πατεραντωνάκη(Οικονομάκη)',0,0,1,NULL,NULL,NULL,NULL,NULL),(49,'Δημητρίου','Γεώργιος','Πατιτάκης',0,1,1,NULL,NULL,NULL,NULL,NULL),(50,'(Σελί)','Κατερίνα','Τσικρικωνάκη',0,0,1,NULL,NULL,NULL,NULL,NULL),(51,'Ιωάννου','Μιχαήλ','Στεφανάκης',1,1,1,27,NULL,NULL,NULL,NULL),(52,'Εμμανουήλ','Χαρούλα','Τσαγκαράκη(Αλεξάκη)',1,1,1,70,NULL,NULL,NULL,NULL),(53,'Δημητρίου','Γεώργιος','Χατζονικολάκης',1,1,1,86,NULL,NULL,NULL,NULL),(54,NULL,NULL,'Συνεταιρισμός',0,0,1,NULL,NULL,NULL,NULL,NULL),(55,'Ιωάννου','Δημήτριος','Χατζοβασιλάκης',1,1,0,11,NULL,NULL,NULL,NULL),(56,'Χαραλάμπου','Νικηφόρος','Παπαδημητρόπουλος',1,1,0,14,NULL,NULL,NULL,NULL),(57,'Γρηγορίου','Χαρίδημος','Παπαδημητρόπουλος',1,1,1,22,NULL,NULL,NULL,NULL),(58,'Γεωργίου','Εμμανουήλ','Χατζονικολάκης',1,1,0,23,NULL,NULL,NULL,NULL),(59,'Πέτρου','Εμμανουήλ','Φραγκάκης',1,1,0,24,NULL,NULL,NULL,NULL),(60,'Πέτρου','Γεώργιος','Φραγκάκης',1,1,0,25,NULL,NULL,NULL,NULL),(61,'Χαραλάμπου','Δημήτριος','Πατιτάκης',1,1,0,26,NULL,NULL,NULL,NULL),(62,'Κωνσταντίνου','Μαρία','Φραγκάκη-Βασιλάκη',1,1,0,28,NULL,NULL,NULL,NULL),(63,'Χαραλάμπου','Πέτρος','Παπαδημητρόπουλος',1,1,0,29,NULL,NULL,NULL,NULL),(64,'Εμμανουήλ','Χαρίδημος','Στεφανάκης',1,1,1,31,NULL,NULL,NULL,NULL),(65,'Νικολάου','Αντωνία','Πιτροπάκη',1,1,0,34,NULL,NULL,NULL,NULL),(66,'Ματθαίου','Εμμανουήλ','Σηφάκης',1,1,0,35,NULL,NULL,NULL,NULL),(67,'Ελευθερίου','Ιωάννης','Λουλάκης',1,1,0,37,NULL,NULL,NULL,NULL),(68,'Γεωργίου','Νικόλαος','Σταυρουλάκης',1,1,0,38,NULL,NULL,NULL,NULL),(69,'Δημητρίου','Εμμανουήλ','Παπαδημητρόπουλος',1,1,0,40,NULL,NULL,NULL,NULL),(70,'Ελευθερίου','Νικόλαος','Βελημβασάκης',1,1,0,42,NULL,NULL,NULL,NULL),(71,'Ιωάννου','Άννα','Βασιλάκη-Μηλιαράκη',1,1,0,43,NULL,'Αθήνα',NULL,NULL),(72,'Ιωάννου','Μιχαήλ','Βασιλάκης',1,1,0,44,NULL,NULL,NULL,NULL),(73,'Χαράλαμπου','Ιωάννης','Κοκκινάκης',1,1,0,47,NULL,'Ηράκλειο','2810256791',NULL),(74,'Αθανασίου','Χαράλαμπος','Κονσολάκης',1,1,0,49,NULL,NULL,NULL,NULL),(75,'Χαράλαμπου','Παναγιώτα','Θεοδοσάκη-Παπαδημητροπούλου',1,1,0,50,NULL,'Χόνδρος',NULL,NULL),(76,'Ζαχαρίου','Βασιλική','Φραγκάκη-Χατζογιαννάκη',1,1,0,54,NULL,NULL,NULL,NULL),(77,'Δημητρίου','Γεώργιος','Χατζοβασιλάκης',1,1,0,55,NULL,NULL,NULL,NULL),(78,'Ελευθερίου','Γεώργιος','Λουλάκης',1,1,0,56,NULL,NULL,NULL,NULL),(79,'Ιωάννου','Γεώργιος','Πιτροπάκης',1,1,0,57,NULL,'Άρβη',NULL,'Φίλος'),(80,NULL,'Ελένη','Πιτροπάκη',1,1,0,58,NULL,'Άρβη',NULL,'Φίλαινα'),(81,'Αναστασίου','Μαρίνα','Θεοδωρίδου',1,1,0,59,NULL,'Αθήνα',NULL,NULL),(82,NULL,'Ιωάννα','Μηλιαράκη',1,1,0,62,NULL,'Αθήνα',NULL,NULL),(83,'Χρήστου','Ευαγγελία','Παπαδημητροπούλου-Λάιου',1,1,0,64,NULL,NULL,NULL,'Απεβίωσε'),(84,'Ανδρέου','Μαρία','Καπετανάκη',1,1,0,65,NULL,'Ηράκλειο',NULL,NULL),(85,'Δημητρίου','Ιωάννης','Βασιλάκης',1,1,0,66,NULL,NULL,NULL,NULL),(86,'Ιωάννου','Εμμανουήλ','Κικάκης',1,1,0,68,NULL,'Αθήνα',NULL,NULL),(87,'Ιωάννου','Ειρήνη','Πατιτάκη',1,1,0,69,NULL,NULL,NULL,'Ρηνούλα'),(88,'Εμμανουήλ','Ιωάννα','Τσαγκαράκη-Πετράκη',1,1,0,72,NULL,NULL,NULL,NULL),(89,'Χαρίδημου','Σοφία','Θεοδοσάκη-Στεφανάκη',1,1,1,73,NULL,NULL,NULL,NULL),(90,'Εμμανουήλ','Αικατερίνη','Κονδυλάκη-Κρασά',1,1,0,74,NULL,NULL,NULL,NULL),(91,'Εμμανουήλ','Μιχαήλ','Μπεκράκης',1,1,0,75,NULL,'Αθήνα',NULL,NULL),(92,'Εμμανουήλ','Γεωργία','Κόσσυβα-Βραχνάκη',1,1,0,76,NULL,NULL,NULL,NULL),(93,'Ηλία','Ελένη','Κικάκη-Βασιλάκη',1,1,0,77,NULL,'Αθήνα',NULL,NULL),(94,'Ελευθερίου','Γεώργιος','Βελημβασάκης',1,1,0,82,NULL,NULL,NULL,NULL),(95,'Γεωργίου','Βασίλειος','Πιτροπάκης',1,1,1,83,NULL,NULL,NULL,NULL),(96,'συζ.ΕμμανουήλτουΗλία','Άννα','Βασιλάκη',1,1,0,88,NULL,'Αθήνα',NULL,NULL),(97,'Στυλιανού','Εμμανουήλ','Πατιτάκης',1,1,0,89,NULL,'Αθήνα',NULL,NULL),(98,'Πέτρου','Χαράλαμπος','Παπαδημητρόπουλος',1,1,0,91,NULL,'Ρέθυμνο',NULL,NULL),(99,'Ελευθερίου','Αναστασία','Φραγκάκη',1,1,0,95,NULL,'Ηράκλειο',NULL,NULL),(100,'Γεωργίου','Σταύρος','Πιτροπάκης',1,1,0,96,NULL,'Αθήνα',NULL,NULL),(101,'Γεωργίου','Μαρία','Πιτροπάκη',1,1,0,99,NULL,NULL,NULL,NULL),(102,'ΙωάννουκαιΣοφίας','Γεώργιος','Πιτροπάκης',1,1,0,101,NULL,NULL,NULL,NULL),(103,'?Μιχαήλ','Εμμανουήλ','Κικάκης',1,1,0,105,NULL,NULL,NULL,NULL),(104,'Kaplan','Denis(Αντώνης)','Lleshi',0,1,1,NULL,NULL,NULL,NULL,'Βερβελάκης Γεώργιος'),(105,'Εμμανουήλ','Ιωάννης','Βασιλάκης',1,1,1,NULL,NULL,'Αθήνα',NULL,NULL),(106,'Νικολάου','Αικατερίνη','Συγγελάκη',0,0,1,NULL,NULL,NULL,NULL,NULL),(107,'Γεωργίου','Εμμανουήλ','Πιτροπάκης',0,1,0,NULL,NULL,NULL,NULL,NULL),(108,'Γεωργίου','Δημήτριος','Στεφανάκης',0,0,0,NULL,NULL,NULL,NULL,NULL),(109,'Εμμανουήλ','Ευαγγελία','Βερβελάκη',0,1,1,NULL,NULL,'Αθήνα','6973806357',NULL);
/*!40000 ALTER TABLE `synet_persons` ENABLE KEYS */;
UNLOCK TABLES;

--
-- Table structure for table `synet_receivers`
--

DROP TABLE IF EXISTS `synet_receivers`;
/*!40101 SET @saved_cs_client     = @@character_set_client */;
/*!50503 SET character_set_client = utf8mb4 */;
CREATE TABLE `synet_receivers` (
  `id` int NOT NULL AUTO_INCREMENT,
  `receiver` varchar(30) COLLATE utf8mb4_unicode_ci NOT NULL,
  PRIMARY KEY (`id`)
) ENGINE=InnoDB AUTO_INCREMENT=3 DEFAULT CHARSET=utf8mb4 COLLATE=utf8mb4_unicode_ci;
/*!40101 SET character_set_client = @saved_cs_client */;

--
-- Dumping data for table `synet_receivers`
--

LOCK TABLES `synet_receivers` WRITE;
/*!40000 ALTER TABLE `synet_receivers` DISABLE KEYS */;
INSERT INTO `synet_receivers` VALUES (1,'Τσαγκαράκη Χαρούλα'),(2,'Βερβελάκη Άννα');
/*!40000 ALTER TABLE `synet_receivers` ENABLE KEYS */;
UNLOCK TABLES;

--
-- Table structure for table `synet_watercons`
--

DROP TABLE IF EXISTS `synet_watercons`;
/*!40101 SET @saved_cs_client     = @@character_set_client */;
/*!50503 SET character_set_client = utf8mb4 */;
CREATE TABLE `synet_watercons` (
  `id` int NOT NULL AUTO_INCREMENT,
  `serialNumber` int NOT NULL,
  `date` date NOT NULL,
  `finalIndication` int NOT NULL,
  `initialIndication` int NOT NULL,
  `intermediateIndication` int DEFAULT NULL,
  `cubicMeters` int NOT NULL,
  `billableCubicMeters` int DEFAULT NULL,
  `hydronomistsCubicMeters` decimal(10,0) DEFAULT NULL,
  `costPerMeter` decimal(10,0) NOT NULL,
  `cost` decimal(10,0) DEFAULT NULL,
  `hydronomistsRight` decimal(10,0) DEFAULT NULL,
  `viberMsg` varchar(200) COLLATE utf8mb4_unicode_ci DEFAULT NULL,
  `notes` text COLLATE utf8mb4_unicode_ci,
  `counter_id` bigint NOT NULL,
  `field_id` bigint DEFAULT NULL,
  `receipt_id` bigint DEFAULT NULL,
  `customer_id` bigint NOT NULL,
  PRIMARY KEY (`id`)
) ENGINE=InnoDB AUTO_INCREMENT=434 DEFAULT CHARSET=utf8mb4 COLLATE=utf8mb4_unicode_ci;
/*!40101 SET character_set_client = @saved_cs_client */;

--
-- Dumping data for table `synet_watercons`
--

LOCK TABLES `synet_watercons` WRITE;
/*!40000 ALTER TABLE `synet_watercons` DISABLE KEYS */;
INSERT INTO `synet_watercons` VALUES (1,1,'2024-03-12',516416,516216,NULL,200,200,NULL,0,60,NULL,NULL,NULL,1,1,3,1),(2,2,'2024-03-13',516532,516416,NULL,116,116,NULL,0,35,NULL,NULL,NULL,1,2,4,2),(3,3,'2024-03-13',516674,516532,NULL,142,142,NULL,0,43,NULL,NULL,NULL,1,3,5,3),(4,4,'2024-03-30',516865,516674,NULL,191,191,NULL,0,57,NULL,NULL,NULL,1,4,11,4),(5,5,'2024-04-03',517472,516865,NULL,607,607,NULL,0,182,NULL,NULL,NULL,1,5,1,5),(6,6,'2024-04-04',517770,517472,NULL,298,298,NULL,0,89,NULL,NULL,NULL,1,6,6,6),(7,7,'2024-04-05',517980,517770,NULL,210,210,NULL,0,63,NULL,NULL,NULL,1,7,7,7),(8,8,'2024-04-06',518158,517980,NULL,178,178,NULL,0,53,NULL,NULL,NULL,1,8,8,8),(9,9,'2024-04-06',518244,518158,NULL,86,86,NULL,0,26,NULL,NULL,NULL,1,7,9,7),(10,10,'2024-04-07',998,775,NULL,223,223,NULL,0,67,NULL,NULL,NULL,2,9,10,9),(11,11,'2024-04-08',518329,518244,NULL,85,85,NULL,0,26,NULL,NULL,NULL,1,6,12,6),(12,12,'2024-04-09',518629,518329,NULL,300,300,NULL,0,90,NULL,NULL,NULL,1,10,13,10),(13,13,'2024-04-10',518980,518629,NULL,351,351,NULL,0,105,NULL,NULL,NULL,1,8,14,8),(14,14,'2024-04-11',519180,518980,NULL,200,200,NULL,0,60,NULL,NULL,NULL,1,11,15,11),(15,15,'2024-04-11',519370,519180,NULL,190,190,NULL,0,57,NULL,NULL,NULL,1,12,16,12),(16,16,'2024-04-12',16158,16103,NULL,55,55,NULL,0,17,NULL,NULL,NULL,3,10,17,10),(17,17,'2024-04-13',519613,519370,NULL,243,243,NULL,0,73,NULL,NULL,NULL,1,3,18,3),(18,18,'2024-04-14',519959,519613,NULL,346,346,NULL,0,104,NULL,NULL,NULL,1,13,19,13),(19,19,'2024-04-15',520024,519959,NULL,65,65,NULL,0,20,NULL,NULL,NULL,1,14,20,14),(20,20,'2024-04-15',520112,520024,NULL,88,88,NULL,0,26,NULL,NULL,NULL,1,10,21,10),(21,21,'2024-04-16',520297,520112,NULL,185,185,NULL,0,56,NULL,NULL,NULL,1,14,22,14),(22,22,'2024-04-17',520576,520297,NULL,279,279,NULL,0,84,NULL,NULL,NULL,1,15,23,15),(23,23,'2024-04-18',520772,520576,NULL,196,196,NULL,0,59,NULL,NULL,NULL,1,16,24,16),(24,24,'2024-04-18',520834,520772,NULL,62,62,NULL,0,19,NULL,NULL,NULL,1,1,25,1),(25,25,'2024-04-19',520903,520834,NULL,69,69,NULL,0,21,NULL,NULL,NULL,1,7,26,7),(26,26,'2024-04-20',521089,520903,NULL,186,186,NULL,0,56,NULL,NULL,NULL,1,11,27,11),(27,27,'2024-04-21',521408,521089,NULL,319,319,NULL,0,96,NULL,NULL,NULL,1,17,28,17),(28,28,'2024-04-22',521563,521408,NULL,155,155,NULL,0,47,NULL,NULL,NULL,1,18,29,6),(29,29,'2024-04-23',521907,521563,NULL,344,344,NULL,0,103,NULL,NULL,NULL,1,19,30,1),(30,30,'2024-04-24',522187,521907,NULL,280,280,NULL,0,84,NULL,NULL,NULL,1,20,31,8),(31,31,'2024-04-25',522271,522187,NULL,84,84,NULL,0,25,NULL,NULL,NULL,1,14,32,14),(32,32,'2024-04-25',522373,522271,NULL,102,102,NULL,0,31,NULL,NULL,NULL,1,6,33,6),(33,33,'2024-04-25',522451,522373,NULL,78,78,NULL,0,23,NULL,NULL,NULL,1,21,34,18),(34,34,'2024-04-26',522624,522451,NULL,173,173,NULL,0,52,NULL,NULL,NULL,1,10,35,10),(35,35,'2024-04-27',522956,522624,NULL,332,332,NULL,0,100,NULL,NULL,NULL,1,22,36,2),(36,36,'2024-04-28',523100,522956,NULL,144,144,NULL,0,58,NULL,NULL,NULL,1,23,37,19),(37,37,'2024-04-28',523201,523100,NULL,101,101,NULL,0,30,NULL,NULL,NULL,1,24,38,57),(38,39,'2024-04-29',523376,523230,NULL,146,146,NULL,0,44,NULL,NULL,NULL,1,13,39,13),(39,40,'2024-05-01',523915,523376,NULL,539,539,NULL,0,162,NULL,NULL,NULL,1,5,2,5),(40,41,'2024-05-02',1148,998,NULL,150,150,NULL,0,45,NULL,NULL,NULL,2,25,40,21),(41,42,'2024-05-03',523964,523915,NULL,49,49,NULL,0,15,NULL,NULL,NULL,1,26,41,22),(42,43,'2024-05-04',1373,1148,NULL,225,225,NULL,0,68,NULL,NULL,NULL,2,9,42,9),(43,44,'2024-05-06',524119,523964,NULL,155,155,NULL,0,47,NULL,NULL,NULL,1,27,43,4),(44,45,'2024-05-07',524440,524119,NULL,321,321,NULL,0,96,NULL,NULL,NULL,1,28,44,15),(45,46,'2024-05-08',524895,524440,NULL,455,455,NULL,0,137,NULL,NULL,NULL,1,29,45,23),(46,47,'2024-05-09',10141,9936,NULL,205,205,NULL,0,82,NULL,NULL,NULL,4,30,46,57),(47,48,'2024-05-09',524993,524895,NULL,98,98,NULL,0,29,NULL,NULL,NULL,1,31,47,23),(48,49,'2024-05-10',525096,524993,NULL,103,103,NULL,0,31,NULL,NULL,NULL,1,32,48,16),(49,50,'2024-05-11',525340,525096,NULL,244,244,NULL,0,73,NULL,NULL,NULL,1,18,49,6),(50,51,'2024-05-12',525561,525340,NULL,221,221,NULL,0,66,NULL,NULL,NULL,1,33,50,8),(51,52,'2024-05-13',1422,1373,NULL,49,49,NULL,0,15,NULL,NULL,NULL,2,34,51,15),(52,53,'2024-05-13',525640,525561,NULL,79,79,NULL,0,24,NULL,NULL,NULL,1,35,52,20),(53,54,'2024-05-13',525727,525640,NULL,87,87,NULL,0,26,NULL,NULL,NULL,1,36,53,21),(54,56,'2024-05-14',526086,525981,NULL,105,105,NULL,0,32,NULL,NULL,NULL,1,37,54,3),(55,57,'2024-05-14',526111,526086,NULL,25,25,NULL,0,8,NULL,NULL,NULL,1,38,55,6),(56,58,'2024-05-15',526432,526111,NULL,321,321,NULL,0,96,NULL,NULL,NULL,1,39,56,7),(57,59,'2024-05-16',526655,526432,NULL,223,223,NULL,0,67,NULL,NULL,NULL,1,40,57,6),(58,60,'2024-05-17',526792,526655,NULL,137,137,NULL,0,41,NULL,NULL,NULL,1,35,58,20),(59,61,'2024-05-18',526867,526792,NULL,75,75,NULL,0,30,NULL,NULL,NULL,1,41,59,24),(60,62,'2024-05-19',527191,526867,NULL,324,324,NULL,0,97,NULL,NULL,NULL,1,42,60,10),(61,63,'2024-05-20',527259,527191,NULL,68,68,NULL,0,20,NULL,NULL,NULL,1,43,61,14),(62,64,'2024-05-20',527342,527259,NULL,83,83,NULL,0,25,NULL,NULL,NULL,1,44,62,10),(63,65,'2024-05-21',527572,527342,NULL,230,230,NULL,0,69,NULL,NULL,NULL,1,1,63,1),(64,66,'2024-05-21',1505,1422,NULL,83,83,NULL,0,25,NULL,NULL,NULL,2,45,64,1),(65,67,'2024-05-22',527913,527572,NULL,341,341,NULL,0,102,NULL,NULL,NULL,1,46,65,23),(66,68,'2024-05-23',528008,527913,NULL,95,NULL,NULL,0,NULL,NULL,NULL,NULL,1,47,82,25),(67,69,'2024-05-23',528110,528008,NULL,102,55,NULL,0,17,NULL,NULL,NULL,1,48,66,14),(68,70,'2024-05-24',528210,528110,NULL,100,110,NULL,0,33,NULL,NULL,NULL,1,49,71,14),(69,71,'2024-05-24',528269,528210,NULL,59,59,NULL,0,18,NULL,NULL,NULL,1,50,72,10),(70,72,'2024-05-25',528277,528269,NULL,8,NULL,NULL,0,NULL,NULL,NULL,NULL,1,47,83,25),(71,73,'2024-05-25',528760,528277,NULL,483,483,NULL,0,145,NULL,NULL,NULL,1,13,73,13),(72,74,'2024-05-26',16245,16158,NULL,87,87,NULL,0,26,NULL,NULL,NULL,3,51,74,10),(73,75,'2024-05-27',528951,528760,NULL,191,191,NULL,0,57,NULL,NULL,NULL,1,52,68,26),(74,76,'2024-05-28',529212,528951,NULL,261,261,NULL,0,78,NULL,NULL,NULL,1,2,75,2),(75,77,'2024-05-28',1557,1505,NULL,52,52,NULL,0,16,NULL,NULL,NULL,2,2,76,2),(76,78,'2024-05-29',529847,529212,NULL,635,635,NULL,0,191,NULL,NULL,NULL,1,5,77,5),(77,79,'2024-05-30',10322,10172,NULL,150,150,NULL,0,60,NULL,NULL,NULL,4,53,67,27),(78,80,'2024-06-01',530189,529847,529847,342,342,342,0,103,17,NULL,NULL,1,17,78,17),(79,81,'2024-06-02',530320,530189,530189,131,131,131,0,39,7,NULL,NULL,1,54,69,28),(80,82,'2024-06-03',530567,530320,530320,247,247,247,0,74,12,NULL,NULL,1,55,79,20),(81,83,'2024-06-04',530708,530567,530567,141,141,141,0,42,7,NULL,NULL,1,56,80,29),(82,84,'2024-06-05',531013,530708,530708,305,305,305,0,92,15,NULL,NULL,1,57,81,30),(83,85,'2024-06-06',531350,531013,531013,337,337,337,0,101,17,NULL,NULL,1,11,89,11),(84,86,'2024-06-07',531410,531350,531350,60,60,60,0,18,3,NULL,NULL,1,26,90,22),(85,87,'2024-06-07',531659,531410,531410,249,249,249,0,75,12,NULL,NULL,1,6,91,6),(86,88,'2024-06-08',531901,531659,531659,242,242,242,0,73,12,NULL,NULL,1,58,92,26),(87,89,'2024-06-09',532060,531901,531901,159,159,159,0,48,8,NULL,NULL,1,4,93,4),(88,90,'2024-06-09',532194,532060,532060,134,134,134,0,40,7,NULL,NULL,1,1,94,1),(89,91,'2024-06-10',532401,532194,532194,207,207,207,0,62,10,NULL,NULL,1,16,88,16),(90,92,'2024-06-11',532613,532401,532401,212,212,212,0,85,11,NULL,NULL,1,59,86,19),(91,93,'2024-06-12',1727,1557,1557,170,170,170,0,51,9,NULL,NULL,2,9,84,9),(92,94,'2024-06-13',1970,1727,1727,243,243,243,0,73,12,NULL,NULL,2,25,85,21),(93,95,'2024-06-13',532939,532613,532613,326,326,326,0,98,16,NULL,NULL,1,7,87,7),(94,96,'2024-06-14',532999,532939,532939,60,60,60,0,18,3,'14/06/24 Ρεστιβάκη Γεωργία Παπαδημητρόπουλος Χαρίδημος 60 κυβικά 18€',NULL,1,55,95,20),(95,97,'2024-06-14',10435,10322,10322,113,113,113,0,45,6,'14/06/24 Ρεστιβάκη Γεωργία Παπαδημητρόπουλος Χαρίδημος 113 κυβικά 45,2€',NULL,4,55,96,20),(96,98,'2024-06-15',533336,532999,532999,337,337,337,0,101,17,'15/06/24 Παπαδημητροπούλου Καίτη 337 κυβικά 101,1€',NULL,1,15,97,15),(97,99,'2024-06-16',533505,533336,533336,169,169,169,0,51,8,'16/06/24 Γρυσμπολάκης Δημήτρης 169 κυβικά 50,7€',NULL,1,12,98,12),(98,100,'2024-06-16',533565,533505,533505,60,60,60,0,18,3,'16/06/24 Προεστάκη Γλυκερία 60 κυβικά 18€',NULL,1,25,99,21),(99,101,'2024-06-17',533726,533565,533565,161,161,161,0,48,8,'17/06/24 Μαρουλάκης Ιωάννης 161 κυβικά 48,3€',NULL,1,3,100,3),(100,102,'2024-06-18',534164,533726,533726,438,438,438,0,131,22,'18/06/24 Μαργαριτάκης Μανώλης 438 κυβικά 131,4€',NULL,1,46,101,23),(101,103,'2024-06-19',534291,534164,534164,127,127,127,0,38,6,'19/06/24 Ρεστιβάκη Γεωργία Παπαδημητρόπουλος Χαρίδημος 127 κυβικά 38,1€',NULL,1,55,102,20),(102,104,'2024-06-20',534625,534291,534291,334,334,334,0,100,17,'20/06/24 Βερβελάκης Μανώλης 334 κυβικά 100,2€',NULL,1,60,103,31),(103,105,'2024-06-21',534697,534625,534625,72,72,72,0,22,4,'21/06/24 Βερβελάκης Μανώλης 72 κυβικά 21,6€',NULL,1,60,104,31),(104,106,'2024-06-21',534771,534697,534697,74,74,74,0,22,4,'21/06/24 Μαρουλάκης Στέλιος 74 κυβικά 22,2€',NULL,1,14,105,14),(105,107,'2024-06-22',535022,534771,534771,251,251,251,0,75,13,'22/06/24 Russi Bilal ( Χρήστος) 251 κυβικά 75,3€',NULL,1,2,106,2),(106,108,'2024-06-22',2037,1970,1970,67,67,67,0,20,3,'22/06/24 Russi Bilal ( Χρήστος) 67 κυβικά 20,1€',NULL,2,2,107,2),(107,109,'2024-06-19',10564,10435,10435,129,129,129,0,52,6,'19/06/24 Ρεστιβάκη Γεωργία Παπαδημητρόπουλος Χαρίδημος 129 κυβικά 51,6€',NULL,4,55,108,20),(108,110,'2024-06-23',535225,535022,535022,203,203,203,0,61,10,'23/06/24 Russi Adem( Ανδρέας) 203 κυβικά 60,9€',NULL,1,1,109,1),(109,111,'2024-06-23',2134,2037,2037,97,97,97,0,29,5,'23/06/24 Russi Adem( Ανδρέας) 97 κυβικά 29,1€',NULL,2,1,110,1),(110,112,'2024-06-24',535297,535225,535225,72,72,72,0,22,4,'24/06/24 Ποντικάκης Μανώλης 72 κυβικά 21,6€',NULL,1,58,111,26),(111,113,'2024-06-25',535674,535297,535297,377,377,377,0,113,19,'25/06/24 Πατιτάκης Μανώλης 377 κυβικά 113,1€',NULL,1,8,112,8),(112,114,'2024-06-27',536357,535674,535674,683,683,683,0,205,34,'27/06/24 Βερβελάκης Γεώργιος 683 κυβικά 204,9€',NULL,1,5,113,5),(113,115,'2024-06-04',16281,16245,16245,36,36,36,0,11,2,'04/06/24 Μπρότσικας Κώστας 36 κυβικά 10,8€',NULL,3,61,114,32),(114,116,'2024-06-24',16354,16281,16281,73,73,73,0,22,4,'24/06/24 Βερβελάκης Μανώλης 73 κυβικά 21,9€',NULL,3,60,115,31),(115,117,'2024-06-28',536491,536357,536357,134,134,134,0,40,7,'28/06/24 Μαρουλάκης Στέλιος 134 κυβικά 40,2€',NULL,1,14,117,14),(116,118,'2024-06-28',536546,536491,536491,55,55,55,0,17,3,'28/06/24 Χατζοβασιλάκη Μαρία 55 κυβικά 16,5€',NULL,1,13,116,13),(117,119,'2024-06-29',536665,536546,536546,119,119,119,0,36,6,'29/06/24 Μαρουλάκης Στέλιος 119 κυβικά 35,7€',NULL,1,14,118,14),(118,120,'2024-06-29',536725,536665,536665,60,60,60,0,18,3,'29/06/24 Κικάκης Μιχ. τ. Ιωάννου 60 κυβικά 18€',NULL,1,7,119,7),(119,121,'2024-06-30',536863,536725,536725,138,138,138,0,41,7,'30/06/24 Κικάκης Μιχ. τ. Εμμ. 138 κυβικά 41,4€',NULL,1,54,120,28),(120,122,'2024-07-01',537213,536863,536863,350,350,350,0,105,18,'01/07/24 Ποντικάκης Μανώλης 350 κυβικά 105€',NULL,1,58,122,26),(121,123,'2024-07-02',537475,537213,537213,262,262,262,0,79,13,'02/07/24 Χατζοβασιλάκη Κατερίνα 262 κυβικά 78,6€',NULL,1,16,123,16),(122,124,'2024-07-03',537851,537475,537475,376,376,376,0,113,19,'03/07/24 Χατζοβασιλάκη Μαρία 376 κυβικά 112,8€',NULL,1,13,124,13),(123,125,'2024-07-04',538126,537851,537851,275,275,275,0,83,14,'04/07/24 Βαρδάκης Μανώλης Ματθαίου 275 κυβικά 82,5€',NULL,1,17,125,17),(124,126,'2024-07-05',538273,538126,538126,147,147,147,0,44,7,'05/07/24 Παπαδημητροπούλου Μαρία Θαλασσινός Γιώργος 147 κυβικά 44,1€',NULL,1,4,126,4),(125,127,'2024-07-06',538407,538273,538273,134,134,134,0,40,7,'06/07/24 Ρεστιβάκη Γεωργία Παπαδημητρόπουλος Χαρίδημος 134 κυβικά 40,2€',NULL,1,55,127,20),(126,128,'2024-07-06',10688,10564,10564,124,124,124,0,50,6,'06/07/24 Ρεστιβάκη Γεωργία Παπαδημητρόπουλος Χαρίδημος 124 κυβικά 49,6€',NULL,4,55,128,20),(127,129,'2024-07-07',538499,538407,538407,92,92,92,0,37,5,'07/07/24 Γρυνιεζάκης Δημήτρης 92 κυβικά 36,8€',NULL,1,62,129,24),(128,130,'2024-07-07',538531,538499,538499,32,32,32,0,10,2,'07/07/24 Παπαδημητρόπουλος Γεώργιος Άγγελου 32 κυβικά 9,6€',NULL,1,26,130,22),(129,131,'2024-07-08',538612,538531,538531,81,81,81,0,24,4,'08/07/24 Χατζοβασιλάκη Ηρώ 81 κυβικά 24,3€',NULL,1,63,131,33),(130,132,'2024-07-09',538775,538612,538612,163,163,163,0,49,8,'09/07/24 Κοκινάκης Θεοχάρης 163 κυβικά 48,9€',NULL,1,64,133,34),(131,133,'2024-07-09',10793,10688,10688,105,105,105,0,42,5,'09/07/24 Κοκινάκης Θεοχάρης 105 κυβικά 42€',NULL,4,64,132,34),(132,134,'2024-07-10',539098,538775,538775,323,323,323,0,97,16,'10/07/24 Πατιτάκη Γιάννα 323 κυβικά 96,9€',NULL,1,57,134,30),(133,135,'2024-07-11',539326,539098,539098,228,228,228,0,68,11,'11/07/24 Πιτροπάκης Γεώργιος Νικολάου 228 κυβικά 68,4€',NULL,1,65,135,35),(134,136,'2024-07-13',539653,539326,539326,327,327,327,0,98,16,'13/07/24 Ζώτος Σπύρος 327 κυβικά 98,1€',NULL,1,6,136,6),(135,137,'2024-07-13',539815,539653,539653,162,162,162,0,49,8,'13/07/24 Κικάκης Μιχ. τ. Εμμ. 162 κυβικά 48,6€',NULL,1,54,137,28),(136,138,'2024-07-14',2346,2037,2037,309,309,309,0,93,15,'14/07/24 Προεστάκη Γλυκερία 309 κυβικά 92,70€',NULL,2,25,138,21),(137,139,'2024-07-15',539900,539815,539815,85,85,85,0,26,4,'15/07/24 Ποντικάκης Μανώλης 85 κυβικά 25,50€',NULL,1,58,139,26),(138,140,'2024-07-16',540084,539900,539900,184,184,184,0,55,9,'16/07/24 Μαρουλάκης Ιωάννης 184 κυβικά 55,20€',NULL,1,3,140,3),(139,141,'2024-07-16',540194,540084,540084,110,110,110,0,33,6,'16/07/24 Russi Adem( Ανδρέας) 110 κυβικά 33,00€',NULL,1,1,141,1),(140,142,'2024-07-17',540496,540194,540194,302,302,302,0,91,15,'17/07/24 Τουλουπάκη Άννα 302 κυβικά 90,60€',NULL,1,11,142,11),(141,143,'2024-07-18',540783,540496,540496,287,287,287,0,86,14,'18/07/24 Russi Bilal ( Χρήστος) 287 κυβικά 86,10€',NULL,1,2,143,2),(142,144,'2024-07-19',540897,540783,540783,114,114,114,0,34,6,'19/07/24 Κακλαμάνος Ανδρέας 114 κυβικά 34,20€',NULL,1,66,144,36),(143,145,'2024-07-20',541167,540897,540897,270,270,270,0,81,14,'20/07/24 Παπαδημητροπούλου Καίτη 270 κυβικά 81,00€',NULL,1,15,145,15),(144,146,'2024-07-21',541429,541167,541167,262,262,262,0,79,13,'21/07/24 Κικάκης Μιχ. τ. Εμμ. 262 κυβικά 78,60€',NULL,1,54,146,28),(145,147,'2024-07-22',541550,541429,541429,121,121,121,0,36,6,'22/07/24 Παπαδημητροπούλου Μαρία Θαλασσινός Γιώργος 121 κυβικά 36,30€',NULL,1,4,147,4),(146,148,'2024-07-23',541838,541550,541550,288,288,288,0,86,14,'23/07/24 Βερβελάκης Μανώλης 288 κυβικά 86,40€',NULL,1,60,148,31),(147,149,'2024-07-25',542081,541838,541838,243,243,243,0,73,12,'25/07/24 Μαρουλάκης Στέλιος 243 κυβικά 72,90€',NULL,1,14,149,14),(148,150,'2024-07-25',542126,542081,542081,45,45,45,0,14,2,'25/07/24 Βερβελάκης Μανώλης 45 κυβικά 13,50€',NULL,1,60,150,31),(149,151,'2024-07-25',16396,16354,16354,42,42,42,0,13,2,'25/07/24 Αλεξάκης Μανώλης 42 κυβικά 12,60€',NULL,3,67,151,37),(150,152,'2024-07-26',16487,16396,16396,91,91,91,0,27,5,'26/07/24 Βερβελάκης Μανώλης 91 κυβικά 27,30€',NULL,3,60,152,31),(151,153,'2024-07-25',542179,542126,542126,53,53,53,0,16,3,'25/07/24 Προεστάκη Γλυκερία 53 κυβικά 15,90€',NULL,1,25,153,21),(152,154,'2024-07-28',542803,542179,542179,624,624,624,0,187,31,'28/07/24 Βερβελάκης Γεώργιος 624 κυβικά 187,20€',NULL,1,5,154,5),(153,155,'2024-07-30',10958,10793,10793,165,165,165,0,66,8,'30/07/24 Μπετεινάκης Κωστής 165 κυβικά 66,00€',NULL,4,68,155,38),(154,156,'2024-07-31',543141,542803,542803,338,338,338,0,101,17,'31/07/24 Russi Adem( Ανδρέας) 338 κυβικά 101,40€',NULL,1,1,156,1),(155,157,'2024-08-01',543358,543141,543141,217,217,217,0,65,11,'01/08/24 Χατζοβασιλάκη Κατερίνα 217 κυβικά 65,10€',NULL,1,16,157,16),(156,158,'2024-08-02',16520,16487,16487,33,33,33,0,10,2,'02/08/24 Κικάκης Μιχ. τ. Ιωάννου 33 κυβικά 9,90€',NULL,3,7,158,7),(157,159,'2024-08-03',543725,543358,543358,367,367,367,0,110,18,'03/08/24 Χατζοβασιλάκη Μαρία 367 κυβικά 110,10€',NULL,1,13,159,13),(158,160,'2024-08-04',544006,543725,543725,281,281,281,0,84,14,'04/08/24 Βαρδάκης Μανώλης Ματθαίου 281 κυβικά 84,30€',NULL,1,17,160,17),(159,161,'2024-08-05',544105,544006,544006,99,99,99,0,30,5,'05/08/24 Σηφάκη Μαρία 99 κυβικά 29,70€',NULL,1,69,161,39),(160,162,'2024-08-06',544173,544105,544105,68,68,68,0,20,3,'06/08/24 Ζώτος Σπύρος 68 κυβικά 20,40€',NULL,1,6,162,6),(161,163,'2024-08-06',544304,544173,544173,131,131,131,0,52,7,'06/08/24 Plakut Nikos 131 κυβικά 52,40€',NULL,1,59,163,19),(162,164,'2024-08-06',544334,544304,544304,30,30,30,0,9,2,'06/08/24 Παπαδημητρόπουλος Γεώργιος Άγγελου 30 κυβικά 9,00€',NULL,1,26,164,22),(163,165,'2024-08-07',544750,544334,544334,416,416,416,0,125,21,'07/08/24 Πατιτάκης Μανώλης 416 κυβικά 124,80€',NULL,1,8,165,8),(164,166,'2024-08-08',545124,544750,544750,374,374,374,0,112,19,'08/08/24 Ζώτος Σπύρος 374 κυβικά 112,20€',NULL,1,6,166,6),(165,167,'2024-08-10',2548,2346,2346,202,202,202,0,61,10,'10/08/24 Βασιλάκης Ιω. τ. Νικολάου 202 κυβικά 60,60€',NULL,2,9,167,9),(166,168,'2024-08-11',545415,545124,545124,291,291,291,0,87,15,'11/08/24 Μαργαριτάκης Μανώλης 291 κυβικά 87,30€',NULL,1,46,168,23),(167,169,'2024-08-13',545744,545415,545415,329,329,329,0,99,16,'13/08/24 Κικάκης Νικόλαος 329 κυβικά 98,70€',NULL,1,70,169,40),(168,170,'2024-08-14',545895,545744,545744,151,151,151,0,45,8,'14/08/24 Πιτροπάκης Γεώργιος Νικολάου 151 κυβικά 45,30€',NULL,1,65,170,35),(169,171,'2024-08-15',546055,545895,545895,160,160,160,0,48,8,'15/08/24 Παπαδημητρόπουλος Ιωάννης Νικολάου 160 κυβικά 48,00€',NULL,1,71,171,41),(170,172,'2024-08-16',546190,546055,546055,135,135,135,0,41,7,'16/08/24 Κακλαμάνος Ανδρέας 135 κυβικά 40,50€',NULL,1,66,172,36),(171,173,'2024-08-17',546473,546190,546190,283,283,283,0,85,14,'17/08/24 Κικάκης Μιχ. τ. Ιωάννου 283 κυβικά 84,90€',NULL,1,7,173,7),(172,174,'2024-08-18',546775,546473,546473,302,302,302,0,91,15,'18/08/24 Russi Bilal ( Χρήστος) 302 κυβικά 90,60€',NULL,1,2,174,2),(173,175,'2024-08-20',547069,546775,546775,294,294,294,0,88,15,'20/08/24 Russi Adem( Ανδρέας) 294 κυβικά 88,20€',NULL,1,1,175,1),(174,176,'2024-08-21',547239,547069,547069,170,170,170,0,51,9,'21/08/24 Μαρουλάκης Ιωάννης 170 κυβικά 51,00€',NULL,1,3,176,3),(175,177,'2024-08-21',547310,547239,547239,71,71,71,0,21,4,'21/08/24 Ποντικάκης Μανώλης 71 κυβικά 21,30€',NULL,1,58,177,26),(176,178,'2024-08-22',547547,547310,547310,237,237,237,0,71,12,'22/08/24 Τουλουπάκη Άννα 237 κυβικά 71,10€',NULL,1,11,178,11),(177,179,'2024-08-23',547625,547547,547547,78,78,78,0,31,4,'Παρ 23/08/24 Γρυνιεζάκης Δημήτρης 78 κυβικά 31,20€',NULL,1,62,179,24),(178,180,'2024-08-24',547779,547625,547625,154,154,154,0,46,8,'Σάβ 24/08/24 Παπαδημητροπούλου Μαρία Θαλασσινός Γιώργος 154 κυβικά 46,20€',NULL,1,4,180,4),(179,181,'2024-08-24',547893,547779,547779,114,114,114,0,34,6,'Σάβ 24/08/24 Παπαδημητροπούλου Καίτη 114 κυβικά 34,20€',NULL,1,15,181,15),(180,182,'2024-08-25',548255,547893,547893,362,362,362,0,109,18,'Κυρ 25/08/24 Βερβελάκης Γεώργιος 362 κυβικά 108,60€',NULL,1,5,182,5),(181,183,'2024-08-26',548314,548255,548255,59,59,59,0,18,3,'Δευ 26/08/24 Βερβελάκης Μανώλης 59 κυβικά 17,70€',NULL,1,60,183,31),(182,184,'2024-08-27',548567,548314,548314,253,253,253,0,76,13,'Τρί 27/08/24 Μαρουλάκης Στέλιος 253 κυβικά 75,90€',NULL,1,14,184,14),(183,185,'2024-08-28',2749,2548,2548,201,201,201,0,60,10,'Τετ 28/08/24 Προεστάκη Γλυκερία 201 κυβικά 60,30€',NULL,2,25,186,21),(184,186,'2024-08-29',548918,548567,548567,351,351,351,0,105,18,'Πέμ 29/08/24 Ποντικάκης Μανώλης 351 κυβικά 105,30€',NULL,1,58,187,26),(185,187,'2024-08-29',549013,548918,548918,95,95,95,0,29,5,'Πέμ 29/08/24 Μαρουλάκης Στέλιος 95 κυβικά 28,50€',NULL,1,14,185,14),(186,188,'2024-09-01',549210,549013,549013,197,197,197,0,59,10,'Κυρ 01/09/24 Ρεστιβάκη Γεωργία Παπαδημητρόπουλος Χαρίδημος 197 κυβικά 59,10€',NULL,1,55,188,20),(187,189,'2024-09-01',11206,10958,10958,248,248,248,0,99,12,'Κυρ 01/09/24 Ρεστιβάκη Γεωργία Παπαδημητρόπουλος Χαρίδημος 248 κυβικά 99,20€',NULL,4,55,189,20),(188,190,'2024-09-02',549305,549210,549210,95,95,95,0,29,5,'Δευ 02/09/24 Βερβελάκης Μανώλης 95 κυβικά 28,50€',NULL,1,60,190,31),(189,191,'2024-09-02',549481,549305,549305,176,176,176,0,53,9,'Δευ 02/09/24 Ζώτος Σπύρος 176 κυβικά 52,80€',NULL,1,6,192,6),(190,192,'2024-09-03',549753,549481,549481,272,272,272,0,82,14,'Τρί 03/09/24 Κικάκης Μιχ. τ. Εμμ. 272 κυβικά 81,60€',NULL,1,54,191,28),(191,193,'2024-09-05',550260,549753,549753,507,507,507,0,152,25,'Πέμ 05/09/24 Βερβελάκης Γεώργιος 507 κυβικά 152,10€',NULL,1,5,193,5),(192,194,'2024-09-06',550377,550260,550260,117,117,117,0,35,6,'Παρ 06/09/24 Κακλαμάνος Ανδρέας 117 κυβικά 35,10€',NULL,1,66,194,36),(193,195,'2024-09-07',550541,550377,550377,164,164,164,0,49,8,'Σάβ 07/09/24 Βερβελάκης Μανώλης 164 κυβικά 49,20€',NULL,1,60,195,31),(194,196,'2024-09-07',16584,16520,16520,64,64,64,0,19,3,'Σάβ 07/09/24 Βερβελάκης Μανώλης 64 κυβικά 19,20€',NULL,3,60,196,31),(195,197,'2024-09-08',550834,550541,550541,293,293,293,0,88,15,'Κυρ 08/09/24 Βαρδάκης Μανώλης Ματθαίου 293 κυβικά 87,90€',NULL,1,17,197,17),(196,198,'2024-09-10',551077,550834,550834,243,243,243,0,73,12,'Τρί 10/09/24 Χατζοβασιλάκη Μαρία 243 κυβικά 72,90€',NULL,1,13,198,13),(197,199,'2024-09-12',551596,551077,551077,519,519,519,0,156,26,'Πέμ 12/09/24 Πατιτάκη Γιάννα 519 κυβικά 155,70€',NULL,1,57,199,30),(198,200,'2024-09-13',551745,551596,551596,149,149,149,0,45,7,'Παρ 13/09/24 Ποντικάκης Μανώλης 149 κυβικά 44,70€',NULL,1,58,200,26),(199,201,'2024-09-14',2952,2749,2749,203,203,203,0,61,10,'Σάβ 14/09/24 Βασιλάκης Ιω. τ. Νικολάου 203 κυβικά 60,90€',NULL,2,9,201,9),(200,202,'2024-09-15',551977,551745,551745,232,232,232,0,70,12,'Κυρ 15/09/24 Μαργαριτάκης Μανώλης 232 κυβικά 69,60€',NULL,1,46,202,23),(201,203,'2024-09-15',11264,11206,11206,58,58,58,0,23,3,'Κυρ 15/09/24 Μαργαριτάκης Μανώλης 58 κυβικά 23,20€',NULL,4,46,203,23),(202,204,'2024-09-17',552130,551977,551977,153,153,153,0,46,8,'Τρί 17/09/24 Μαρουλάκης Ιωάννης 153 κυβικά 45,90€',NULL,1,3,209,3),(203,205,'2024-09-18',552363,552130,552130,233,233,233,0,70,12,'Τετ 18/09/24 Ζώτος Σπύρος 233 κυβικά 69,90€',NULL,1,6,210,6),(204,206,'2024-09-19',552505,552130,552130,375,142,142,0,43,7,'Πέμ 19/09/24 Russi Bilal ( Χρήστος) 375 κυβικά 112,50€',NULL,1,2,204,2),(205,207,'2024-09-21',3102,2952,2952,150,150,150,0,45,8,'Σάβ 21/09/24 Προεστάκη Γλυκερία 150 κυβικά 45,00€',NULL,2,25,205,21),(206,208,'2024-09-22',552617,552505,552505,112,112,112,0,34,6,'Κυρ 22/09/24 Παπαδημητροπούλου Μαρία Θαλασσινός Γιώργος 112 κυβικά 33,60€',NULL,1,4,206,4),(207,209,'2024-09-24',552782,552617,552617,165,165,165,0,50,8,'Τρί 24/09/24 Κικάκης Μιχ. τ. Εμμ. 165 κυβικά 49,50€',NULL,1,54,207,28),(208,210,'2024-09-25',552942,552782,552782,160,160,160,0,48,8,'Τετ 25/09/24 Χατζοβασιλάκη Δανάη 160 κυβικά 48,00€',NULL,1,56,208,29),(209,211,'2024-09-26',553126,552942,552942,184,166,184,0,50,8,'Πέμ 26/09/24 Κικάκης Μιχ. τ. Ιωάννου 166 κυβικά 49,80€',NULL,1,7,211,7),(210,212,'2024-09-28',553221,553126,553126,95,140,95,0,42,7,'Σάβ 28/09/24 Βερβελάκης Γεώργιος 140 κυβικά 42,00€',NULL,1,5,212,5),(211,213,'2024-09-29',553261,553221,553221,40,110,40,0,33,6,'Κυρ 29/09/24 Russi Adem( Ανδρέας) 110 κυβικά 33,00€',NULL,1,1,213,1),(212,214,'2024-10-01',10,0,0,10,60,10,0,18,3,'Τρί 01/10/24 Βερβελάκης Μανώλης 60 κυβικά 18,00€',NULL,1,60,214,31),(213,215,'2024-10-02',224,10,10,214,214,214,0,64,11,'Τετ 02/10/24 Βερβελάκης Γεώργιος 214 κυβικά 64,20€',NULL,1,5,215,5),(214,216,'2024-10-02',267,224,224,43,43,43,0,13,2,'Τετ 02/10/24 Βερβελάκης Μανώλης 43 κυβικά 12,90€',NULL,1,60,217,31),(215,217,'2024-10-03',458,267,267,191,191,191,0,57,10,'Πέμ 03/10/24 Ποντικάκης Μανώλης 191 κυβικά 57,30€',NULL,1,58,219,26),(216,218,'2024-10-05',647,458,458,189,189,189,0,57,9,'Σάβ 05/10/24 Βερβελάκης Μανώλης 189 κυβικά 56,70€',NULL,1,60,216,31),(217,219,'2024-10-05',16621,16584,16584,37,37,37,0,11,2,'Σάβ 05/10/24 Βερβελάκης Μανώλης 37 κυβικά 11,10€',NULL,3,60,218,31),(218,220,'2024-10-06',914,647,647,267,267,267,0,80,13,'Κυρ 06/10/24 Τουλουπάκη Άννα 267 κυβικά 80,10€',NULL,1,11,220,11),(219,221,'2024-10-06',950,914,914,36,36,36,0,11,2,'Κυρ 06/10/24 Παπαδημητρόπουλος Γεώργιος Άγγελου 36 κυβικά 10,80€',NULL,1,26,221,22),(220,222,'2024-10-07',1088,950,950,138,138,138,0,41,7,'Δευ 07/10/24 Ποντικάκης Μανώλης 138 κυβικά 41,40€',NULL,1,58,222,26),(221,223,'2024-10-08',1294,1088,1088,206,206,206,0,62,10,'Τρί 08/10/24 Προεστάκη Γλυκερία 206 κυβικά 61,80€',NULL,1,25,223,21),(222,224,'2024-10-08',1387,1294,1294,93,93,93,0,28,5,'Τρί 08/10/24 Russi Adem( Ανδρέας) 93 κυβικά 27,90€',NULL,1,1,224,1),(223,225,'2024-10-09',1690,1387,1387,303,303,303,0,91,15,'Τετ 09/10/24 Μαρουλάκης Στέλιος 303 κυβικά 90,90€',NULL,1,14,225,14),(224,226,'2024-10-10',2050,1690,1690,360,360,360,0,108,18,'Πέμ 10/10/24 Βαρδάκης Μανώλης Ματθαίου 360 κυβικά 108,00€',NULL,1,17,226,17),(225,227,'2024-10-11',2180,2050,2050,130,130,130,0,39,7,'Παρ 11/10/24 Κακλαμάνος Ανδρέας 130 κυβικά 39,00€',NULL,1,66,227,36),(226,228,'2024-10-12',2443,2180,2180,263,263,263,0,79,13,'Σάβ 12/10/24 Βερβελάκης Μανώλης 263 κυβικά 78,90€',NULL,1,60,228,31),(227,229,'2024-10-12',2566,2443,2443,123,123,123,0,37,6,'Σάβ 12/10/24 Βερβελάκης Γεώργιος 123 κυβικά 36,90€',NULL,1,5,229,5),(228,230,'2024-10-13',2843,2566,2566,277,277,277,0,83,14,'Κυρ 13/10/24 Κικάκης Μιχ. τ. Εμμ. 277 κυβικά 83,10€',NULL,1,54,230,28),(229,231,'2024-10-14',2983,2843,2843,140,140,140,0,42,7,'Δευ 14/10/24 Ζώτος Σπύρος 140 κυβικά 42,00€',NULL,1,6,231,6),(230,232,'2024-10-15',11554,11264,11264,290,290,290,0,116,15,'Τρί 15/10/24 Ρεστιβάκη Γεωργία Παπαδημητρόπουλος Χαρίδημος 290 κυβικά 116,00€',NULL,4,55,232,20),(231,233,'2024-10-16',3133,2983,2983,150,150,150,0,45,8,'Τετ 16/10/24 Russi Adem( Ανδρέας) 150 κυβικά 45,00€',NULL,1,1,233,1),(232,234,'2024-10-16',3204,3133,3133,71,71,71,0,21,4,'Τετ 16/10/24 Russi Bilal ( Χρήστος) 71 κυβικά 21,30€',NULL,1,2,234,2),(233,235,'2024-10-16',3301,3204,3204,97,97,97,0,29,5,'Τετ 16/10/24 Μαργαριτάκης Μανώλης 97 κυβικά 29,10€',NULL,1,46,235,23),(234,236,'2024-10-17',3586,3301,3301,285,285,285,0,86,14,'Πέμ 17/10/24 Ρεστιβάκη Γεωργία Παπαδημητρόπουλος Χαρίδημος 285 κυβικά 85,50€',NULL,1,55,236,20),(235,237,'2024-10-18',3781,3586,3586,195,195,195,0,59,10,'Παρ 18/10/24 Μαρουλάκης Ιωάννης 195 κυβικά 58,50€',NULL,1,3,237,3),(236,238,'2024-10-19',4259,3781,3781,478,478,478,0,143,24,'Σάβ 19/10/24 Πατιτάκης Μανώλης 478 κυβικά 143,40€',NULL,1,8,238,8),(237,239,'2024-10-20',4430,4259,4259,171,171,171,0,51,9,'Κυρ 20/10/24 Παπαδημητροπούλου Μαρία Θαλασσινός Γιώργος 171 κυβικά 51,30€',NULL,1,4,239,4),(238,240,'2024-10-20',4580,4430,4430,150,150,150,0,45,8,'Κυρ 20/10/24 Πατιτάκη Γιάννα 150 κυβικά 45,00€',NULL,1,57,240,30),(239,241,'2024-10-21',4690,4580,4580,110,110,110,0,33,6,'Δευ 21/10/24 Ζώτος Σπύρος 110 κυβικά 33,00€',NULL,1,6,241,6),(240,242,'2024-10-22',4924,4690,4690,234,234,234,0,70,12,'Τρί 22/10/24 Ποντικάκης Μανώλης 234 κυβικά 70,20€',NULL,1,58,242,26),(241,243,'2024-10-22',5092,4924,4924,168,168,168,0,50,8,'Τρί 22/10/24 Ζώτος Σπύρος 168 κυβικά 50,40€',NULL,1,6,243,6),(242,244,'2024-10-23',5463,5092,5092,371,371,371,0,111,19,'Τετ 23/10/24 Παπαδημητροπούλου Μαρία Νικηφόρου 371 κυβικά 111,30€',NULL,1,72,244,42),(243,245,'2024-10-24',5813,5463,5463,350,350,350,0,105,18,'Πέμ 24/10/24 Βαρδάκης Μανώλης Ματθαίου 350 κυβικά 105,00€',NULL,1,17,245,17),(244,246,'2024-10-25',3228,3102,3102,126,126,126,0,38,6,'Παρ 25/10/24 Προεστάκη Γλυκερία 126 κυβικά 37,80€',NULL,2,25,246,21),(245,247,'2024-10-26',6143,5813,5813,330,330,330,0,99,17,'Σάβ 26/10/24 Βερβελάκης Γεώργιος 330 κυβικά 99,00€',NULL,1,5,247,5),(246,248,'2024-10-27',6415,6143,6143,272,272,272,0,82,14,'Κυρ 27/10/24 Κικάκης Μιχ. τ. Εμμ. 272 κυβικά 81,60€',NULL,1,54,248,28),(247,249,'2024-10-27',6538,6415,6415,123,123,123,0,49,6,'Κυρ 27/10/24 Plakut Nikos 123 κυβικά 49,20€',NULL,1,59,249,19),(248,250,'2024-10-29',6733,6538,6538,195,195,195,0,59,10,'Τρί 29/10/24 Χατζοβασιλάκη Δανάη 195 κυβικά 58,50€',NULL,1,56,250,29),(249,251,'2024-10-30',7093,6733,6733,360,360,360,0,108,18,'Τετ 30/10/24 Russi Bilal ( Χρήστος) 360 κυβικά 108,00€',NULL,1,2,251,2),(250,252,'2024-10-31',3392,3228,3228,164,164,164,0,49,8,'Πέμ 31/10/24 Βασιλάκης Ιω. τ. Νικολάου 164 κυβικά 49,20€',NULL,2,9,252,9),(251,253,'2024-11-02',3482,3392,3392,90,90,90,0,27,5,'Σάβ 02/11/24 Βερβελάκης Γεώργιος 90 κυβικά 27,00€',NULL,2,5,253,5),(252,254,'2024-11-02',7389,7093,7093,296,296,296,0,89,15,'Σάβ 02/11/24 Βερβελάκης Γεώργιος 296 κυβικά 88,80€',NULL,1,5,254,5),(253,255,'2024-11-03',11833,11554,11554,279,279,279,0,112,14,'Κυρ 03/11/24 Ρεστιβάκη Γεωργία Παπαδημητρόπουλος Χαρίδημος 279 κυβικά 111,60€',NULL,4,55,255,20),(254,256,'2024-11-04',16697,16621,16621,76,76,76,0,23,4,'Δευ 04/11/24 Βερβελάκης Μανώλης 76 κυβικά 22,80€',NULL,3,60,256,31),(255,257,'2024-11-05',7657,7389,7389,268,268,268,0,80,13,'Τρί 05/11/24 Ποντικάκης Μανώλης 268 κυβικά 80,40€',NULL,1,58,257,26),(256,258,'2024-11-06',7912,7657,7657,255,255,255,0,77,13,'Τετ 06/11/24 Τουλουπάκη Άννα 255 κυβικά 76,50€',NULL,1,11,258,11),(257,259,'2024-11-07',11977,11833,11833,144,144,144,0,58,7,'Πέμ 07/11/24 Ρεστιβάκη Γεωργία Παπαδημητρόπουλος Χαρίδημος 144 κυβικά 57,60€',NULL,4,55,259,20),(258,260,'2024-11-07',8040,7912,7912,128,128,128,0,38,6,'Πέμ 07/11/24 Ρεστιβάκη Γεωργία Παπαδημητρόπουλος Χαρίδημος 128 κυβικά 38,40€',NULL,1,55,260,20),(259,261,'2024-11-08',8175,8040,8040,135,135,135,0,41,7,'Παρ 08/11/24 Ζώτος Σπύρος 135 κυβικά 40,50€',NULL,1,6,261,6),(260,262,'2024-11-09',8310,8175,8175,135,135,135,0,41,7,'Σάβ 09/11/24 Προεστάκη Γλυκερία 135 κυβικά 40,50€',NULL,1,25,262,21),(261,263,'2024-11-10',8620,8310,8310,310,310,310,0,93,16,'Κυρ 10/11/24 Βερβελάκης Μανώλης 310 κυβικά 93,00€',NULL,1,60,263,31),(262,264,'2024-11-12',8840,8620,8620,220,220,220,0,66,11,'Τρί 12/11/24 Κικάκης Μιχ. τ. Εμμ. 220 κυβικά 66,00€',NULL,1,54,264,28),(263,265,'2024-11-13',9167,8840,8840,327,327,327,0,98,16,'Τετ 13/11/24 Παπαδημητροπούλου Μαρία Νικηφόρου 327 κυβικά 98,10€',NULL,1,72,265,42),(264,266,'2024-11-14',9373,9167,9167,206,206,206,0,62,10,'Πέμ 14/11/24 Μαργαριτάκης Μανώλης 206 κυβικά 61,80€',NULL,1,46,266,23),(265,267,'2024-11-14',12059,11977,11977,82,82,82,0,33,4,'Πέμ 14/11/24 Μαργαριτάκης Μανώλης 82 κυβικά 32,80€',NULL,4,46,267,23),(266,268,'2024-11-15',16741,16697,16697,44,44,44,0,13,2,'Παρ 15/11/24 Αλεξάκης Μανώλης 44 κυβικά 13,20€',NULL,3,67,268,37),(267,269,'2024-11-16',9485,9373,9373,112,112,112,0,34,6,'Σάβ 16/11/24 Παπαδημητροπούλου Μαρία Θαλασσινός Γιώργος 112 κυβικά 33,60€',NULL,1,4,269,4),(268,270,'2024-11-17',9618,9485,9485,133,133,133,0,40,7,'Κυρ 17/11/24 Ρεστιβάκη Γεωργία Παπαδημητρόπουλος Χαρίδημος 133 κυβικά 39,90€',NULL,1,55,270,20),(269,271,'2024-11-17',12159,12059,12059,100,100,100,0,40,5,'Κυρ 17/11/24 Ρεστιβάκη Γεωργία Παπαδημητρόπουλος Χαρίδημος 100 κυβικά 40,00€',NULL,4,55,271,20),(270,272,'2024-11-19',9883,9618,9618,265,265,265,0,80,13,'Τρί 19/11/24 Μαρουλάκης Στέλιος 265 κυβικά 79,50€',NULL,1,14,272,14),(271,273,'2024-11-20',12277,12159,12159,118,118,118,0,47,6,'Τετ 20/11/24 Ρεστιβάκη Γεωργία Παπαδημητρόπουλος Χαρίδημος 118 κυβικά 47,20€',NULL,4,55,273,20),(272,274,'2024-11-20',10044,9883,9883,161,161,161,0,48,8,'Τετ 20/11/24 Ρεστιβάκη Γεωργία Παπαδημητρόπουλος Χαρίδημος Μετρητής: Κεντρικό  10044-9883=161 κυβικά 48,30€',NULL,1,55,274,20),(273,275,'2024-11-21',10129,10044,10044,85,85,85,0,26,4,'Πέμ 21/11/24 Μαρουλάκης Ιωάννης Μετρητής: Κεντρικό  10129-10044=85 κυβικά 25,50€',NULL,1,3,275,3),(274,276,'2024-12-01',3779,3482,3482,297,297,297,0,89,15,'Κυρ 01/12/24 Παπαδημητροπούλου Μαρία Νικηφόρου Μετρητής: Γέφυρα  3779-3482=297 κυβικά 89,10€',NULL,2,72,276,42),(275,277,'2024-12-06',19769,19268,19387,501,501,382,0,150,19,'Παρ 06/12/24 Βερβελάκη Άννα Μετρητής: Παπ1 004229ca/99 19769-19268=501 κυβικά 150,30€',NULL,5,10,300,10),(276,278,'2024-12-06',2558,2274,2369,284,284,189,0,85,9,'Παρ 06/12/24 Βερβελάκης Γεώργιος Μετρητής: Μηλ8 FD001619-07 2558-2274=284 κυβικά 85,20€',NULL,6,5,301,5),(277,279,'2024-12-06',1312,1023,1173,289,289,139,0,87,7,'Παρ 06/12/24 Γρυσμπολάκης Δημήτρης Μετρητής: Γεφ15 Fd001444-05 1312-1023=289 κυβικά 86,70€',NULL,7,12,303,12),(278,280,'2024-12-06',229,0,0,229,229,229,0,69,11,'Παρ 06/12/24 Ζώτος Σπύρος Μετρητής: Δεξ1Β 004242CA/99 229-0=229 κυβικά 68,70€',NULL,8,6,304,6),(279,281,'2024-12-06',929,847,848,82,82,81,0,25,4,'Παρ 06/12/24 Ζώτος Σπύρος Μετρητής: Δεξ3 1532010239 929-847=82 κυβικά 24,60€',NULL,9,6,305,6),(280,282,'2024-12-06',651,138,263,513,513,388,0,154,19,'Παρ 06/12/24 Ζώτος Σπύρος Μετρητής: Μηλ1 005303CA/99 651-138=513 κυβικά 153,90€',NULL,10,6,306,6),(281,283,'2024-12-06',6842,6420,6500,422,422,342,0,127,17,'Παρ 06/12/24 Κικάκης Μιχ. τ. Εμμ. Μετρητής: Γεφ20 004308ca/99 6842-6420=422 κυβικά 126,60€',NULL,11,54,307,28),(282,284,'2024-12-06',212,0,38,212,212,174,0,85,9,'Παρ 06/12/24 Μαργαριτάκη Κατινούλα Μετρητής: Μηλ2 006599CA/98 212-0=212 κυβικά 84,80€',NULL,12,73,308,43),(283,285,'2024-12-06',1300,1267,1267,33,33,33,0,10,2,'Παρ 06/12/24 Μαργαριτάκης Μανώλης Μετρητής: Δεξ1 2032010305 1300-1267=33 κυβικά 9,90€',NULL,13,46,309,23),(284,286,'2024-12-06',2172,2022,2074,150,150,98,0,45,5,'Παρ 06/12/24 Μαρουλάκης Ιωάννης Μετρητής: Γεφ2 924803 2172-2022=150 κυβικά 45,00€',NULL,14,3,310,3),(285,287,'2024-12-06',1806,1528,1566,278,278,240,0,83,12,'Παρ 06/12/24 Μαρουλάκης Νικήτας Μετρητής: Μηλ7 1933003191 1806-1528=278 κυβικά 83,40€',NULL,15,74,311,44),(286,288,'2024-12-06',8747,8735,8735,12,12,12,0,4,1,'Παρ 06/12/24 Μαρουλάκης Νικήτας Μετρητής: Τσ4 FC003280-08 8747-8735=12 κυβικά 3,60€',NULL,16,74,312,44),(287,289,'2024-12-06',424,391,395,33,33,29,0,10,1,'Παρ 06/12/24 Μαρουλάκης Στέλιος Μετρητής: Γεφ12 004306ca/99 424-391=33 κυβικά 9,90€',NULL,17,14,313,14),(288,290,'2024-12-06',1765,1553,1577,212,212,188,0,64,9,'Παρ 06/12/24 Μπετεινάκης Κωστής Μετρητής: Δεξ4Α FC000794-06 1765-1553=212 κυβικά 63,60€',NULL,18,68,314,38),(289,291,'2024-12-06',3348,3250,3250,98,98,98,0,29,5,'Παρ 06/12/24 Μπρότσικας Κώστας Μετρητής: Τσ16 536096 3348-3250=98 κυβικά 29,40€',NULL,19,61,315,32),(290,292,'2024-12-06',759,544,584,215,215,175,0,65,9,'Παρ 06/12/24 Παπαδημητρόπουλος Μάνθος Μετρητής: Δεξ1Α 7082411 759-544=215 κυβικά 64,50€',NULL,20,75,316,45),(291,293,'2024-12-06',9404,9128,9128,276,276,276,0,83,14,'Παρ 06/12/24 Παπαδημητροπούλου Καίτη Μετρητής: Τσ1 004135CA/99 9404-9128=276 κυβικά 82,80€',NULL,21,15,317,15),(292,294,'2024-12-06',791,697,713,94,94,78,0,28,4,'Παρ 06/12/24 Παπαδημητροπούλου Κιούση Ερωφίλη Μετρητής: Δεξ4 1532007166 791-697=94 κυβικά 28,20€',NULL,22,76,318,46),(293,295,'2024-12-06',5045,5040,5040,5,5,5,0,2,0,'Παρ 06/12/24 Παπαδημητροπούλου Μαρία Θαλασσινός Γιώργος Μετρητής: Γεφ18 1295-2-528 5045-5040=5 κυβικά 1,50€',NULL,23,4,319,4),(294,296,'2024-12-06',340,305,317,35,35,23,0,14,1,'Παρ 06/12/24 Πατεραντωνάκη Ευαγγελία Μετρητής: Μηλ9 1832012272παλιόνέο 340-305=35 κυβικά 14,00€',NULL,24,77,320,47),(295,297,'2024-12-06',668,529,589,139,139,79,0,56,4,'Παρ 06/12/24 Πατεραντωνάκη Μαρία Μετρητής: Μηλ3 16 025968 668-529=139 κυβικά 55,60€',NULL,25,78,321,48),(296,298,'2024-12-06',890,692,692,198,198,198,0,59,10,'Παρ 06/12/24 Πατιτάκης Γεώργιος Δημητρίου Μετρητής: Τσ12 090559BA/95 890-692=198 κυβικά 59,40€',NULL,26,79,322,49),(297,299,'2024-12-06',1524,1257,1372,267,267,152,0,80,8,'Παρ 06/12/24 Προεστάκη Γλυκερία Μετρητής: Παπ12 7082650 1524-1257=267 κυβικά 80,10€',NULL,27,25,323,21),(298,300,'2024-12-06',393,98,202,295,295,191,0,118,10,'Παρ 06/12/24 Σελί Κατερίνα Μετρητής: Δεξ5Α 2132002569 393-98=295 κυβικά 118,00€',NULL,28,80,324,50),(299,301,'2024-12-06',2446,2371,2429,75,75,17,0,23,1,'Παρ 06/12/24 Σηφάκη Μαρία Μετρητής: Γεφ16 1994-ce002848 2446-2371=75 κυβικά 22,50€',NULL,29,69,325,39),(300,302,'2024-12-06',133,107,116,26,26,17,0,8,1,'Παρ 06/12/24 Σηφάκη Μαρία Μετρητής: Μηλ4 002587ca/99 133-107=26 κυβικά 7,80€',NULL,30,69,326,39),(301,303,'2024-12-06',26259,25965,26033,294,294,226,0,88,11,'Παρ 06/12/24 Σηφάκη Μαρία Μετρητής: Παπ10 004230ca/99 26259-25965=294 κυβικά 88,20€',NULL,31,69,327,39),(302,304,'2024-12-06',687,576,609,111,111,78,0,33,4,'Παρ 06/12/24 Στεφανάκης Μιχάλης Μετρητής: Γεφ17 44952170 687-576=111 κυβικά 33,30€',NULL,32,81,328,51),(303,305,'2024-12-06',1643,1344,1452,299,299,191,0,90,10,'Παρ 06/12/24 Στεφανάκης Μιχάλης Μετρητής: Γεφ19 12-023779 1643-1344=299 κυβικά 89,70€',NULL,33,81,329,51),(304,306,'2024-12-06',5478,5368,5368,110,110,110,0,33,6,'Παρ 06/12/24 Τσαγκαράκη Χαρούλα Μετρητής: Τσ10 093241CA/95 5478-5368=110 κυβικά 33,00€',NULL,34,82,330,52),(305,307,'2024-12-06',3444,3078,3148,366,366,296,0,110,15,'Παρ 06/12/24 Χατζονικολάκης Δημήτριος Γεωργίου Μετρητής: Δεξ2 16 018269 3444-3078=366 κυβικά 109,80€',NULL,35,83,331,53),(306,308,'2024-04-29',523230,523201,NULL,29,NULL,NULL,0,NULL,NULL,'ΑΠΩΛΕΙΑ, 2024-04-29, 523230 - 523201 = 29 κυβικά, 0.00€',NULL,1,NULL,333,25),(307,309,'2024-05-13',525981,525727,NULL,254,NULL,NULL,0,NULL,NULL,'ΑΠΩΛΕΙΑ, 2024-05-13, 525981 - 525727 = 254 κυβικά, 0.00€',NULL,1,NULL,332,25),(308,310,'2025-05-04',10320,10129,NULL,191,191,191,0,57,10,'Τουλουπάκη Άννα Εμμανουήλ, 2025-05-04, 10320 - 10129 = 191 κυβικά, 57.30€',NULL,1,NULL,277,11),(309,311,'2025-05-07',10480,10320,NULL,160,160,160,0,48,8,'Russi Bilal(Χρήστος), 2025-05-07, 10480 - 10320 = 160 κυβικά, 48.00€',NULL,1,NULL,278,2),(310,312,'2025-05-09',10780,10480,NULL,300,300,300,0,90,15,'Κικάκης Μιχ. Ιωάννου, 2025-05-09, 10780 - 10480 = 300 κυβικά, 90.00€',NULL,1,NULL,279,7),(311,313,'2025-05-10',11038,10870,NULL,168,168,168,0,50,8,'Βερβελάκης Γεώργιος Νικολάου, 2025-05-10, 11038 - 10870 = 168 κυβικά, 50.40€',NULL,1,NULL,281,5),(312,314,'2025-05-09',10870,10780,NULL,90,90,90,0,27,5,'Σηφάκη-Κοκινάκη Μαρία Ιωάννου, 2025-05-09, 10870 - 10780 = 90 κυβικά, 27.00€',NULL,1,NULL,280,39),(313,315,'2025-05-12',11410,11038,NULL,372,372,372,0,112,19,'Χατζοβασιλάκη(Τζώρτζη) Μαρία Δημητρίου, 2025-05-12, 11410 - 11038 = 372 κυβικά, 111.60€',NULL,1,NULL,282,13),(314,316,'2025-05-13',11550,11410,NULL,140,140,140,0,42,7,'Μαρουλάκης Ιωάννης Νικολάου, 2025-05-13, 11550 - 11410 = 140 κυβικά, 42.00€',NULL,1,NULL,283,3),(315,317,'2025-05-15',12130,11550,NULL,580,580,580,0,174,29,'Βαρδάκης Εμμανουήλ Ματθαίου, 2025-05-18, 12130 - 11550 = 580 κυβικά, 174.00€',NULL,1,NULL,284,17),(316,318,'2025-05-16',12240,12130,NULL,110,110,110,0,33,6,'Lleshi Denis(Αντώνης) Kaplan, 2025-05-16, 12240 - 12130 = 110 κυβικά, 33.00€',NULL,1,NULL,285,104),(317,319,'2025-05-16',12310,12240,NULL,70,70,70,0,21,4,'Μαργαριτάκης Εμμανουήλ Ιωάννου, 2025-05-16, 12240 - 12130 = 70 κυβικά, 21.00€',NULL,1,NULL,286,23),(318,320,'2025-05-17',3934,3779,NULL,155,155,155,0,47,8,'Προεστάκη(Χατζονικολάκη) Γλυκερία Ιωάννου, 2025-05-17, 3934 - 3779 = 155 κυβικά, 46.50€',NULL,2,NULL,287,21),(319,321,'2025-05-19',12570,12240,NULL,330,330,330,0,99,17,'Πατιτάκης Εμμανουήλ Γεωργίου, 2025-05-19, 12570 - 12240 = 330 κυβικά, 99.00€',NULL,1,NULL,288,8),(320,322,'2025-05-20',12650,12570,NULL,80,80,80,0,24,4,'Russi Bilal(Χρήστος) None, 2025-05-20, 12650 - 12570 = 80 κυβικά, 24.00€',NULL,1,NULL,289,2),(321,323,'2025-05-21',4027,3934,NULL,93,93,93,0,28,5,'Βασιλάκη-Μηλιαράκη Άννα Ιωάννου, 2025-05-21, 4027 - 3934 = 93 κυβικά, 27.90€',NULL,2,NULL,290,71),(322,324,'2025-05-22',12926,12650,NULL,276,276,276,0,83,14,'Βερβελάκης Γεώργιος Νικολάου, 2025-05-22, 12926 - 12650 = 276 κυβικά, 82.80€',NULL,1,NULL,291,5),(323,325,'2025-05-25',13060,12926,NULL,134,134,134,0,40,7,'Πατιτάκης Γεώργιος Εμμανουήλ, 2025-05-25, 13060 - 12926 = 134 κυβικά, 40.20€',NULL,1,NULL,292,18),(324,326,'2025-05-26',13130,13060,NULL,70,70,70,0,21,4,'Βερβελάκης Εμμανουήλ Νικολάου, 2025-05-26, 13130 - 13060 = 70 κυβικά, 21.00€',NULL,1,NULL,293,31),(325,327,'2025-05-26',16820,16741,NULL,79,79,79,0,24,4,'Βερβελάκης Εμμανουήλ Νικολάου, 2025-05-26, 16820 - 16741 = 79 κυβικά, 23.70€',NULL,3,NULL,294,31),(326,328,'2025-05-26',4120,4027,NULL,93,93,93,0,28,5,'Russi Bilal(Χρήστος) None, 2025-05-26, 4120 - 4027 = 93 κυβικά, 27.90€',NULL,2,NULL,295,2),(327,329,'2025-05-27',13320,13130,NULL,190,190,190,0,57,10,'Russi Adem(Ανδρέας) None, 2025-05-27, 13320 - 13130 = 190 κυβικά, 57.00€',NULL,1,NULL,296,1),(328,330,'2024-05-23',13320,13320,NULL,0,55,0,0,17,0,'Μαρουλάκης Στυλιανός Γεωργίου, 2024-05-23, 13320 - 13320 = 55 κυβικά, 16.5€',NULL,1,NULL,70,14),(329,331,'2024-05-25',13320,13320,NULL,0,8,0,0,2,0,'Χατζοβασιλάκη(Τζώρτζη) Μαρία Δημητρίου, 2024-05-25, 13320 - 13320 = 8 κυβικά, 2.4€',NULL,1,NULL,121,13),(330,332,'2025-05-28',13550,13320,NULL,230,230,230,0,69,12,'Προεστάκη(Χατζονικολάκη) Γλυκερία Ιωάννου, 2025-05-28, 13550 - 13320 = 230 κυβικά, 69.00€',NULL,1,NULL,297,21),(331,333,'2025-05-29',13840,13550,NULL,290,290,290,0,87,15,'Ρεστιβάκη(Παπαδημητροπούλου) Γεωργία Μιχαήλ, 2025-05-29, 13840 - 13550 = 290 κυβικά, 87.00€',NULL,1,NULL,298,20),(332,334,'2025-05-30',13970,13840,NULL,130,130,130,1,65,7,'Plakut Nikos None, 2025-05-30, 13970 - 13840 = 130 κυβικά, 65.00€',NULL,1,NULL,299,19),(333,335,'2023-12-31',2274,2067,NULL,207,207,207,0,57,NULL,'Βερβελάκης Γεώργιος Νικολάου, 2023-12-31, 2274 - 2067 = 207 κυβικά, 57.47€',NULL,6,NULL,302,5),(334,336,'2023-12-31',4120,4120,NULL,0,1159,0,0,232,0,NULL,NULL,2,NULL,334,71),(335,337,'2023-12-31',3078,1254,NULL,1824,1824,1824,0,310,NULL,NULL,NULL,35,NULL,335,53),(336,338,'2023-12-31',305,133,NULL,172,172,172,0,58,NULL,'Πατεραντωνάκη Ευαγγελία, 2023-12-31, 305 - 133 = 172 κυβικά, 57.67€',NULL,24,NULL,336,47),(337,339,'2023-12-31',529,274,NULL,255,255,255,0,85,NULL,'Πατεραντωνάκη(Οικονομάκη) Μαρία Αποστόλου, 2023-12-31, 529 - 274 = 255 κυβικά, 85€',NULL,25,NULL,337,48),(338,340,'2023-12-31',1347,1327,NULL,20,20,20,0,4,NULL,'Βασιλάκης Ιωάννης Εμμανουήλ, 2023-12-31, 1347 - 1327 = 20 κυβικά, 4.00€',NULL,36,NULL,338,105),(339,341,'2024-04-08',19268,13316,NULL,5952,5952,5952,0,1306,NULL,'Βερβελάκη(Ψυλάκη) Άννα Εμμανουήλ, 2024-04-08, 19268 - 13316 = 5952 κυβικά, 1305.6€',NULL,5,NULL,365,10),(340,342,'2024-04-06',1023,302,NULL,721,721,721,0,91,NULL,'Γρυσμπολάκης Δημήτρης Εμμανουήλ, 2024-04-06, 1023 - 302 = 721 κυβικά, 91.37€ πλήρωσε και με την 5159',NULL,7,NULL,364,12),(341,343,'2024-06-10',1549,1476,NULL,73,73,73,0,15,NULL,'Θεοδοσάκη-Στεφανάκη Σοφία Χαρίδημου, 2024-06-10, 1549 - 1476 = 73 κυβικά, 14.85€',NULL,37,NULL,363,89),(342,344,'2024-04-06',6420,4444,NULL,1976,1976,1976,0,444,NULL,'Κικάκης Μιχαήλ Εμμανουήλ, 2024-04-06, 6420 - 4444 = 1976 κυβικά, 444.25€',NULL,11,NULL,362,28),(343,345,'2024-04-08',1267,1056,NULL,211,211,NULL,0,63,NULL,'Μαργαριτάκης Εμμανουήλ Ιωάννου, 2024-04-08, 1267 - 1056 = 211 κυβικά, 63.30€',NULL,13,NULL,361,23),(344,346,'2024-04-06',2022,1679,NULL,343,343,343,0,85,NULL,'Μαρουλάκης Ιωάννης Νικολάου, 2024-4-6, 2022 - 1679 = 343 κυβικά, 85.17€',NULL,14,NULL,360,3),(345,347,'2024-04-08',1528,943,NULL,585,585,585,0,159,NULL,'Μαρουλάκης Νικήτας Νικολάου, 2024-4-8, 1528 - 943 = 585 κυβικά, 159.1€',NULL,15,NULL,359,44),(346,348,'2024-06-10',8735,4850,NULL,3885,3885,NULL,0,894,NULL,'Μαρουλάκης Νικήτας Νικολάου, 2024-6-10, 8735 - 4850 = 3885 κυβικά, 893.55€',NULL,16,NULL,358,44),(347,349,'2024-04-06',391,386,NULL,5,5,5,0,1,NULL,'Μαρουλάκης Στυλιανός Γεωργίου, 2024-4-6, 391 - 386 = 5 κυβικά, 1.40€',NULL,17,NULL,357,14),(348,350,'2024-06-10',4366,4333,NULL,33,33,33,0,8,NULL,'Μαρουλάκης Στυλιανός Γεωργίου, 2024-6-10, 4366 - 4333 = 33 κυβικά, 8.1€',NULL,38,NULL,356,14),(349,351,'2024-04-08',1553,1549,NULL,4,4,NULL,0,1,NULL,'Μπετεινάκης Κωνσταντίνος Νικολάου, 2024-4-8, 1553 - 1549 = 4 κυβικά, 1.20€',NULL,18,NULL,355,38),(350,352,'2024-04-06',182,145,NULL,37,37,37,0,7,NULL,'Μπετεινάκης Κωνσταντίνος Νικολάου, 2024-4-6, 182 - 145 = 37 κυβικά, 7.40€',NULL,39,NULL,354,38),(351,353,'2024-06-10',3250,2698,NULL,552,552,552,0,140,NULL,'Μπρότσικας Κώστας None, 2024-6-10, 3250 - 2698 = 552 κυβικά, 139.6€',NULL,19,NULL,353,32),(352,354,'2024-04-08',544,400,NULL,144,144,144,0,35,NULL,'Παπαδημητρόπουλος Μάνθος Νικηφόρου, 2024-4-8, 544 - 400 = 144 κυβικά, 35.27€',NULL,20,NULL,352,45),(353,355,'2024-06-10',692,248,NULL,444,444,444,0,112,NULL,'Πατιτάκης Γεώργιος Εμμανουήλ, 2024-6-10, 692 - 248 = 444 κυβικά, 112.37€',NULL,26,NULL,351,18),(354,356,'2024-04-08',98,290,NULL,248,248,NULL,0,74,NULL,'Τσικρικωνάκη Κατερίνα (Σελί), 2024-4-8, 98νέο + 150παλιό ρολόι = 248 κυβικά, 74.4€',NULL,28,NULL,350,50),(355,357,'2024-04-08',847,0,NULL,847,847,NULL,0,195,NULL,'Ζώτος Σπύρος, 2024-4-8, 847 - 0 = 847 κυβικά, 195.10€',NULL,9,NULL,349,6),(356,358,'2024-04-08',138,0,NULL,138,138,138,0,39,NULL,'Ζώτος Σπύρος, 2024-4-8, 138 - 0 = 138 κυβικά, 38.80€',NULL,8,NULL,348,6),(357,359,'2024-04-08',25965,24376,NULL,1589,1589,NULL,0,350,NULL,'Σηφάκη(Κοκκινάκη) Μαρία Ιωάννου, 2024-4-8, 25965 - 24376 = 1589 κυβικά, 350.47€',NULL,31,NULL,347,39),(358,360,'2024-04-08',107,58,NULL,49,49,NULL,0,13,NULL,'Σηφάκη(Κοκκινάκη) Μαρία Ιωάννου, 2024-4-8, 107 - 58 = 49 κυβικά, 13.07€',NULL,30,NULL,346,39),(359,361,'2024-04-06',2371,2019,NULL,352,352,352,0,82,NULL,'Σηφάκη(Κοκκινάκη) Μαρία Ιωάννου, 2024-4-6, 2371 - 2019 = 352 κυβικά, 81.65€',NULL,29,NULL,345,39),(360,362,'2024-04-06',576,160,NULL,416,416,416,0,104,NULL,'Στεφανάκης Μιχαήλ Ιωάννου, 2024-4-6, 576 - 160 = 416 κυβικά, 104.40€',NULL,32,NULL,344,51),(361,363,'2024-04-06',1344,1025,NULL,319,319,319,0,83,NULL,'Στεφανάκης Μιχαήλ Ιωάννου, 2024-4-6, 1344 - 1025 = 319 κυβικά, 82.55€',NULL,33,NULL,343,51),(362,364,'2024-06-10',4767,4756,NULL,11,11,11,0,2,NULL,'Στεφανάκης Χαρίδημος Εμμανουήλ, 2024-6-10, 4767 - 4756 = 11 κυβικά, 2.20€',NULL,43,NULL,342,64),(363,365,'2024-06-10',166,139,NULL,27,27,27,0,7,NULL,'Συγγελάκη Αικατερίνη Νικολάου, 2024-06-10, 166 - 139 = 27 κυβικά, 6.75€',NULL,42,NULL,341,106),(364,366,'2024-06-10',5368,5271,NULL,97,97,NULL,0,29,NULL,'Τσαγκαράκη(Αλεξάκη) Χαρούλα Εμμανουήλ, 2024-06-10, 5368 - 5271 = 97 κυβικά, 29.10€',NULL,34,NULL,340,52),(365,367,'2024-04-08',1045,859,NULL,186,186,186,0,37,NULL,'Χατζοβασιλάκης Δημήτριος Ιωάννου, 2024-04-08, 1045 - 859 = 186 κυβικά, 37.20€',NULL,52,NULL,339,55),(366,368,'2025-05-31',14160,13970,NULL,190,190,190,0,57,10,'Κακλαμάνου(Μηλιαράκη) Αικατερίνη Ιωάννου, 2025-05-31, 14160 - 13970 = 190 κυβικά, 57.00€',NULL,1,NULL,366,36),(367,369,'2025-06-01',14401,14160,NULL,241,241,241,0,72,12,'Τουλουπάκη(Καλέμη) Άννα Εμμανουήλ, 2025-06-01, 14401 - 14160 = 241 κυβικά, 72.30€',NULL,1,NULL,367,11),(368,370,'2025-06-04',15080,14401,NULL,679,679,679,0,204,34,'Βερβελάκη Ευαγγελία Εμμανουήλ, 2025-06-04, 15080 - 14401 = 679 κυβικά, 203.70€',NULL,1,NULL,368,109),(369,371,'2025-06-05',15274,15080,NULL,194,194,194,0,58,10,'Βερβελάκης Γεώργιος Νικολάου, 2025-06-05, 15274 - 15080 = 194 κυβικά, 58.20€',NULL,1,NULL,369,5),(370,372,'2025-06-06',4188,4120,NULL,68,68,68,0,20,3,'Russi Adem(Ανδρέας) None, 2025-06-06, 4188 - 4120 = 68 κυβικά, 20.40€',NULL,2,NULL,370,1),(371,373,'2025-06-07',15581,15274,NULL,307,307,307,0,92,15,'Russi Bilal(Χρήστος) None, 2025-06-07, 15581 - 15274 = 307 κυβικά, 92.10€',NULL,1,NULL,371,2),(372,374,'2025-06-08',15840,15581,NULL,259,259,259,0,78,13,'Πατιτάκης Γεώργιος Εμμανουήλ, 2025-06-08, 15840 - 15581 = 259 κυβικά, 77.70€',NULL,1,NULL,372,18),(373,375,'2025-06-09',15980,15840,NULL,140,140,140,0,42,7,'Παπαδημητροπούλου(Θαλασσινού) Μαρία Νικολάου, 2025-06-09, 15980 - 15840 = 140 κυβικά, 42.00€',NULL,1,NULL,373,4),(374,376,'2025-06-09',16050,15980,NULL,70,70,70,0,21,4,'Παπαδημητρόπουλος Γεώργιος Άγγελου, 2025-06-09, 16050 - 15980 = 70 κυβικά, 21.00€',NULL,1,NULL,374,22),(375,377,'2025-06-10',16282,16050,NULL,232,232,232,0,70,12,'Κικάκης Μιχαήλ Ιωάννου, 2025-06-10, 16282 - 16050 = 232 κυβικά, 69.60€',NULL,1,NULL,375,7),(376,378,'2025-06-11',16580,16282,NULL,298,298,298,0,89,15,'Μαρουλάκης Στυλιανός Γεωργίου, 2025-06-11, 16580 - 16282 = 298 κυβικά, 89.40€',NULL,1,NULL,376,14),(377,379,'2025-06-12',16776,16580,NULL,196,196,196,0,59,10,'Μαρουλάκης Ιωάννης Νικολάου, 2025-06-12, 16776 - 16580 = 196 κυβικά, 58.80€',NULL,1,NULL,377,3),(378,380,'2025-06-13',16846,16776,NULL,70,70,70,0,21,4,'Χατζοβασιλάκη Δανάη Δημητρίου, 2025-06-13, 16846 - 16776 = 70 κυβικά, 21.00€',NULL,1,NULL,378,29),(379,381,'2025-06-14',17119,16846,NULL,273,273,273,0,82,14,'Πατιτάκης Γεώργιος Εμμανουήλ, 2025-06-14, 17119 - 16846 = 273 κυβικά, 81.90€',NULL,1,NULL,379,18),(380,382,'2025-06-15',17480,17119,NULL,361,361,361,0,108,18,'Παπαδημητροπούλου(Χρηστάκη) Μαρία Νικηφόρου, 2025-06-15, 17480 - 17119 = 361 κυβικά, 108.30€',NULL,1,NULL,380,42),(381,383,'2025-06-16',17503,17480,NULL,23,23,23,0,7,1,'Ζώτος Σπύρος, 2025-06-16, 17503 - 17480 = 23 κυβικά, 6.90€',NULL,1,NULL,381,6),(382,384,'2025-06-16',17573,17503,NULL,70,70,70,1,35,4,'Γρυνιεζάκης Δημήτρης, 2025-06-16, 17573 - 17503 = 70 κυβικά, 35.00€',NULL,1,NULL,382,24),(383,385,'2025-06-17',17731,17573,NULL,158,158,158,0,47,8,'Ζώτος Σπύρος, 2025-06-17, 17731 - 17573 = 158 κυβικά, 47.40€',NULL,1,NULL,383,6),(384,386,'2025-06-17',17833,17731,NULL,102,102,102,0,31,5,'Σηφάκη(Κοκκινάκη) Μαρία Ιωάννου, 2025-06-17, 17833 - 17731 = 102 κυβικά, 30.60€',NULL,1,NULL,384,39),(385,387,'2025-06-17',17954,17833,NULL,121,121,121,0,36,6,'Lleshi Denis(Αντώνης) Kaplan, 2025-06-17, 17954 - 17833 = 121 κυβικά, 36.30€',NULL,1,NULL,385,104),(386,388,'2025-06-18',18160,17954,NULL,206,206,206,0,62,10,'Ζώτος Σπύρος, 2025-06-18, 18160 - 17954 = 206 κυβικά, 61.80€',NULL,1,NULL,386,6),(387,389,'2025-06-18',18231,18160,NULL,71,71,71,0,21,4,'Μαργαριτάκης Εμμανουήλ Ιωάννου, 2025-06-18, 18231 - 18160 = 71 κυβικά, 21.30€',NULL,1,NULL,387,23),(388,390,'2025-06-19',18458,18231,NULL,227,227,227,0,68,11,'Βερβελάκης Γεώργιος Νικολάου, 2025-06-24, 18458 - 18231 = 227 κυβικά, 68.10€',NULL,1,NULL,388,5),(389,391,'2025-06-20',18496,18458,NULL,38,38,38,0,11,2,'Βερβελάκη Ευαγγελία Εμμανουήλ, 2025-06-20, 18496 - 18458 = 38 κυβικά, 11.40€',NULL,1,NULL,389,109),(390,392,'2025-06-21',18851,18496,NULL,355,355,355,0,107,18,'Χατζοβασιλάκη(Τζώρτζη) Μαρία Δημητρίου, 2025-06-21, 18851 - 18496 = 355 κυβικά, 106.50€',NULL,1,NULL,390,13),(391,393,'2025-06-22',19310,18851,NULL,459,459,459,0,138,23,'Βαρδάκης Εμμανουήλ Ματθαίου, 2025-06-22, 19310 - 18851 = 459 κυβικά, 137.70€',NULL,1,NULL,391,17),(392,394,'2025-06-23',12145,11924,NULL,221,221,221,0,88,11,'Ρεστιβάκη(Παπαδημητροπούλου) Γεωργία Μιχαήλ, 2025-06-23, 12145 - 11924 = 221 κυβικά, 88.40€',NULL,4,NULL,392,20),(393,395,'2025-06-24',19583,19310,NULL,273,273,273,0,82,14,'Χατζοβασιλάκη Κατερίνα Δημητρίου, 2025-06-24, 19583 - 19310 = 273 κυβικά, 81.90€',NULL,1,NULL,393,16),(394,396,'2025-06-25',19851,19583,NULL,268,268,268,0,80,13,'Κακλαμάνου(Μηλιαράκη) Αικατερίνη Ιωάννου, 2025-06-25, 19851 - 19583 = 268 κυβικά, 80.40€',NULL,1,NULL,394,36),(395,397,'2025-06-26',20066,19851,NULL,215,215,215,0,65,11,'Τουλουπάκη(Καλέμη) Άννα Εμμανουήλ, 2025-06-26, 20066 - 19851 = 215 κυβικά, 64.50€',NULL,1,NULL,395,11),(396,398,'2025-06-27',20265,20066,NULL,199,199,199,0,60,10,'Προεστάκη(Χατζονικολάκη) Γλυκερία Ιωάννου, 27-06-2025, 20265 - 20066 = 199 κυβικά, 59.70€',NULL,1,NULL,396,21),(397,399,'2025-06-27',4378,4188,NULL,190,190,190,0,57,10,'Παπαδημητροπούλου(Βερβελάκη) Αικατερίνη Εμμανουήλ, 27-06-2025, 4378 - 4188 = 190 κυβικά, 57.00€',NULL,2,NULL,397,15),(398,400,'2025-06-28',20561,20265,NULL,296,296,296,0,89,15,'Ρεστιβάκη(Παπαδημητροπούλου) Γεωργία Μιχαήλ, 28-06-2025, 20561 - 20265 = 296 κυβικά, 88.80€',NULL,1,NULL,398,20),(399,401,'2025-06-29',20879,20561,NULL,318,318,318,0,95,16,'Russi Bilal(Χρήστος) None, 29-06-2025, 20879 - 20561 = 318 κυβικά, 95.40€',NULL,1,NULL,NULL,2),(400,402,'2025-06-30',21119,20879,NULL,240,240,240,0,72,12,'Russi Adem(Ανδρέας) None, 30-06-2025, 21119 - 20879 = 240 κυβικά, 72.00€',NULL,1,NULL,NULL,1),(401,403,'2025-06-30',21287,21119,NULL,168,168,168,0,50,8,'Πατιτάκης Εμμανουήλ Γεωργίου, 30-06-2025, 21287 - 21119 = 168 κυβικά, 50.40€',NULL,1,NULL,NULL,8),(402,404,'2025-07-02',22017,21287,NULL,730,730,730,0,219,37,'Βερβελάκη Ευαγγελία Εμμανουήλ, 02-07-2025, 22017 - 21287 = 730 κυβικά, 219.00€',NULL,1,NULL,NULL,109),(403,405,'2025-07-03',22295,22017,NULL,278,278,278,0,83,14,'Βερβελάκης Γεώργιος Νικολάου, 03-07-2025, 22295 - 22017 = 278 κυβικά, 83.40€',NULL,1,NULL,399,5),(404,406,'2025-07-04',22399,22295,NULL,104,104,104,0,31,5,'Ζώτος Σπύρος, 04-07-2025, 22399 - 22295 = 104 κυβικά, 31.20€',NULL,1,NULL,NULL,6),(405,407,'2025-07-04',22534,22399,NULL,135,135,135,0,41,7,'Μαργαριτάκης Εμμανουήλ Ιωάννου, 04-07-2025, 22534 - 22399 = 135 κυβικά, 40.50€',NULL,1,NULL,NULL,23),(406,408,'2025-07-05',22844,22534,NULL,310,310,310,0,93,16,'Ζώτος Σπύρος, 05-07-2025, 22844 - 22534 = 310 κυβικά, 93.00€',NULL,1,NULL,NULL,6),(407,409,'2025-07-06',23013,22844,NULL,169,169,169,0,51,8,'Παπαδημητροπούλου(Θαλασσινού) Μαρία Νικολάου, 06-07-2025, 23013 - 22844 = 169 κυβικά, 50.70€',NULL,1,NULL,NULL,4),(408,410,'2025-07-06',23132,23013,NULL,119,119,119,0,36,6,'Lleshi Denis(Αντώνης) Kaplan, 06-07-2025, 23132 - 23013 = 119 κυβικά, 35.70€',NULL,1,NULL,NULL,104),(409,411,'2025-07-07',23287,23132,NULL,155,155,155,1,78,8,'Plakut Nikos None, 07-07-2025, 23287 - 23132 = 155 κυβικά, 77.50€',NULL,1,NULL,NULL,19),(410,412,'2025-07-08',23409,23287,NULL,122,122,122,0,37,6,'Πιτροπάκης Βασίλειος Γεωργίου, 08-07-2025, 23409 - 23287 = 122 κυβικά, 36.60€',NULL,1,NULL,NULL,95),(411,413,'2025-07-08',23522,23409,NULL,113,113,113,0,34,6,'Πιτροπάκης Γεώργιος Νικολάου, 08-07-2025, 23522 - 23409 = 113 κυβικά, 33.90€',NULL,1,NULL,NULL,35),(412,414,'2025-07-08',23522,23522,NULL,0,0,0,0,0,0,'Απώλεια None None, 08-07-2025, 23522 - 23522 = 0 κυβικά, 0.00€',NULL,1,NULL,NULL,25),(413,415,'2025-07-09',23889,23522,NULL,367,367,367,0,110,18,'Πατιτάκης Γεώργιος Εμμανουήλ, 09-07-2025, 23889 - 23522 = 367 κυβικά, 110.10€',NULL,1,NULL,NULL,18),(414,416,'2025-07-09',4563,4378,NULL,185,185,185,1,93,9,'Βασιλάκης Ιωάννης Νικολάου, 09-07-2025, 4563 - 4378 = 185 κυβικά, 92.50€',NULL,2,NULL,NULL,9),(415,417,'2025-07-10',4829,4563,NULL,266,266,266,0,80,13,'Βασιλάκη-Μηλιαράκη Άννα Ιωάννου, 10-07-2025, 4829 - 4563 = 266 κυβικά, 79.80€',NULL,2,NULL,NULL,71),(416,418,'2025-07-11',4913,4829,NULL,84,84,84,0,25,4,'Russi Adem(Ανδρέας) None, 11-07-2025, 4913 - 4829 = 84 κυβικά, 25.20€',NULL,2,NULL,NULL,1),(417,419,'2025-07-09',23930,23889,NULL,41,41,41,0,12,2,'Παπαδημητρόπουλος Γεώργιος Άγγελου, 9-07-2025, 23930 - 23889 = 41 κυβικά, 12.30€',NULL,1,NULL,NULL,22),(418,420,'2025-07-10',24177,23930,NULL,247,247,247,0,74,12,'Κικάκης Μιχαήλ Ιωάννου, 10-07-2025, 24177 - 23930 = 247 κυβικά, 74.10€',NULL,1,NULL,NULL,7),(419,421,'2025-07-12',24652,24177,NULL,475,475,475,0,143,24,'Ζώτος Σπύρος, 12-07-2025, 24652 - 24177 = 475 κυβικά, 142.50€',NULL,1,NULL,NULL,6),(420,422,'2025-07-12',24696,24652,NULL,44,44,44,0,13,2,'Βερβελάκη Ευαγγελία Εμμανουήλ, 12-07-2025, 24696 - 24652 = 44 κυβικά, 13.20€',NULL,1,NULL,NULL,109),(421,423,'2025-07-12',24896,24696,NULL,200,200,200,0,60,10,'Βαρδάκης Εμμανουήλ Ματθαίου, 12-07-2025, 24896 - 24696 = 200 κυβικά, 60.00€',NULL,1,NULL,NULL,17),(422,424,'2025-07-09',16914,16820,NULL,94,94,94,0,28,5,'Βερβελάκη Ευαγγελία Εμμανουήλ, 09-07-2025, 16914 - 16820 = 94 κυβικά, 28.20€',NULL,3,NULL,NULL,109),(423,425,'2025-07-14',25214,24896,NULL,318,318,318,0,95,16,'Russi Bilal(Χρήστος) None, 14-07-2025, 25214 - 24896 = 318 κυβικά, 95.40€',NULL,1,NULL,NULL,2),(424,426,'2025-07-14',4998,4913,NULL,85,85,85,0,26,4,'Russi Bilal(Χρήστος) None, 14-07-2025, 4998 - 4913 = 85 κυβικά, 25.50€',NULL,2,NULL,NULL,2),(425,427,'2025-07-13',12414,12145,NULL,269,269,269,0,108,13,'Ρεστιβάκη(Παπαδημητροπούλου) Γεωργία Μιχαήλ, 13-07-2025, 12414 - 12145 = 269 κυβικά, 107.60€',NULL,4,NULL,NULL,20),(426,428,'2025-07-14',16947,16914,NULL,33,33,33,0,10,2,'Μπρότσικας Κώστας None, 14-07-2025, 16947 - 16914 = 33 κυβικά, 9.90€',NULL,3,NULL,NULL,32),(427,429,'2025-07-15',25402,25214,NULL,188,188,188,0,56,9,'Μαρουλάκης Ιωάννης Νικολάου, 15-07-2025, 25402 - 25214 = 188 κυβικά, 56.40€',NULL,1,NULL,NULL,3),(428,430,'2025-07-15',25486,25402,NULL,84,84,84,0,25,4,'Χατζοβασιλάκη Δανάη Δημητρίου, 15-07-2025, 25486 - 25402 = 84 κυβικά, 25.20€',NULL,1,NULL,NULL,29),(429,431,'2025-07-15',25561,25486,NULL,75,75,75,0,23,4,'Πατιτάκης Εμμανουήλ Γεωργίου, 15-07-2025, 25561 - 25486 = 75 κυβικά, 22.50€',NULL,1,NULL,NULL,8),(430,432,'2025-07-16',25897,25561,NULL,336,336,336,0,101,17,'Μαρουλάκης Στυλιανός Γεωργίου, 16-07-2025, 25897 - 25561 = 336 κυβικά, 100.80€',NULL,1,NULL,NULL,14),(431,433,'2025-07-17',26252,25897,NULL,355,355,355,0,107,18,'Βερβελάκης Γεώργιος Νικολάου, 17-07-2025, 26252 - 25897 = 355 κυβικά, 106.50€',NULL,1,NULL,NULL,5),(432,434,'2025-07-18',26520,26252,NULL,268,268,268,0,80,13,'Τουλουπάκη(Καλέμη) Άννα Εμμανουήλ, 18-07-2025, 26520 - 26252 = 268 κυβικά, 80.40€',NULL,1,NULL,NULL,11),(433,435,'2025-07-19',26770,26520,NULL,250,250,250,0,75,13,'Χατζοβασιλάκη Κατερίνα Δημητρίου, 19-07-2025, 26770 - 26520 = 250 κυβικά, 75.00€',NULL,1,NULL,NULL,16);
/*!40000 ALTER TABLE `synet_watercons` ENABLE KEYS */;
UNLOCK TABLES;
/*!40103 SET TIME_ZONE=@OLD_TIME_ZONE */;

/*!40101 SET SQL_MODE=@OLD_SQL_MODE */;
/*!40014 SET FOREIGN_KEY_CHECKS=@OLD_FOREIGN_KEY_CHECKS */;
/*!40014 SET UNIQUE_CHECKS=@OLD_UNIQUE_CHECKS */;
/*!40101 SET CHARACTER_SET_CLIENT=@OLD_CHARACTER_SET_CLIENT */;
/*!40101 SET CHARACTER_SET_RESULTS=@OLD_CHARACTER_SET_RESULTS */;
/*!40101 SET COLLATION_CONNECTION=@OLD_COLLATION_CONNECTION */;
/*!40111 SET SQL_NOTES=@OLD_SQL_NOTES */;

-- Dump completed on 2025-07-20 14:26:13
