BEGIN TRANSACTION;
DROP TABLE IF EXISTS "django_migrations";
CREATE TABLE IF NOT EXISTS "django_migrations" (
	"id"	integer NOT NULL,
	"app"	varchar(255) NOT NULL,
	"name"	varchar(255) NOT NULL,
	"applied"	datetime NOT NULL,
	PRIMARY KEY("id" AUTOINCREMENT)
);
DROP TABLE IF EXISTS "auth_group_permissions";
CREATE TABLE IF NOT EXISTS "auth_group_permissions" (
	"id"	integer NOT NULL,
	"group_id"	integer NOT NULL,
	"permission_id"	integer NOT NULL,
	PRIMARY KEY("id" AUTOINCREMENT),
	FOREIGN KEY("permission_id") REFERENCES "auth_permission"("id") DEFERRABLE INITIALLY DEFERRED,
	FOREIGN KEY("group_id") REFERENCES "auth_group"("id") DEFERRABLE INITIALLY DEFERRED
);
DROP TABLE IF EXISTS "auth_user_groups";
CREATE TABLE IF NOT EXISTS "auth_user_groups" (
	"id"	integer NOT NULL,
	"user_id"	integer NOT NULL,
	"group_id"	integer NOT NULL,
	PRIMARY KEY("id" AUTOINCREMENT),
	FOREIGN KEY("user_id") REFERENCES "auth_user"("id") DEFERRABLE INITIALLY DEFERRED,
	FOREIGN KEY("group_id") REFERENCES "auth_group"("id") DEFERRABLE INITIALLY DEFERRED
);
DROP TABLE IF EXISTS "auth_user_user_permissions";
CREATE TABLE IF NOT EXISTS "auth_user_user_permissions" (
	"id"	integer NOT NULL,
	"user_id"	integer NOT NULL,
	"permission_id"	integer NOT NULL,
	PRIMARY KEY("id" AUTOINCREMENT),
	FOREIGN KEY("permission_id") REFERENCES "auth_permission"("id") DEFERRABLE INITIALLY DEFERRED,
	FOREIGN KEY("user_id") REFERENCES "auth_user"("id") DEFERRABLE INITIALLY DEFERRED
);
DROP TABLE IF EXISTS "django_admin_log";
CREATE TABLE IF NOT EXISTS "django_admin_log" (
	"id"	integer NOT NULL,
	"object_id"	text,
	"object_repr"	varchar(200) NOT NULL,
	"action_flag"	smallint unsigned NOT NULL CHECK("action_flag" >= 0),
	"change_message"	text NOT NULL,
	"content_type_id"	integer,
	"user_id"	integer NOT NULL,
	"action_time"	datetime NOT NULL,
	PRIMARY KEY("id" AUTOINCREMENT),
	FOREIGN KEY("content_type_id") REFERENCES "django_content_type"("id") DEFERRABLE INITIALLY DEFERRED,
	FOREIGN KEY("user_id") REFERENCES "auth_user"("id") DEFERRABLE INITIALLY DEFERRED
);
DROP TABLE IF EXISTS "django_content_type";
CREATE TABLE IF NOT EXISTS "django_content_type" (
	"id"	integer NOT NULL,
	"app_label"	varchar(100) NOT NULL,
	"model"	varchar(100) NOT NULL,
	PRIMARY KEY("id" AUTOINCREMENT)
);
DROP TABLE IF EXISTS "auth_permission";
CREATE TABLE IF NOT EXISTS "auth_permission" (
	"id"	integer NOT NULL,
	"content_type_id"	integer NOT NULL,
	"codename"	varchar(100) NOT NULL,
	"name"	varchar(255) NOT NULL,
	PRIMARY KEY("id" AUTOINCREMENT),
	FOREIGN KEY("content_type_id") REFERENCES "django_content_type"("id") DEFERRABLE INITIALLY DEFERRED
);
DROP TABLE IF EXISTS "auth_group";
CREATE TABLE IF NOT EXISTS "auth_group" (
	"id"	integer NOT NULL,
	"name"	varchar(150) NOT NULL UNIQUE,
	PRIMARY KEY("id" AUTOINCREMENT)
);
DROP TABLE IF EXISTS "auth_user";
CREATE TABLE IF NOT EXISTS "auth_user" (
	"id"	integer NOT NULL,
	"password"	varchar(128) NOT NULL,
	"last_login"	datetime,
	"is_superuser"	bool NOT NULL,
	"username"	varchar(150) NOT NULL UNIQUE,
	"last_name"	varchar(150) NOT NULL,
	"email"	varchar(254) NOT NULL,
	"is_staff"	bool NOT NULL,
	"is_active"	bool NOT NULL,
	"date_joined"	datetime NOT NULL,
	"first_name"	varchar(150) NOT NULL,
	PRIMARY KEY("id" AUTOINCREMENT)
);
DROP TABLE IF EXISTS "django_session";
CREATE TABLE IF NOT EXISTS "django_session" (
	"session_key"	varchar(40) NOT NULL,
	"session_data"	text NOT NULL,
	"expire_date"	datetime NOT NULL,
	PRIMARY KEY("session_key")
);
DROP TABLE IF EXISTS "synet_receivers";
CREATE TABLE IF NOT EXISTS "synet_receivers" (
	"id"	integer NOT NULL,
	"receiver"	varchar(30) NOT NULL,
	PRIMARY KEY("id" AUTOINCREMENT)
);
DROP TABLE IF EXISTS "synet_counters";
CREATE TABLE IF NOT EXISTS "synet_counters" (
	"id"	integer NOT NULL,
	"collecter"	varchar(20) NOT NULL,
	"counter"	varchar(20),
	"customer_id"	bigint,
	"lastIndication"	integer,
	PRIMARY KEY("id" AUTOINCREMENT),
	FOREIGN KEY("customer_id") REFERENCES "synet_persons"("id") DEFERRABLE INITIALLY DEFERRED
);
DROP TABLE IF EXISTS "synet_persons";
CREATE TABLE IF NOT EXISTS "synet_persons" (
	"id"	integer NOT NULL,
	"fathersName"	varchar(100),
	"name"	varchar(100),
	"surname"	varchar(100) NOT NULL,
	"member"	bool NOT NULL,
	"payAsMember"	bool NOT NULL,
	"isActive"	bool NOT NULL,
	"aa"	integer UNIQUE,
	"afm"	varchar(9) UNIQUE,
	"placeOfResidence"	varchar(20),
	"phone"	varchar(10),
	"notes"	varchar(100),
	PRIMARY KEY("id" AUTOINCREMENT)
);
DROP TABLE IF EXISTS "synet_fields";
CREATE TABLE IF NOT EXISTS "synet_fields" (
	"id"	integer NOT NULL,
	"field"	varchar(20),
	"olivesNumber"	integer,
	"customer_id"	bigint,
	PRIMARY KEY("id" AUTOINCREMENT),
	FOREIGN KEY("customer_id") REFERENCES "synet_persons"("id") DEFERRABLE INITIALLY DEFERRED
);
DROP TABLE IF EXISTS "synet_watercons";
CREATE TABLE IF NOT EXISTS "synet_watercons" (
	"id"	integer NOT NULL,
	"serialNumber"	integer,
	"date"	date NOT NULL,
	"finalIndication"	integer NOT NULL,
	"initialIndication"	integer NOT NULL,
	"intermediateIndication"	integer,
	"cubicMeters"	integer,
	"billableCubicMeters"	integer,
	"hydronomistsCubicMeters"	decimal,
	"costPerMeter"	decimal,
	"cost"	decimal,
	"hydronomistsRight"	decimal,
	"viberMsg"	varchar(200),
	"notes"	text,
	"counter_id"	bigint,
	"field_id"	bigint,
	"receipt_id"	bigint,
	"customer_id"	bigint,
	PRIMARY KEY("id" AUTOINCREMENT),
	FOREIGN KEY("customer_id") REFERENCES "synet_persons"("id") DEFERRABLE INITIALLY DEFERRED,
	FOREIGN KEY("receipt_id") REFERENCES "synet_paids"("id") DEFERRABLE INITIALLY DEFERRED,
	FOREIGN KEY("counter_id") REFERENCES "synet_counters"("id") DEFERRABLE INITIALLY DEFERRED,
	FOREIGN KEY("field_id") REFERENCES "synet_fields"("id") DEFERRABLE INITIALLY DEFERRED
);
DROP TABLE IF EXISTS "synet_paids";
CREATE TABLE IF NOT EXISTS "synet_paids" (
	"id"	integer NOT NULL,
	"paid"	decimal,
	"paymentDate"	date,
	"balance"	decimal,
	"receiver_id"	bigint,
	"irrigation_id"	bigint,
	"customer_id"	bigint,
	"receiptNumber"	integer UNIQUE,
	"cost"	decimal,
	PRIMARY KEY("id" AUTOINCREMENT),
	FOREIGN KEY("receiver_id") REFERENCES "synet_receivers"("id") DEFERRABLE INITIALLY DEFERRED,
	FOREIGN KEY("irrigation_id") REFERENCES "synet_watercons"("id") DEFERRABLE INITIALLY DEFERRED,
	FOREIGN KEY("customer_id") REFERENCES "synet_persons"("id") DEFERRABLE INITIALLY DEFERRED
);
INSERT INTO "django_migrations" ("id","app","name","applied") VALUES (1,'contenttypes','0001_initial','2025-04-21 21:58:30.100369'),
 (2,'auth','0001_initial','2025-04-21 21:58:30.131641'),
 (3,'admin','0001_initial','2025-04-21 21:58:30.162883'),
 (4,'admin','0002_logentry_remove_auto_add','2025-04-21 21:58:30.185043'),
 (5,'admin','0003_logentry_add_action_flag_choices','2025-04-21 21:58:30.210192'),
 (6,'contenttypes','0002_remove_content_type_name','2025-04-21 21:58:30.257075'),
 (7,'auth','0002_alter_permission_name_max_length','2025-04-21 21:58:30.272693'),
 (8,'auth','0003_alter_user_email_max_length','2025-04-21 21:58:30.288719'),
 (9,'auth','0004_alter_user_username_opts','2025-04-21 21:58:30.304355'),
 (10,'auth','0005_alter_user_last_login_null','2025-04-21 21:58:30.319985'),
 (11,'auth','0006_require_contenttypes_0002','2025-04-21 21:58:30.335613'),
 (12,'auth','0007_alter_validators_add_error_messages','2025-04-21 21:58:30.351249'),
 (13,'auth','0008_alter_user_username_max_length','2025-04-21 21:58:30.366856'),
 (14,'auth','0009_alter_user_last_name_max_length','2025-04-21 21:58:30.398511'),
 (15,'auth','0010_alter_group_name_max_length','2025-04-21 21:58:30.429790'),
 (16,'auth','0011_update_proxy_permissions','2025-04-21 21:58:30.445414'),
 (17,'auth','0012_alter_user_first_name_max_length','2025-04-21 21:58:30.461030'),
 (18,'sessions','0001_initial','2025-04-21 21:58:30.476656'),
 (19,'synet','0001_initial','2025-04-28 12:26:16.370855'),
 (20,'synet','0002_alter_waterconsumption_balance_and_more','2025-04-29 06:23:28.666979'),
 (21,'synet','0003_alter_waterconsumption_hydronomistscubicmeters','2025-04-29 06:31:18.889353'),
 (22,'synet','0002_counters_customers_fields_paids_watercons','2025-04-30 06:48:07.491806'),
 (23,'synet','0003_customers_fathersname_customers_name_and_more','2025-05-01 06:42:29.699974'),
 (24,'synet','0004_remove_customers_customer','2025-05-01 07:47:48.277040'),
 (25,'synet','0005_counters_customer','2025-05-01 09:40:28.349467'),
 (26,'synet','0006_alter_counters_options_alter_customers_options_and_more','2025-05-01 11:16:28.415885'),
 (27,'synet','0007_customers_afm_customers_member_customers_payasmember','2025-05-01 11:16:28.447135'),
 (28,'synet','0008_receivers_remove_paids_receivedby_paids_irrigation_and_more','2025-05-03 18:06:58.700061'),
 (29,'synet','0009_remove_paids_customer','2025-05-03 21:38:17.265754'),
 (30,'synet','0010_alter_counters_collecter_alter_counters_counter_and_more','2025-05-04 07:46:19.415760'),
 (31,'synet','0011_alter_counters_counter_alter_counters_customer_and_more','2025-05-04 07:46:19.557235'),
 (32,'synet','0012_alter_counters_customer','2025-05-04 07:46:19.588482'),
 (33,'synet','0013_alter_counters_customer','2025-05-04 07:46:19.609161'),
 (34,'synet','0014_watercons_costpermeter','2025-05-06 06:05:54.577926'),
 (35,'synet','0015_customers_isactive','2025-05-11 06:52:11.821646'),
 (36,'synet','0016_alter_customers_isactive','2025-05-11 07:02:32.303203'),
 (37,'synet','0017_rename_customers_persons','2025-05-11 07:57:58.156315'),
 (38,'synet','0018_persons_aa','2025-05-11 13:41:36.242797'),
 (39,'synet','0019_alter_persons_options_alter_persons_aa_and_more','2025-05-11 14:28:20.329554'),
 (40,'synet','0020_persons_placeοfρesidence','2025-05-11 14:45:04.148590'),
 (41,'synet','0021_persons_mobilephone','2025-05-11 14:51:06.339598'),
 (42,'synet','0022_persons_notes','2025-05-11 15:25:03.115782'),
 (43,'synet','0002_rename_placeοfρesidence_persons_placeofresidence','2025-05-12 16:55:44.433903'),
 (44,'synet','0003_rename_mobilephone_persons_phone','2025-05-12 17:06:24.613630'),
 (45,'synet','0004_watercons_receipt_alter_counters_customer_and_more','2025-05-13 12:10:46.510531'),
 (46,'synet','0005_paids_customer','2025-05-13 15:52:03.276827'),
 (47,'synet','0006_alter_paids_receiptnumber','2025-05-13 19:04:00.811728'),
 (48,'synet','0007_paids_cost','2025-05-19 08:16:55.501054'),
 (49,'synet','0008_counters_lastindication','2025-06-25 01:44:42.977572'),
 (50,'synet','0009_delete_waterconsumption','2025-06-29 21:27:49.428568');
INSERT INTO "auth_user_user_permissions" ("id","user_id","permission_id") VALUES (1,2,32),
 (2,2,36),
 (3,2,40),
 (4,2,41),
 (5,2,44),
 (6,2,48),
 (7,2,52),
 (8,2,56),
 (9,2,28),
 (10,3,32),
 (11,3,40),
 (12,3,44),
 (13,3,45),
 (14,3,46),
 (15,3,48),
 (16,3,52),
 (17,3,56);
INSERT INTO "django_admin_log" ("id","object_id","object_repr","action_flag","change_message","content_type_id","user_id","action_time") VALUES (1,'52','Τσαγκαράκη Χαρούλα Εμμανουήλ',2,'[{"changed": {"fields": ["FathersName"]}}]',9,1,'2025-05-01 08:29:41.518768'),
 (2,'51','Στεφανάκης Μιχάλης Ιωάννου',2,'[{"changed": {"fields": ["FathersName"]}}]',9,1,'2025-05-01 08:30:13.599630'),
 (3,'48','Πατεραντωνάκη Μαρία Αποστόλου',2,'[{"changed": {"fields": ["FathersName"]}}]',9,1,'2025-05-01 08:30:40.396655'),
 (4,'46','Παπαδημητροπούλου-Κιούση Ερωφίλη Χαραλάμπους',2,'[{"changed": {"fields": ["FathersName"]}}]',9,1,'2025-05-01 08:31:03.518117'),
 (5,'45','Παπαδημητρόπουλος Μάνθος Νικηφόρου',2,'[{"changed": {"fields": ["FathersName"]}}]',9,1,'2025-05-01 08:31:21.847125'),
 (6,'44','Μαρουλάκης Νικήτας Νικολάου',2,'[{"changed": {"fields": ["FathersName"]}}]',9,1,'2025-05-01 08:31:40.436840'),
 (7,'43','Παπαδάκη-Μαργαριτάκη Κατινούλα Γεωργίου',2,'[{"changed": {"fields": ["Surname", "FathersName"]}}]',9,1,'2025-05-01 08:32:25.611864'),
 (8,'39','Κοκκινάκη-Σηφάκη Μαρία Ιωάννου',2,'[{"changed": {"fields": ["Surname", "FathersName"]}}]',9,1,'2025-05-01 08:33:30.633911'),
 (9,'37','Αλεξάκης Μανώλης Ευαγγέλου',2,'[{"changed": {"fields": ["FathersName"]}}]',9,1,'2025-05-01 08:33:57.693445'),
 (10,'34','Κοκινάκης Θεοχάρης Ιωάννου',2,'[{"changed": {"fields": ["FathersName"]}}]',9,1,'2025-05-01 08:34:36.438380'),
 (11,'35','Δεξ2 16 018269 Χατζονικολάκης Δημήτριος Γεωργίου',2,'[{"changed": {"fields": ["Customer"]}}]',10,1,'2025-05-01 09:45:03.529127'),
 (12,'34','Τσ10 093241CA/95 Τσαγκαράκη Χαρούλα Εμμανουήλ',2,'[{"changed": {"fields": ["Customer"]}}]',10,1,'2025-05-01 09:47:46.804715'),
 (13,'33','Γεφ19 12-023779 Στεφανάκης Μιχάλης Ιωάννου',2,'[{"changed": {"fields": ["Customer"]}}]',10,1,'2025-05-01 10:13:22.109832'),
 (14,'32','Γεφ17 44952170 Στεφανάκης Μιχάλης Ιωάννου',2,'[{"changed": {"fields": ["Customer"]}}]',10,1,'2025-05-01 10:17:05.467625'),
 (15,'14','Γεφ02 924803 Μαρουλάκης Ιωάννης Νικολάου',2,'[{"changed": {"fields": ["Customer"]}}]',10,1,'2025-05-01 10:27:34.774573'),
 (16,'17','Γεφ12 004306ca/99 Μαρουλάκης Στέλιος Γεωργίου',2,'[{"changed": {"fields": ["Customer"]}}]',10,1,'2025-05-01 10:28:34.212825'),
 (17,'7','Γεφ15 Fd001444-05 Γρυσμπολάκης Δημήτρης Εμμανουήλ',2,'[{"changed": {"fields": ["Customer"]}}]',10,1,'2025-05-01 10:29:08.059537'),
 (18,'29','Γεφ16 1994-ce002848 Κοκκινάκη-Σηφάκη Μαρία Ιωάννου',2,'[{"changed": {"fields": ["Customer"]}}]',10,1,'2025-05-01 10:30:19.909218'),
 (19,'23','Γεφ18 1295-2-528 Παπαδημητροπούλου Μαρία Νικολάου',2,'[{"changed": {"fields": ["Customer"]}}]',10,1,'2025-05-01 10:32:10.456907'),
 (20,'11','Γεφ20 004308ca/99 Κικάκης Μιχ. Εμμανουήλ',2,'[{"changed": {"fields": ["Customer"]}}]',10,1,'2025-05-01 10:32:33.351705'),
 (21,'13','Δεξ1 2032010305 Μαργαριτάκης Μανώλης Ιωάννου',2,'[{"changed": {"fields": ["Customer"]}}]',10,1,'2025-05-01 10:33:50.840222'),
 (22,'20','Δεξ1Α 7082411 Παπαδημητρόπουλος Μάνθος Νικηφόρου',2,'[{"changed": {"fields": ["Customer"]}}]',10,1,'2025-05-01 10:34:45.174147'),
 (23,'8','Δεξ1Β 004242CA/99 Ζώτος Σπύρος None',2,'[{"changed": {"fields": ["Customer"]}}]',10,1,'2025-05-01 10:35:06.095687'),
 (24,'9','Δεξ3 1532010239 Ζώτος Σπύρος None',2,'[{"changed": {"fields": ["Customer"]}}]',10,1,'2025-05-01 10:35:50.500933'),
 (25,'22','Δεξ4 1532007166 Παπαδημητροπούλου-Κιούση Ερωφίλη Χαραλάμπους',2,'[{"changed": {"fields": ["Customer"]}}]',10,1,'2025-05-01 10:36:17.489296'),
 (26,'18','Δεξ4Α FC000764-06 Μπετεινάκης Κωστής None',2,'[{"changed": {"fields": ["Customer"]}}]',10,1,'2025-05-01 10:37:04.224739'),
 (27,'28','Δεξ5Α 2132002569 Σελί Κατερίνα None',2,'[{"changed": {"fields": ["Customer"]}}]',10,1,'2025-05-01 10:37:41.980377'),
 (28,'10','Μηλ1 005303CA/99 Ζώτος Σπύρος None',2,'[{"changed": {"fields": ["Customer"]}}]',10,1,'2025-05-01 10:39:59.722717'),
 (29,'12','Μηλ2 006599CA/98 Παπαδάκη-Μαργαριτάκη Κατινούλα Γεωργίου',2,'[{"changed": {"fields": ["Customer"]}}]',10,1,'2025-05-01 10:41:12.279264'),
 (30,'25','Μηλ3 16 025968 Πατεραντωνάκη Μαρία Αποστόλου',2,'[{"changed": {"fields": ["Customer"]}}]',10,1,'2025-05-01 10:42:02.081761'),
 (31,'30','Μηλ4 002587ca/99 Κοκκινάκη-Σηφάκη Μαρία Ιωάννου',2,'[{"changed": {"fields": ["Customer"]}}]',10,1,'2025-05-01 10:43:09.566066'),
 (32,'15','Μηλ7 1933003191 Μαρουλάκης Νικήτας Νικολάου',2,'[{"changed": {"fields": ["Customer"]}}]',10,1,'2025-05-01 10:44:16.439898'),
 (33,'6','Μηλ8 FD001619-07 Βερβελάκης Γεώργιος Νικολάου',2,'[{"changed": {"fields": ["Customer"]}}]',10,1,'2025-05-01 10:44:37.692835'),
 (34,'24','Μηλ9 1832012272παλιόνέο Πατεραντωνάκη Ευαγγελία None',2,'[{"changed": {"fields": ["Counter", "Customer"]}}]',10,1,'2025-05-01 10:45:11.356164'),
 (35,'5','Παπ01 004229ca/99 Βερβελάκη Άννα Εμμανουήλ',2,'[{"changed": {"fields": ["Customer"]}}]',10,1,'2025-05-01 10:45:29.311821'),
 (36,'31','Παπ10 004230ca/99 Κοκκινάκη-Σηφάκη Μαρία Ιωάννου',2,'[{"changed": {"fields": ["Customer"]}}]',10,1,'2025-05-01 10:45:49.667405'),
 (37,'27','Παπ12 7082650 Χατζονικολάκη-Προεστάκη Γλυκερία Ιωάννου',2,'[{"changed": {"fields": ["Customer"]}}]',10,1,'2025-05-01 10:46:13.125446'),
 (38,'21','Τσ01 004135CA/99 Παπαδημητροπούλου Καίτη Εμμανουήλ',2,'[{"changed": {"fields": ["Customer"]}}]',10,1,'2025-05-01 10:49:48.541303'),
 (39,'16','Τσ04 FC003280-08 Μαρουλάκης Νικήτας Νικολάου',2,'[{"changed": {"fields": ["Customer"]}}]',10,1,'2025-05-01 10:50:15.608765'),
 (40,'26','Τσ12 090559BA/95 Πατιτάκης Γεώργιος Δημητρίου',2,'[{"changed": {"fields": ["Customer"]}}]',10,1,'2025-05-01 10:51:06.249840'),
 (41,'19','Τσ16 536096 Μπρότσικας Κώστας None',2,'[{"changed": {"fields": ["Customer"]}}]',10,1,'2025-05-01 10:51:30.932145'),
 (42,'19','Plakut Nikos None',2,'[{"changed": {"fields": ["Member", "PayAsMember"]}}]',9,1,'2025-05-01 11:20:33.745508'),
 (43,'1','Russi Adem(Ανδρέας) None',2,'[{"changed": {"fields": ["Member"]}}]',9,1,'2025-05-01 11:20:56.734872'),
 (44,'2','Russi Bilal(Χρήστος) None',2,'[{"changed": {"fields": ["PayAsMember"]}}]',9,1,'2025-05-01 11:21:12.413536'),
 (45,'25','ΑΠΩΛΕΙΑ None None',2,'[{"changed": {"fields": ["Member", "PayAsMember"]}}]',9,1,'2025-05-01 11:23:15.626252'),
 (46,'37','Αλεξάκης Μανώλης Ευαγγέλου',2,'[{"changed": {"fields": ["Member"]}}]',9,1,'2025-05-01 11:23:29.632751'),
 (47,'10','Βερβελάκη Άννα Εμμανουήλ',2,'[{"changed": {"fields": ["Member"]}}]',9,1,'2025-05-01 11:23:48.023096'),
 (48,'24','Γρυνιεζάκης Δημήτρης None',2,'[{"changed": {"fields": ["Member", "PayAsMember"]}}]',9,1,'2025-05-01 11:24:02.112230'),
 (49,'6','Ζώτος Σπύρος None',2,'[{"changed": {"fields": ["Member"]}}]',9,1,'2025-05-01 11:29:41.508555'),
 (50,'40','Κικάκης Νικόλαος None',2,'[{"changed": {"fields": ["Member"]}}]',9,1,'2025-05-01 11:30:13.081042'),
 (51,'23','Μαργαριτάκης Μανώλης Ιωάννου',2,'[{"changed": {"fields": ["Member"]}}]',9,1,'2025-05-01 11:30:44.087883'),
 (52,'38','Μπετεινάκης Κωστής None',2,'[{"changed": {"fields": ["Member"]}}]',9,1,'2025-05-01 11:31:11.875144'),
 (53,'43','Παπαδάκη-Μαργαριτάκη Κατινούλα Γεωργίου',2,'[{"changed": {"fields": ["Member", "PayAsMember"]}}]',9,1,'2025-05-01 11:31:36.981084'),
 (54,'42','Παπαδημητροπούλου Μαρία Νικηφόρου',2,'[{"changed": {"fields": ["Member"]}}]',9,1,'2025-05-01 11:32:07.648497'),
 (55,'45','Παπαδημητρόπουλος Μάνθος Νικηφόρου',2,'[{"changed": {"fields": ["Member"]}}]',9,1,'2025-05-01 11:32:36.687089'),
 (56,'47','Πατεραντωνάκη Ευαγγελία None',2,'[{"changed": {"fields": ["Member", "PayAsMember"]}}]',9,1,'2025-05-01 11:33:01.353651'),
 (57,'48','Πατεραντωνάκη Μαρία Αποστόλου',2,'[{"changed": {"fields": ["Member", "PayAsMember"]}}]',9,1,'2025-05-01 11:33:18.575014'),
 (58,'30','Πατιτάκη Γιάννα Γεωργίου',2,'[{"changed": {"fields": ["Member"]}}]',9,1,'2025-05-01 11:33:37.125873'),
 (59,'8','Πατιτάκης Μανώλης Γεωργίου',2,'[{"changed": {"fields": ["Member"]}}]',9,1,'2025-05-01 11:33:59.622192'),
 (60,'50','Σελί Κατερίνα None',2,'[{"changed": {"fields": ["Member", "PayAsMember"]}}]',9,1,'2025-05-01 11:34:27.829912'),
 (61,'16','Χατζοβασιλάκη Κατερίνα Δημητρίου',2,'[{"changed": {"fields": ["Member"]}}]',9,1,'2025-05-01 11:35:22.032773'),
 (62,'1','Τσαγκαράκη Χαρούλα',1,'[{"added": {}}]',13,1,'2025-05-03 21:26:11.483457'),
 (63,'2','Βερβελάκη Άννα',1,'[{"added": {}}]',13,1,'2025-05-03 21:26:39.641210'),
 (64,'2','2Βερβελάκη Άννα',2,'[{"changed": {"fields": ["Receiver"]}}]',13,1,'2025-05-03 21:27:18.336498'),
 (65,'1','1Τσαγκαράκη Χαρούλα',2,'[{"changed": {"fields": ["Receiver"]}}]',13,1,'2025-05-03 21:27:29.021312'),
 (66,'2','Βερβελάκη Άννα',2,'[{"changed": {"fields": ["Receiver"]}}]',13,1,'2025-05-03 21:28:02.033871'),
 (67,'1','Τσαγκαράκη Χαρούλα',2,'[{"changed": {"fields": ["Receiver"]}}]',13,1,'2025-05-03 21:28:15.165400'),
 (68,'1','None Βερβελάκης Γεώργιος Νικολάου 2024-04-03 607 182.10 2024-04-03 182.1',1,'[{"added": {}}]',11,1,'2025-05-03 21:45:25.699450'),
 (69,'2','None Βερβελάκης Γεώργιος Νικολάου 2024-05-01 539 161.70 None None',1,'[{"added": {}}]',11,1,'2025-05-03 21:51:52.088495'),
 (70,'2','None Βερβελάκης Γεώργιος Νικολάου 2024-05-01 539 161.70 2024-05-01 161.7',2,'[{"changed": {"fields": ["Paid", "PaymentDate", "Receiver"]}}]',11,1,'2025-05-03 21:52:53.084031'),
 (71,'37','Αλεξάκης Μανώλης Ευαγγέλου',2,'[{"changed": {"fields": ["PayAsMember"]}}]',9,1,'2025-05-11 06:45:48.091472'),
 (72,'19','Plakut Nikos None',2,'[]',9,1,'2025-05-11 06:45:55.024482'),
 (73,'1','Russi Adem(Ανδρέας) None',2,'[]',9,1,'2025-05-11 06:45:59.735700'),
 (74,'9','Βασιλάκης Ιω. Νικολάου',2,'[]',9,1,'2025-05-11 06:46:10.760518'),
 (75,'39','Σηφάκη-Κοκινάκη Μαρία Ιωάννου',2,'[{"changed": {"fields": ["Surname"]}}]',9,1,'2025-05-11 06:55:02.082870'),
 (76,'2','Russi Bilal(Χρήστος) None',2,'[]',9,1,'2025-05-11 06:55:21.393947'),
 (77,'28','Κικάκης Μιχαήλ Εμμανουήλ',2,'[{"changed": {"fields": ["Name"]}}]',9,1,'2025-05-11 06:56:13.115255'),
 (78,'7','Κικάκης Μιχαήλ Ιωάννου',2,'[{"changed": {"fields": ["Name"]}}]',9,1,'2025-05-11 06:56:31.137269'),
 (79,'43','Μαργαριτάκη-Παπαδάκη Κατινούλα Γεωργίου',2,'[{"changed": {"fields": ["Surname"]}}]',9,1,'2025-05-11 06:57:23.673297'),
 (80,'46','Κιούση-Παπαδημητροπούλου Ερωφίλη Χαραλάμπους',2,'[{"changed": {"fields": ["Surname"]}}]',9,1,'2025-05-11 06:58:26.792410'),
 (81,'21','Προεστάκη-Χατζονικολάκη Γλυκερία Ιωάννου',2,'[{"changed": {"fields": ["Surname"]}}]',9,1,'2025-05-11 07:01:06.433317'),
 (82,'26','Ποντικάκης Εμμανουήλ Γεωργίου',2,'[{"changed": {"fields": ["Name", "Aa"]}}]',9,1,'2025-05-11 13:44:21.672186'),
 (83,'55','Χατζοβασιλάκης Δημήτριος Ιωάννου',1,'[{"added": {}}]',9,1,'2025-05-11 13:45:43.476389'),
 (84,'56','Παπαδημητρόπουλος Νικηφόρος Χαραλάμπου',1,'[{"added": {}}]',9,1,'2025-05-11 13:46:52.797254'),
 (85,'44','Μαρουλάκης Νικήτας Νικολάου',2,'[{"changed": {"fields": ["Aa"]}}]',9,1,'2025-05-11 13:47:54.115395'),
 (86,'35','Πιτροπάκης Γεώργιος Νικολάου',2,'[{"changed": {"fields": ["Aa"]}}]',9,1,'2025-05-11 13:48:18.285504'),
 (87,'14','Μαρουλάκης Στυλιανός Γεωργίου',2,'[{"changed": {"fields": ["Name", "Aa"]}}]',9,1,'2025-05-11 13:49:19.148337'),
 (88,'23','Μαργαριτάκης Εμμανουήλ Ιωάννου',2,'[{"changed": {"fields": ["Name", "Aa"]}}]',9,1,'2025-05-11 13:50:42.286973'),
 (89,'11','Τουλουπάκη Άννα Εμμανουήλ',2,'[{"changed": {"fields": ["Aa"]}}]',9,1,'2025-05-11 13:51:17.196534'),
 (90,'45','Παπαδημητρόπουλος Μάνθος Νικηφόρου',2,'[]',9,1,'2025-05-11 13:52:08.674663'),
 (91,'57','Παπαδημητρόπουλος Χαρίδημος Γρηγορίου',1,'[{"added": {}}]',9,1,'2025-05-11 13:53:19.689526'),
 (92,'11','Τουλουπάκη Άννα Εμμανουήλ',2,'[]',9,1,'2025-05-11 13:53:31.289020'),
 (93,'58','Χατζονικολάκης Εμμανουήλ Γεωργίου',1,'[{"added": {}}]',9,1,'2025-05-11 13:54:58.812686'),
 (94,'59','Φραγκάκης Εμμανουήλ Πέτρου',1,'[{"added": {}}]',9,1,'2025-05-11 13:56:27.391114'),
 (95,'60','Φραγκάκης Γεώργιος Πέτρου',1,'[{"added": {}}]',9,1,'2025-05-11 13:57:28.198498'),
 (96,'61','Πατιτάκης Δημήτριος Χαραλάμπου',1,'[{"added": {}}]',9,1,'2025-05-11 13:58:22.072815'),
 (97,'51','Στεφανάκης Μιχαήλ Ιωάννου',2,'[{"changed": {"fields": ["Name", "Aa"]}}]',9,1,'2025-05-11 13:58:56.238192'),
 (98,'62','Φραγκάκη-Βασιλάκη Μαρία Κωνσταντίνου',1,'[{"added": {}}]',9,1,'2025-05-11 14:31:37.859077'),
 (99,'63','Παπαδημητρόπουλος Πέτρος Χαραλάμπου',1,'[{"added": {}}]',9,1,'2025-05-11 14:32:44.394926'),
 (100,'64','Στεφανάκης Χαρίδημος Εμμανουήλ',1,'[{"added": {}}]',9,1,'2025-05-11 14:33:44.494920'),
 (101,'41','Παπαδημητρόπουλος Ιωάννης Νικολάου',2,'[{"changed": {"fields": ["Aa"]}}]',9,1,'2025-05-11 14:34:02.954795'),
 (102,'65','Πιτροπάκη Αντωνία Νικολάου',1,'[{"added": {}}]',9,1,'2025-05-11 14:35:37.446037'),
 (103,'66','Σηφάκης Εμμανουήλ Ματθαίου',1,'[{"added": {}}]',9,1,'2025-05-11 14:36:42.426169'),
 (104,'67','Λουλάκης Ιωάννης Ελευθερίου',1,'[{"added": {}}]',9,1,'2025-05-11 14:37:41.832917'),
 (105,'68','Σταυρουλάκης Νικόλαος Γεωργίου',1,'[{"added": {}}]',9,1,'2025-05-11 14:38:23.647019'),
 (106,'28','Κικάκης Μιχαήλ Εμμανουήλ',2,'[{"changed": {"fields": ["Aa"]}}]',9,1,'2025-05-11 14:38:54.999099'),
 (107,'69','Παπαδημητρόπουλος Εμμανουήλ Δημητρίου',1,'[{"added": {}}]',9,1,'2025-05-11 14:40:12.320089'),
 (108,'25','Απώλεια None None',2,'[{"changed": {"fields": ["Surname"]}}]',9,1,'2025-05-11 14:40:44.255613'),
 (109,'31','Βερβελάκης Εμμανουήλ Νικολάου',2,'[{"changed": {"fields": ["Name", "Aa"]}}]',9,1,'2025-05-11 14:46:34.432694'),
 (110,'70','Βελημβασάκης Νικόλαος Ελευθερίου',1,'[{"added": {}}]',9,1,'2025-05-11 14:47:41.126566'),
 (111,'71','Βασιλάκη-Μηλιαράκη Άννα Ιωάννου',1,'[{"added": {}}]',9,1,'2025-05-11 14:49:10.864924'),
 (112,'72','Βασιλάκης Μιχαήλ Ιωάννου',1,'[{"added": {}}]',9,1,'2025-05-11 14:53:50.580723'),
 (113,'13','Χατζοβασιλάκη Μαρία Δημητρίου',2,'[{"changed": {"fields": ["MobilePhone", "Aa", "Place\u039ff\u03a1esidence"]}}]',9,1,'2025-05-11 14:56:19.866919'),
 (114,'73','Κοκκινάκης Ιωάννης Χαράλαμπου',1,'[{"added": {}}]',9,1,'2025-05-11 15:12:37.275111'),
 (115,'3','Μαρουλάκης Ιωάννης Νικολάου',2,'[{"changed": {"fields": ["MobilePhone", "Aa"]}}]',9,1,'2025-05-11 15:14:14.834495'),
 (116,'74','Κονσολάκης Χαράλαμπος Αθανασίου',1,'[{"added": {}}]',9,1,'2025-05-11 15:15:04.651046'),
 (117,'75','Θεοδοσάκη-Παπαδημητροπούλου Παναγιώτα Χαράλαμπου',1,'[{"added": {}}]',9,1,'2025-05-11 15:16:09.589463'),
 (118,'21','Προεστάκη-Χατζονικολάκη Γλυκερία Ιωάννου',2,'[{"changed": {"fields": ["Aa"]}}]',9,1,'2025-05-11 15:17:03.378370'),
 (119,'76','Φραγκάκη-Χατζογιαννάκη Βασιλική Ζαχαρίου',1,'[{"added": {}}]',9,1,'2025-05-11 15:18:52.209510'),
 (120,'29','Χατζοβασιλάκη Δανάη Δημητρίου',2,'[{"changed": {"fields": ["Member"]}}]',9,1,'2025-05-11 15:19:09.214458'),
 (121,'77','Χατζοβασιλάκης Γεώργιος Δημητρίου',1,'[{"added": {}}]',9,1,'2025-05-11 15:20:30.417445'),
 (122,'78','Λουλάκης Γεώργιος Ελευθερίου',1,'[{"added": {}}]',9,1,'2025-05-11 15:21:49.366213'),
 (123,'79','Πιτροπάκης Γεώργιος Ιωάννου',1,'[{"added": {}}]',9,1,'2025-05-11 15:23:31.228179'),
 (124,'80','Πιτροπάκη Ελένη None',1,'[{"added": {}}]',9,1,'2025-05-11 15:26:52.154728'),
 (125,'81','Θεοδωρίδου Μαρίνα Αναστασίου',1,'[{"added": {}}]',9,1,'2025-05-11 15:28:32.852479'),
 (126,'22','Παπαδημητρόπουλος Γεώργιος Άγγελου',2,'[{"changed": {"fields": ["Aa", "Place\u039ff\u03a1esidence", "Notes"]}}]',9,1,'2025-05-11 15:30:31.046168'),
 (127,'82','Μηλιαράκη Ιωάννα None',1,'[{"added": {}}]',9,1,'2025-05-11 15:31:34.341916'),
 (128,'36','Κακλαμάνου-Μηλιαράκη Αικατερίνη Ιωάννου',2,'[{"changed": {"fields": ["Surname", "Name", "FathersName", "Aa", "Place\u039ff\u03a1esidence"]}}]',9,1,'2025-05-11 15:32:58.285406'),
 (129,'83','Παπαδημητροπούλου-Λάιου Ευαγγελία Χρήστου',1,'[{"added": {}}]',9,1,'2025-05-11 15:34:46.114883'),
 (130,'84','Καπετανάκη Μαρία Ανδρέου',1,'[{"added": {}}]',9,1,'2025-05-11 15:36:36.167650'),
 (131,'85','Βασιλάκης Ιωάννης Δημητρίου',1,'[{"added": {}}]',9,1,'2025-05-11 15:37:56.387620'),
 (132,'86','Κικάκης Εμμανουήλ Ιωάννου',1,'[{"added": {}}]',9,1,'2025-05-11 15:39:18.406170'),
 (133,'18','Πατιτάκης Γεώργιος Εμμανουήλ',2,'[{"changed": {"fields": ["Name", "Member"]}}]',9,1,'2025-05-11 15:39:58.105780'),
 (134,'87','Πατιτάκη Ειρήνη Ιωάννου',1,'[{"added": {}}]',9,1,'2025-05-11 15:41:37.153169'),
 (135,'52','Τσαγκαράκη-Αλεξάκη Χαρούλα Εμμανουήλ',2,'[{"changed": {"fields": ["Surname", "Aa"]}}]',9,1,'2025-05-11 15:42:47.274227'),
 (136,'34','Κοκκινάκης Θεοχάρης Ιωάννου',2,'[{"changed": {"fields": ["Surname", "Aa", "Notes"]}}]',9,1,'2025-05-11 15:43:35.911468'),
 (137,'88','Τσαγκαράκη-Πετράκη Ιωάννα Εμμανουήλ',1,'[{"added": {}}]',9,1,'2025-05-11 15:44:30.690284'),
 (138,'89','Θεοδοσάκη-Στεφανάκη Σοφία Χαρίδημου',1,'[{"added": {}}]',9,1,'2025-05-11 15:45:24.227432'),
 (139,'90','Κονδυλάκη-Κρασά Αικατερίνη Εμμανουήλ',1,'[{"added": {}}]',9,1,'2025-05-11 15:46:51.528067'),
 (140,'91','Μπεκράκης Μιχαήλ Εμμανουήλ',1,'[{"added": {}}]',9,1,'2025-05-11 15:47:36.483684'),
 (141,'92','Κόσσυβα-Βραχνάκη Γεωργία Εμμανουήλ',1,'[{"added": {}}]',9,1,'2025-05-11 15:55:47.738411'),
 (142,'93','Κικάκη-Βασιλάκη Ελένη Ηλία',1,'[{"added": {}}]',9,1,'2025-05-11 15:57:28.250126'),
 (143,'2','Russi Bilal(Χρήστος) None',2,'[{"changed": {"fields": ["Member", "PayAsMember"]}}]',9,1,'2025-05-11 16:13:46.450693'),
 (144,'33','Χατζοβασιλάκη Ηρώ Δημητρίου',2,'[{"changed": {"fields": ["Aa", "Place\u039ff\u03a1esidence"]}}]',9,1,'2025-05-11 16:14:28.113851'),
 (145,'12','Γρυσμπολάκης Δημήτρης Εμμανουήλ',2,'[{"changed": {"fields": ["Aa"]}}]',9,1,'2025-05-11 16:15:06.068174'),
 (146,'39','Σηφάκη-Κοκκινάκη Μαρία Ιωάννου',2,'[{"changed": {"fields": ["Surname", "Aa"]}}]',9,1,'2025-05-11 16:15:51.933824'),
 (147,'38','Μπετεινάκης Κωνσταντίνος Νικολάου',2,'[{"changed": {"fields": ["Name", "FathersName", "Member", "Aa"]}}]',9,1,'2025-05-11 16:19:57.300470'),
 (148,'94','Βελημβασάκης Γεώργιος Ελευθερίου',1,'[{"added": {}}]',9,1,'2025-05-11 16:23:19.008561'),
 (149,'95','Πιτροπάκης Βασίλειος Γεωργίου',1,'[{"added": {}}]',9,1,'2025-05-11 16:24:21.021262'),
 (150,'40','Κικάκης Νικόλαος Μιχαήλ',2,'[{"changed": {"fields": ["FathersName", "Member", "Aa"]}}]',9,1,'2025-05-11 16:25:20.628605'),
 (151,'53','Χατζονικολάκης Γεώργιος Δημητρίου',2,'[{"changed": {"fields": ["Name", "FathersName", "Aa"]}}]',9,1,'2025-05-11 16:26:34.563825'),
 (152,'96','Βασιλάκη Άννα συζ.ΕμμανουήλτουΗλία',1,'[{"added": {}}]',9,1,'2025-05-11 16:31:58.159551'),
 (153,'97','Πατιτάκης Εμμανουήλ Στυλιανού',1,'[{"added": {}}]',9,1,'2025-05-11 16:33:37.691723'),
 (154,'98','Παπαδημητρόπουλος Χαράλαμπος Πέτρου',1,'[{"added": {}}]',9,1,'2025-05-11 16:34:40.891007'),
 (155,'20','Ρεστιβάκη Γεωργία Μιχαήλ',2,'[{"changed": {"fields": ["FathersName", "Aa"]}}]',9,1,'2025-05-11 16:35:24.370648'),
 (156,'15','Παπαδημητροπούλου Αικατερίνη Εμμανουήλ',2,'[{"changed": {"fields": ["Name", "Aa", "Place\u039ff\u03a1esidence"]}}]',9,1,'2025-05-11 16:36:26.146793'),
 (157,'99','Φραγκάκη Αναστασία Ελευθερίου',1,'[{"added": {}}]',9,1,'2025-05-11 16:39:31.261172'),
 (158,'100','Πιτροπάκης Σταύρος Γεωργίου',1,'[{"added": {}}]',9,1,'2025-05-11 16:40:27.004531'),
 (159,'50','Σελί Κατερίνα None',2,'[]',9,1,'2025-05-11 16:40:45.150502'),
 (160,'11','Τουλουπάκη Άννα Εμμανουήλ',2,'[{"changed": {"fields": ["Aa"]}}]',9,1,'2025-05-11 16:41:15.737642'),
 (161,'22','Παπαδημητρόπουλος Γεώργιος Άγγελου',2,'[{"changed": {"fields": ["Aa", "Notes"]}}]',9,1,'2025-05-11 16:42:02.201333'),
 (162,'101','Πιτροπάκη Μαρία Γεωργίου',1,'[{"added": {}}]',9,1,'2025-05-11 16:42:54.601565'),
 (163,'17','Βαρδάκης Εμμανουήλ Ματθαίου',2,'[{"changed": {"fields": ["Name", "Aa"]}}]',9,1,'2025-05-11 16:43:44.107801'),
 (164,'79','Πιτροπάκης Γεώργιος Ιωάννου',2,'[{"changed": {"fields": ["Notes"]}}]',9,1,'2025-05-11 16:44:49.253586'),
 (165,'102','Πιτροπάκης Γεώργιος ΙωάννουκαιΣοφίας',1,'[{"added": {}}]',9,1,'2025-05-11 16:46:54.562916'),
 (166,'27','Μηλιαράκης Αριστομένης Ιωάννου',2,'[{"changed": {"fields": ["Aa"]}}]',9,1,'2025-05-11 16:47:12.747080'),
 (167,'32','Μπρότσικας Κώστας None',2,'[{"changed": {"fields": ["Aa", "Place\u039ff\u03a1esidence"]}}]',9,1,'2025-05-11 16:47:52.366213'),
 (168,'5','Βερβελάκης Γεώργιος Νικολάου',2,'[{"changed": {"fields": ["PayAsMember", "Aa"]}}]',9,1,'2025-05-11 16:48:55.379669'),
 (169,'103','Κικάκης Εμμανουήλ ?Μιχαήλ',1,'[{"added": {}}]',9,1,'2025-05-11 16:50:02.502272'),
 (170,'23','Μαργαριτάκης Εμμανουήλ Ιωάννου',2,'[{"changed": {"fields": ["Member", "Aa"]}}]',9,1,'2025-05-11 16:50:35.303555'),
 (171,'4','Παπαδημητροπούλου Μαρία Νικολάου',2,'[{"changed": {"fields": ["Aa"]}}]',9,1,'2025-05-11 16:51:01.766679'),
 (172,'42','Παπαδημητροπούλου Μαρία Νικηφόρου',2,'[]',9,1,'2025-05-11 16:51:18.305417'),
 (173,'17','Βαρδάκης Εμμανουήλ Ματθαίου',2,'[]',9,1,'2025-05-11 16:52:34.154189'),
 (174,'60','Φραγκάκης Γεώργιος Πέτρου',2,'[{"changed": {"fields": ["Aa"]}}]',9,1,'2025-05-11 16:55:31.023598'),
 (175,'7','Κικάκης Μιχαήλ Ιωάννου',2,'[{"changed": {"fields": ["Member"]}}]',9,1,'2025-05-11 16:57:22.899821'),
 (176,'61','Πατιτάκης Δημήτριος Χαραλάμπου',2,'[]',9,1,'2025-05-11 16:58:08.949224'),
 (177,'49','Πατιτάκης Γεώργιος Δημητρίου',2,'[{"changed": {"fields": ["Member"]}}]',9,1,'2025-05-11 16:58:27.587969'),
 (178,'9','Βασιλάκης Ιω. Νικολάου',2,'[{"changed": {"fields": ["Member"]}}]',9,1,'2025-05-11 20:35:54.929622'),
 (179,'9','Βασιλάκης Ιω. Νικολάου',2,'[{"changed": {"fields": ["PayAsMember"]}}]',9,1,'2025-05-11 20:36:06.344410'),
 (180,'8','Πατιτάκης Εμμανουήλ Γεωργίου',2,'[{"changed": {"fields": ["Name"]}}]',9,1,'2025-05-11 20:45:47.150926'),
 (181,'87','Πατιτάκη Ειρήνη Ιωάννου',2,'[{"changed": {"fields": ["IsActive"]}}]',9,1,'2025-05-11 21:12:01.720310'),
 (182,'87','Πατιτάκη Ειρήνη Ιωάννου',2,'[{"changed": {"fields": ["IsActive"]}}]',9,1,'2025-05-11 21:13:01.744875'),
 (183,'2','1 Βερβελάκης Γεώργιος Νικολάου 2024-05-01 539 161.70 2024-05-01 161.70',2,'[{"changed": {"fields": ["Customer", "ReceiptNumber"]}}]',11,1,'2025-05-13 18:59:26.633638'),
 (184,'1','1 Βερβελάκης Γεώργιος Νικολάου 2024-04-03 607 182.10 2024-04-03 182.10',2,'[{"changed": {"fields": ["Customer", "ReceiptNumber"]}}]',11,1,'2025-05-13 19:00:10.497815'),
 (185,'1','2 Βερβελάκης Γεώργιος Νικολάου 2024-04-03 607 182.10 2024-04-03 182.10',2,'[{"changed": {"fields": ["ReceiptNumber"]}}]',11,1,'2025-05-13 19:00:40.240695'),
 (186,'104','Lleshi Denis(Αντώνης) None',1,'[{"added": {}}]',9,1,'2025-05-18 04:36:09.066900'),
 (187,'104','Lleshi Denis(Αντώνης) Kaplan',2,'[{"changed": {"fields": ["FathersName"]}}]',9,1,'2025-05-18 04:36:49.693980'),
 (188,'5','Βερβελάκης Γεώργιος Νικολάου 2024-04-03 607 182.10',2,'[{"changed": {"fields": ["Receipt"]}}]',12,1,'2025-05-19 09:25:10.031182'),
 (189,'39','Βερβελάκης Γεώργιος Νικολάου 2024-05-01 539 161.70',2,'[{"changed": {"fields": ["Receipt"]}}]',12,1,'2025-05-19 09:26:50.280891'),
 (190,'105','Βασιλάκης Ιωάννης Εμμανουήλ',1,'[{"added": {}}]',9,1,'2025-05-31 14:48:52.049006'),
 (191,'36','Τσ 536099 Βασιλάκης Ιωάννης Εμμανουήλ',1,'[{"added": {}}]',10,1,'2025-05-31 14:50:10.644934'),
 (192,'89','Θεοδοσάκη-Στεφανάκη Σοφία Χαρίδημου',2,'[{"changed": {"fields": ["IsActive"]}}]',9,1,'2025-05-31 15:25:00.895540'),
 (193,'37','Τσ FC010582-02 Θεοδοσάκη-Στεφανάκη Σοφία Χαρίδημου',1,'[{"added": {}}]',10,1,'2025-05-31 15:25:11.142618'),
 (194,'38','Τσ 536098 Μαρουλάκης Στυλιανός Γεωργίου',1,'[{"added": {}}]',10,1,'2025-06-01 05:45:37.052136'),
 (195,'39','Γεφ08 02088 Μπετεινάκης Κωνσταντίνος Νικολάου',1,'[{"added": {}}]',10,1,'2025-06-01 06:02:19.424316'),
 (196,'40','Τσ02 093857CA/95 Παπαδημητρόπουλος Γεώργιος Άγγελου',1,'[{"added": {}}]',10,1,'2025-06-01 08:13:27.147855'),
 (197,'41','Τσ09 607818 Κακλαμάνου(Μηλιαράκη) Αικατερίνη Ιωάννου',1,'[{"added": {}}]',10,1,'2025-06-01 08:14:43.445393'),
 (198,'106','Συγγελάκη Αικατερίνη Νικολάου',1,'[{"added": {}}]',9,1,'2025-06-01 08:17:55.080447'),
 (199,'42','Τσ15 536092 Συγγελάκη Αικατερίνη Νικολάου',1,'[{"added": {}}]',10,1,'2025-06-01 08:18:06.414323'),
 (200,'64','Στεφανάκης Χαρίδημος Εμμανουήλ',2,'[{"changed": {"fields": ["IsActive"]}}]',9,1,'2025-06-01 08:19:52.582539'),
 (201,'43','Τσ06 002492CA99 Στεφανάκης Χαρίδημος Εμμανουήλ',1,'[{"added": {}}]',10,1,'2025-06-01 08:20:05.509618'),
 (202,'100','Πιτροπάκης Σταύρος Γεωργίου',2,'[]',9,1,'2025-06-01 08:29:21.019533'),
 (203,'44','Γεφ01 536097 Πιτροπάκης Σταύρος Γεωργίου',1,'[{"added": {}}]',10,1,'2025-06-01 08:29:29.361711'),
 (204,'107','Πιτροπάκης Εμμανουήλ Γεωργίου',1,'[{"added": {}}]',9,1,'2025-06-01 08:36:39.683658'),
 (205,'45','Γερ10 004137ca/99 Πιτροπάκης Εμμανουήλ Γεωργίου',1,'[{"added": {}}]',10,1,'2025-06-01 08:37:01.480947'),
 (206,'45','Γεφ10 004137ca/99 Πιτροπάκης Εμμανουήλ Γεωργίου',2,'[{"changed": {"fields": ["Collecter"]}}]',10,1,'2025-06-01 08:37:35.660796'),
 (207,'108','Στεφανάκης Δημήτριος Γεωργίου',1,'[{"added": {}}]',9,1,'2025-06-01 08:40:12.165071'),
 (208,'46','Γεφ07 005940ca/99 Στεφανάκης Δημήτριος Γεωργίου',1,'[{"added": {}}]',10,1,'2025-06-01 08:40:21.631062'),
 (209,'47','Γεφ09 004311ca/99 Βασιλάκης Ιωάννης Δημητρίου',1,'[{"added": {}}]',10,1,'2025-06-01 08:41:53.205847'),
 (210,'48','Γεφ11 600905 Φραγκάκης Εμμανουήλ Πέτρου',1,'[{"added": {}}]',10,1,'2025-06-01 08:43:22.560609'),
 (211,'49','Δεξ5 974600-12 Φραγκάκης Γεώργιος Πέτρου',1,'[{"added": {}}]',10,1,'2025-06-01 08:45:30.420934'),
 (212,'24','Μηλ9 1832012272παλιό νέο? Πατεραντωνάκη Ευαγγελία',2,'[{"changed": {"fields": ["Counter"]}}]',10,1,'2025-06-01 08:48:59.346079'),
 (213,'50','Παπ02 0002855 Συγγελάκη Αικατερίνη Νικολάου',1,'[{"added": {}}]',10,1,'2025-06-01 08:50:59.048977'),
 (214,'51','Παπ03 166831 Κονδυλάκη-Κρασά Αικατερίνη Εμμανουήλ',1,'[{"added": {}}]',10,1,'2025-06-01 08:51:41.464130'),
 (215,'52','Παπ04 004070ca/99 Χατζοβασιλάκης Δημήτριος Ιωάννου',1,'[{"added": {}}]',10,1,'2025-06-01 08:53:17.568001'),
 (216,'53','Παπ05 006057ca/99 Ποντικάκης Εμμανουήλ Γεωργίου',1,'[{"added": {}}]',10,1,'2025-06-01 08:54:31.934950'),
 (217,'54','Παπ07 05 0480 Πιτροπάκη Αντωνία Νικολάου',1,'[{"added": {}}]',10,1,'2025-06-01 08:55:52.577528'),
 (218,'55','Παπ09 003049ca/99 Μπετεινάκης Κωνσταντίνος Νικολάου',1,'[{"added": {}}]',10,1,'2025-06-01 08:56:48.080739'),
 (219,'109','Βερβελάκη Ευαγγελία Εμμανουήλ',1,'[{"added": {}}]',9,1,'2025-06-07 03:44:28.245768'),
 (220,'95','Πιτροπάκης Βασίλειος Γεωργίου',2,'[{"changed": {"fields": ["IsActive"]}}]',9,1,'2025-07-08 16:54:49.575483'),
 (221,'2','xaroula',1,'[{"added": {}}]',4,1,'2025-07-08 18:47:17.712784'),
 (222,'2','xaroula',2,'[{"changed": {"fields": ["User permissions"]}}]',4,1,'2025-07-08 18:52:47.968101'),
 (223,'3','spyros',1,'[{"added": {}}]',4,1,'2025-07-11 19:07:16.562990'),
 (224,'3','spyros',2,'[{"changed": {"fields": ["User permissions"]}}]',4,1,'2025-07-11 19:14:24.764647'),
 (225,'3','spyros',2,'[{"changed": {"fields": ["Staff status"]}}]',4,1,'2025-07-11 19:17:08.821660'),
 (226,'2','xaroula',2,'[{"changed": {"fields": ["Staff status"]}}]',4,1,'2025-07-11 19:17:20.713472');
INSERT INTO "django_content_type" ("id","app_label","model") VALUES (1,'admin','logentry'),
 (2,'auth','permission'),
 (3,'auth','group'),
 (4,'auth','user'),
 (5,'contenttypes','contenttype'),
 (6,'sessions','session'),
 (7,'synet','waterconsumption'),
 (8,'synet','fields'),
 (9,'synet','persons'),
 (10,'synet','counters'),
 (11,'synet','paids'),
 (12,'synet','watercons'),
 (13,'synet','receivers');
INSERT INTO "auth_permission" ("id","content_type_id","codename","name") VALUES (1,1,'add_logentry','Can add log entry'),
 (2,1,'change_logentry','Can change log entry'),
 (3,1,'delete_logentry','Can delete log entry'),
 (4,1,'view_logentry','Can view log entry'),
 (5,2,'add_permission','Can add permission'),
 (6,2,'change_permission','Can change permission'),
 (7,2,'delete_permission','Can delete permission'),
 (8,2,'view_permission','Can view permission'),
 (9,3,'add_group','Can add group'),
 (10,3,'change_group','Can change group'),
 (11,3,'delete_group','Can delete group'),
 (12,3,'view_group','Can view group'),
 (13,4,'add_user','Can add user'),
 (14,4,'change_user','Can change user'),
 (15,4,'delete_user','Can delete user'),
 (16,4,'view_user','Can view user'),
 (17,5,'add_contenttype','Can add content type'),
 (18,5,'change_contenttype','Can change content type'),
 (19,5,'delete_contenttype','Can delete content type'),
 (20,5,'view_contenttype','Can view content type'),
 (21,6,'add_session','Can add session'),
 (22,6,'change_session','Can change session'),
 (23,6,'delete_session','Can delete session'),
 (24,6,'view_session','Can view session'),
 (25,7,'add_waterconsumption','Can add water consumption'),
 (26,7,'change_waterconsumption','Can change water consumption'),
 (27,7,'delete_waterconsumption','Can delete water consumption'),
 (28,7,'view_waterconsumption','Can view water consumption'),
 (29,8,'add_fields','Can add fields'),
 (30,8,'change_fields','Can change fields'),
 (31,8,'delete_fields','Can delete fields'),
 (32,8,'view_fields','Can view fields'),
 (33,9,'add_customers','Can add customers'),
 (34,9,'change_customers','Can change customers'),
 (35,9,'delete_customers','Can delete customers'),
 (36,9,'view_customers','Can view customers'),
 (37,10,'add_counters','Can add counters'),
 (38,10,'change_counters','Can change counters'),
 (39,10,'delete_counters','Can delete counters'),
 (40,10,'view_counters','Can view counters'),
 (41,11,'add_paids','Can add paids'),
 (42,11,'change_paids','Can change paids'),
 (43,11,'delete_paids','Can delete paids'),
 (44,11,'view_paids','Can view paids'),
 (45,12,'add_watercons','Can add water cons'),
 (46,12,'change_watercons','Can change water cons'),
 (47,12,'delete_watercons','Can delete water cons'),
 (48,12,'view_watercons','Can view water cons'),
 (49,13,'add_receivers','Can add receivers'),
 (50,13,'change_receivers','Can change receivers'),
 (51,13,'delete_receivers','Can delete receivers'),
 (52,13,'view_receivers','Can view receivers'),
 (53,9,'add_persons','Can add persons'),
 (54,9,'change_persons','Can change persons'),
 (55,9,'delete_persons','Can delete persons'),
 (56,9,'view_persons','Can view persons');
INSERT INTO "auth_user" ("id","password","last_login","is_superuser","username","last_name","email","is_staff","is_active","date_joined","first_name") VALUES (1,'pbkdf2_sha256$1000000$d8tUgBXDJN81teh2mrdyz6$RHnhZOjpq7YhL0DPicuZ4aS8b3v6uuB2ybXXjZc0FhU=','2025-07-11 20:12:29.967826',1,'gverv','','gnverv@gmail.com',1,1,'2025-05-01 07:57:14.896513',''),
 (2,'pbkdf2_sha256$1000000$83E0JtVnijkqx17hC7iF29$Ph/ZjMo5DHiVxN4km+yk0yhdWZi3bK5uYZupbXBnqDQ=','2025-07-11 20:40:03.987303',0,'xaroula','','',1,1,'2025-07-08 18:47:16',''),
 (3,'pbkdf2_sha256$1000000$HBN53aOnPWg6EmGoDOXFP5$0NZpOp7rAbwEezoWCihefOOMx1FonSRogbKTCvjfz40=','2025-07-14 14:38:27.612041',0,'spyros','','',1,1,'2025-07-11 19:07:15','');
INSERT INTO "django_session" ("session_key","session_data","expire_date") VALUES ('0xn0i68e1jh3yvkxmvstwacgqzn6epjv','.eJxVjEEOwiAQRe_C2hA6IKJL956BDDODVA0kpV0Z726bdKHb_95_bxVxmUtcukxxZHVRgzr8bgnpKXUD_MB6b5panacx6U3RO-361lhe1939CxTsZX2nJIEZIUAWyxnZY85MnGxwxCZkC-LlaJ03OcHadXjyzgzgiYHkrD5fPKM5pA:1uAOoS:wAITovKP2fu-8e-Ccbb54F1_4yA_nKKc_osWSxjqqrc','2025-05-15 07:58:32.069285'),
 ('f48svgov0cn1r6ovcioslxmyp957h3dr','.eJxVjEEOwiAQRe_C2hA6IKJL956BDDODVA0kpV0Z726bdKHb_95_bxVxmUtcukxxZHVRgzr8bgnpKXUD_MB6b5panacx6U3RO-361lhe1939CxTsZX2nJIEZIUAWyxnZY85MnGxwxCZkC-LlaJ03OcHadXjyzgzgiYHkrD5fPKM5pA:1uGVjT:hL0_1zrFza0WiFxFwJnJau2gv7mBnbrcdKvqTLxjcdA','2025-06-01 04:34:39.928804'),
 ('kv52g684tsd0g6rd4hcu45ip8iuop70o','.eJxVjEEOwiAQRe_C2hA6IKJL956BDDODVA0kpV0Z726bdKHb_95_bxVxmUtcukxxZHVRgzr8bgnpKXUD_MB6b5panacx6U3RO-361lhe1939CxTsZX2nJIEZIUAWyxnZY85MnGxwxCZkC-LlaJ03OcHadXjyzgzgiYHkrD5fPKM5pA:1uLbUF:5OBnZ63pN_Hz9Yn0Em1W0gWtk2aHYaSqXuvYtHrZGQ8','2025-06-15 05:43:59.885738'),
 ('0cj0uwo0au2dhmsv0fye203u6flnoe2i','.eJxVjEEOwiAQRe_C2hA6IKJL956BDDODVA0kpV0Z726bdKHb_95_bxVxmUtcukxxZHVRgzr8bgnpKXUD_MB6b5panacx6U3RO-361lhe1939CxTsZX2nJIEZIUAWyxnZY85MnGxwxCZkC-LlaJ03OcHadXjyzgzgiYHkrD5fPKM5pA:1uUFCs:GKe-n-A2r1fJNoq6cpkJ3D-EVEi_4Ur9uI9A_F6y0fU','2025-07-09 01:45:46.792498'),
 ('97vyov35fyz3kref8o0whiwen5w6rmrq','.eJxVjDsOwjAQBe_iGlnO-gslPWew1l4vDiBHipMKcXdkKQW0b2beW0Tctxr3XtY4k7gILU6_W8L8LG0AemC7LzIvbVvnJIciD9rlbaHyuh7u30HFXkfNZDCA8slBKBoRSiYDjOwpnx0SBDDOMU-qaOOAPSSrJscYiJK14vMFBxE4jw:1ubKK3:yfEXvysSbgXus7rduLpsDouLXbV4f9393vCZLnJGSeM','2025-07-28 14:38:27.629062');
INSERT INTO "synet_receivers" ("id","receiver") VALUES (1,'Τσαγκαράκη Χαρούλα'),
 (2,'Βερβελάκη Άννα');
INSERT INTO "synet_counters" ("id","collecter","counter","customer_id","lastIndication") VALUES (1,'1Κεντρικό','',54,NULL),
 (2,'2Γέφυρα','',54,NULL),
 (3,'3Λούτρα','',54,NULL),
 (4,'4Αόρι','',54,NULL),
 (5,'Παπ01','004229ca/99',10,NULL),
 (6,'Μηλ8','FD001619-07',5,NULL),
 (7,'Γεφ15','Fd001444-05',12,NULL),
 (8,'Δεξ1Β','004242CA/99',6,NULL),
 (9,'Δεξ3','1532010239',6,NULL),
 (10,'Μηλ1','005303CA/99',6,NULL),
 (11,'Γεφ20','004308ca/99',28,NULL),
 (12,'Μηλ2','006599CA/98',43,NULL),
 (13,'Δεξ1','2032010305',23,NULL),
 (14,'Γεφ02','924803',3,NULL),
 (15,'Μηλ7','1933003191',44,NULL),
 (16,'Τσ04','FC003280-08',44,NULL),
 (17,'Γεφ12','004306ca/99',14,NULL),
 (18,'Δεξ4Α','FC000794-06',38,NULL),
 (19,'Τσ16','536096',32,NULL),
 (20,'Δεξ1Α','7082411',45,NULL),
 (21,'Τσ01','004135CA/99',15,NULL),
 (22,'Δεξ4','1532007166',46,NULL),
 (23,'Γεφ18','1295-2-528',4,NULL),
 (24,'Μηλ9','1832012272παλιό νέο?',47,NULL),
 (25,'Μηλ3','16 025968',48,NULL),
 (26,'Τσ12','090559BA/95',49,NULL),
 (27,'Παπ12','7082650',21,NULL),
 (28,'Δεξ5Α','2132002569',50,NULL),
 (29,'Γεφ16','1994-ce002848',39,NULL),
 (30,'Μηλ4','002587ca/99',39,NULL),
 (31,'Παπ10','004230ca/99',39,NULL),
 (32,'Γεφ17','44952170',51,NULL),
 (33,'Γεφ19','12-023779',51,NULL),
 (34,'Τσ10','093241CA/95',52,NULL),
 (35,'Δεξ2','16 018269',53,NULL),
 (36,'Τσ05','536099',105,NULL),
 (37,'Τσ07','FC010582-02',89,NULL),
 (38,'Τσ17','536098',14,NULL),
 (39,'Γεφ08','02088',38,NULL),
 (40,'Τσ02','093857CA/95',22,NULL),
 (41,'Τσ09','607818',36,NULL),
 (42,'Τσ15','536092',106,NULL),
 (43,'Τσ06','002492CA99',64,NULL),
 (44,'Γεφ01','536097',100,NULL),
 (45,'Γεφ10','004137ca/99',107,NULL),
 (46,'Γεφ07','005940ca/99',108,NULL),
 (47,'Γεφ09','004311ca/99',85,NULL),
 (48,'Γεφ11','600905',59,NULL),
 (49,'Δεξ5','974600-12',60,NULL),
 (50,'Παπ02','0002855',106,NULL),
 (51,'Παπ03','166831',90,NULL),
 (52,'Παπ04','004070ca/99',55,NULL),
 (53,'Παπ05','006057ca/99',26,NULL),
 (54,'Παπ07','05 0480',65,NULL),
 (55,'Παπ09','003049ca/99',38,NULL);
INSERT INTO "synet_persons" ("id","fathersName","name","surname","member","payAsMember","isActive","aa","afm","placeOfResidence","phone","notes") VALUES (1,NULL,'Adem(Ανδρέας)','Russi',0,1,1,NULL,NULL,NULL,NULL,NULL),
 (2,NULL,'Bilal(Χρήστος)','Russi',0,1,1,NULL,NULL,NULL,NULL,NULL),
 (3,'Νικολάου','Ιωάννης','Μαρουλάκης',1,1,1,48,NULL,NULL,'6981805058',NULL),
 (4,'Νικολάου','Μαρία','Παπαδημητροπούλου(Θαλασσινού)',1,1,1,107,NULL,NULL,NULL,NULL),
 (5,'Νικολάου','Γεώργιος','Βερβελάκης',1,1,1,104,'042952443',NULL,'6955205240',NULL),
 (6,'','Σπύρος','Ζώτος',0,1,1,NULL,NULL,NULL,NULL,NULL),
 (7,'Ιωάννου','Μιχαήλ','Κικάκης',0,1,1,NULL,NULL,NULL,NULL,NULL),
 (8,'Γεωργίου','Εμμανουήλ','Πατιτάκης',0,1,1,NULL,NULL,NULL,NULL,NULL),
 (9,'Νικολάου','Ιωάννης','Βασιλάκης',0,0,1,NULL,NULL,NULL,NULL,NULL),
 (10,'Εμμανουήλ','Άννα','Βερβελάκη(Ψυλάκη)',0,1,1,NULL,NULL,NULL,NULL,NULL),
 (11,'Εμμανουήλ','Άννα','Τουλουπάκη(Καλέμη)',1,1,1,97,NULL,NULL,NULL,NULL),
 (12,'Εμμανουήλ','Δημήτρης','Γρυσμπολάκης',1,1,1,79,NULL,NULL,NULL,NULL),
 (13,'Δημητρίου','Μαρία','Χατζοβασιλάκη(Τζώρτζη)',1,1,1,46,NULL,'Ηράκλειο','6972424211',NULL),
 (14,'Γεωργίου','Στυλιανός','Μαρουλάκης',1,1,1,18,NULL,NULL,NULL,NULL),
 (15,'Εμμανουήλ','Αικατερίνη','Παπαδημητροπούλου(Βερβελάκη)',1,1,1,94,NULL,'Ηράκλειο',NULL,NULL),
 (16,'Δημητρίου','Κατερίνα','Χατζοβασιλάκη',0,1,1,NULL,NULL,NULL,NULL,NULL),
 (17,'Ματθαίου','Εμμανουήλ','Βαρδάκης',1,1,1,100,NULL,NULL,NULL,NULL),
 (18,'Εμμανουήλ','Γεώργιος','Πατιτάκης',0,1,1,NULL,NULL,NULL,NULL,NULL),
 (19,NULL,'Nikos','Plakut',0,0,1,NULL,NULL,NULL,NULL,NULL),
 (20,'Μιχαήλ','Γεωργία','Ρεστιβάκη(Παπαδημητροπούλου)',1,1,1,93,NULL,NULL,NULL,NULL),
 (21,'Ιωάννου','Γλυκερία','Προεστάκη(Χατζονικολάκη)',1,1,1,51,NULL,NULL,NULL,NULL),
 (22,'Άγγελου','Γεώργιος','Παπαδημητρόπουλος',1,1,1,98,NULL,'Αθήνα',NULL,NULL),
 (23,'Ιωάννου','Εμμανουήλ','Μαργαριτάκης',1,1,1,106,NULL,NULL,NULL,NULL),
 (24,NULL,'Δημήτρης','Γρυνιεζάκης',0,0,1,NULL,NULL,NULL,NULL,NULL),
 (25,NULL,NULL,'Απώλεια',0,0,1,NULL,NULL,NULL,NULL,NULL),
 (26,'Γεωργίου','Εμμανουήλ','Ποντικάκης',1,1,1,10,NULL,NULL,NULL,NULL),
 (27,'Ιωάννου','Αριστομένης','Μηλιαράκης',1,1,1,102,NULL,NULL,NULL,NULL),
 (28,'Εμμανουήλ','Μιχαήλ','Κικάκης',1,1,1,39,NULL,NULL,NULL,NULL),
 (29,'Δημητρίου','Δανάη','Χατζοβασιλάκη',0,1,1,NULL,NULL,NULL,NULL,NULL),
 (30,'Γεωργίου','Γιάννα','Πατιτάκη',0,1,1,NULL,NULL,NULL,NULL,NULL),
 (31,'Νικολάου','Εμμανουήλ','Βερβελάκης',1,1,1,41,NULL,NULL,NULL,NULL),
 (32,NULL,'Κώστας','Μπρότσικας',1,1,1,103,NULL,'Αθήνα',NULL,NULL),
 (33,'Δημητρίου','Ηρώ','Χατζοβασιλάκη',1,1,1,78,NULL,'Άρβη',NULL,NULL),
 (34,'Ιωάννου','Θεοχάρης','Κοκκινάκης',1,1,1,71,NULL,NULL,NULL,'Απεβίωσε'),
 (35,'Νικολάου','Γεώργιος','Πιτροπάκης',1,1,1,15,NULL,NULL,NULL,NULL),
 (36,'Ιωάννου','Αικατερίνη','Κακλαμάνου(Μηλιαράκη)',1,1,1,63,NULL,'Ιεράπετρα',NULL,NULL),
 (37,'Ευαγγέλου','Μανώλης','Αλεξάκης',0,1,1,NULL,NULL,NULL,NULL,NULL),
 (38,'Νικολάου','Κωνσταντίνος','Μπετεινάκης',1,1,1,81,NULL,NULL,NULL,NULL),
 (39,'Ιωάννου','Μαρία','Σηφάκη(Κοκκινάκη)',1,1,1,80,NULL,NULL,NULL,NULL),
 (40,'Μιχαήλ','Νικόλαος','Κικάκης',1,1,1,84,NULL,NULL,NULL,NULL),
 (41,'Νικολάου','Ιωάννης','Παπαδημητρόπουλος',1,1,1,30,NULL,NULL,NULL,NULL),
 (42,'Νικηφόρου','Μαρία','Παπαδημητροπούλου(Χρηστάκη)',0,1,1,NULL,NULL,NULL,NULL,NULL),
 (43,'Γεωργίου','Κατινούλα','Μαργαριτάκη(Παπαδάκη)',0,0,1,NULL,NULL,NULL,NULL,NULL),
 (44,'Νικολάου','Νικήτας','Μαρουλάκης',1,1,1,13,NULL,NULL,NULL,NULL),
 (45,'Νικηφόρου','Μάνθος','Παπαδημητρόπουλος',0,1,1,NULL,NULL,NULL,NULL,NULL),
 (46,'Χαραλάμπους','Ερωφίλη','Κιούση(Παπαδημητροπούλου)',0,1,1,NULL,NULL,NULL,NULL,NULL),
 (47,'','Ευαγγελία','Πατεραντωνάκη',0,0,1,NULL,NULL,NULL,NULL,NULL),
 (48,'Αποστόλου','Μαρία','Πατεραντωνάκη(Οικονομάκη)',0,0,1,NULL,NULL,NULL,NULL,NULL),
 (49,'Δημητρίου','Γεώργιος','Πατιτάκης',0,1,1,NULL,NULL,NULL,NULL,NULL),
 (50,'(Σελί)','Κατερίνα','Τσικρικωνάκη',0,0,1,NULL,NULL,NULL,NULL,NULL),
 (51,'Ιωάννου','Μιχαήλ','Στεφανάκης',1,1,1,27,NULL,NULL,NULL,NULL),
 (52,'Εμμανουήλ','Χαρούλα','Τσαγκαράκη(Αλεξάκη)',1,1,1,70,NULL,NULL,NULL,NULL),
 (53,'Δημητρίου','Γεώργιος','Χατζονικολάκης',1,1,1,86,NULL,NULL,NULL,NULL),
 (54,'','','Συνεταιρισμός',0,0,1,NULL,NULL,NULL,NULL,NULL),
 (55,'Ιωάννου','Δημήτριος','Χατζοβασιλάκης',1,1,0,11,NULL,NULL,NULL,NULL),
 (56,'Χαραλάμπου','Νικηφόρος','Παπαδημητρόπουλος',1,1,0,14,NULL,NULL,NULL,NULL),
 (57,'Γρηγορίου','Χαρίδημος','Παπαδημητρόπουλος',1,1,1,22,NULL,NULL,NULL,NULL),
 (58,'Γεωργίου','Εμμανουήλ','Χατζονικολάκης',1,1,0,23,NULL,NULL,NULL,NULL),
 (59,'Πέτρου','Εμμανουήλ','Φραγκάκης',1,1,0,24,NULL,NULL,NULL,NULL),
 (60,'Πέτρου','Γεώργιος','Φραγκάκης',1,1,0,25,NULL,NULL,NULL,NULL),
 (61,'Χαραλάμπου','Δημήτριος','Πατιτάκης',1,1,0,26,NULL,NULL,NULL,NULL),
 (62,'Κωνσταντίνου','Μαρία','Φραγκάκη-Βασιλάκη',1,1,0,28,NULL,NULL,NULL,NULL),
 (63,'Χαραλάμπου','Πέτρος','Παπαδημητρόπουλος',1,1,0,29,NULL,NULL,NULL,NULL),
 (64,'Εμμανουήλ','Χαρίδημος','Στεφανάκης',1,1,1,31,NULL,NULL,NULL,NULL),
 (65,'Νικολάου','Αντωνία','Πιτροπάκη',1,1,0,34,NULL,NULL,NULL,NULL),
 (66,'Ματθαίου','Εμμανουήλ','Σηφάκης',1,1,0,35,NULL,NULL,NULL,NULL),
 (67,'Ελευθερίου','Ιωάννης','Λουλάκης',1,1,0,37,NULL,NULL,NULL,NULL),
 (68,'Γεωργίου','Νικόλαος','Σταυρουλάκης',1,1,0,38,NULL,NULL,NULL,NULL),
 (69,'Δημητρίου','Εμμανουήλ','Παπαδημητρόπουλος',1,1,0,40,NULL,NULL,NULL,NULL),
 (70,'Ελευθερίου','Νικόλαος','Βελημβασάκης',1,1,0,42,NULL,NULL,NULL,NULL),
 (71,'Ιωάννου','Άννα','Βασιλάκη-Μηλιαράκη',1,1,0,43,NULL,'Αθήνα',NULL,NULL),
 (72,'Ιωάννου','Μιχαήλ','Βασιλάκης',1,1,0,44,NULL,NULL,NULL,NULL),
 (73,'Χαράλαμπου','Ιωάννης','Κοκκινάκης',1,1,0,47,NULL,'Ηράκλειο','2810256791',NULL),
 (74,'Αθανασίου','Χαράλαμπος','Κονσολάκης',1,1,0,49,NULL,NULL,NULL,NULL),
 (75,'Χαράλαμπου','Παναγιώτα','Θεοδοσάκη-Παπαδημητροπούλου',1,1,0,50,NULL,'Χόνδρος',NULL,NULL),
 (76,'Ζαχαρίου','Βασιλική','Φραγκάκη-Χατζογιαννάκη',1,1,0,54,NULL,NULL,NULL,NULL),
 (77,'Δημητρίου','Γεώργιος','Χατζοβασιλάκης',1,1,0,55,NULL,NULL,NULL,NULL),
 (78,'Ελευθερίου','Γεώργιος','Λουλάκης',1,1,0,56,NULL,NULL,NULL,NULL),
 (79,'Ιωάννου','Γεώργιος','Πιτροπάκης',1,1,0,57,NULL,'Άρβη',NULL,'Φίλος'),
 (80,NULL,'Ελένη','Πιτροπάκη',1,1,0,58,NULL,'Άρβη',NULL,'Φίλαινα'),
 (81,'Αναστασίου','Μαρίνα','Θεοδωρίδου',1,1,0,59,NULL,'Αθήνα',NULL,NULL),
 (82,NULL,'Ιωάννα','Μηλιαράκη',1,1,0,62,NULL,'Αθήνα',NULL,NULL),
 (83,'Χρήστου','Ευαγγελία','Παπαδημητροπούλου-Λάιου',1,1,0,64,NULL,NULL,NULL,'Απεβίωσε'),
 (84,'Ανδρέου','Μαρία','Καπετανάκη',1,1,0,65,NULL,'Ηράκλειο',NULL,NULL),
 (85,'Δημητρίου','Ιωάννης','Βασιλάκης',1,1,0,66,NULL,NULL,NULL,NULL),
 (86,'Ιωάννου','Εμμανουήλ','Κικάκης',1,1,0,68,NULL,'Αθήνα',NULL,NULL),
 (87,'Ιωάννου','Ειρήνη','Πατιτάκη',1,1,0,69,NULL,NULL,NULL,'Ρηνούλα'),
 (88,'Εμμανουήλ','Ιωάννα','Τσαγκαράκη-Πετράκη',1,1,0,72,NULL,NULL,NULL,NULL),
 (89,'Χαρίδημου','Σοφία','Θεοδοσάκη-Στεφανάκη',1,1,1,73,NULL,NULL,NULL,NULL),
 (90,'Εμμανουήλ','Αικατερίνη','Κονδυλάκη-Κρασά',1,1,0,74,NULL,NULL,NULL,NULL),
 (91,'Εμμανουήλ','Μιχαήλ','Μπεκράκης',1,1,0,75,NULL,'Αθήνα',NULL,NULL),
 (92,'Εμμανουήλ','Γεωργία','Κόσσυβα-Βραχνάκη',1,1,0,76,NULL,NULL,NULL,NULL),
 (93,'Ηλία','Ελένη','Κικάκη-Βασιλάκη',1,1,0,77,NULL,'Αθήνα',NULL,NULL),
 (94,'Ελευθερίου','Γεώργιος','Βελημβασάκης',1,1,0,82,NULL,NULL,NULL,NULL),
 (95,'Γεωργίου','Βασίλειος','Πιτροπάκης',1,1,1,83,NULL,NULL,NULL,NULL),
 (96,'συζ.ΕμμανουήλτουΗλία','Άννα','Βασιλάκη',1,1,0,88,NULL,'Αθήνα',NULL,NULL),
 (97,'Στυλιανού','Εμμανουήλ','Πατιτάκης',1,1,0,89,NULL,'Αθήνα',NULL,NULL),
 (98,'Πέτρου','Χαράλαμπος','Παπαδημητρόπουλος',1,1,0,91,NULL,'Ρέθυμνο',NULL,NULL),
 (99,'Ελευθερίου','Αναστασία','Φραγκάκη',1,1,0,95,NULL,'Ηράκλειο',NULL,NULL),
 (100,'Γεωργίου','Σταύρος','Πιτροπάκης',1,1,0,96,NULL,'Αθήνα',NULL,NULL),
 (101,'Γεωργίου','Μαρία','Πιτροπάκη',1,1,0,99,NULL,NULL,NULL,NULL),
 (102,'ΙωάννουκαιΣοφίας','Γεώργιος','Πιτροπάκης',1,1,0,101,NULL,NULL,NULL,NULL),
 (103,'?Μιχαήλ','Εμμανουήλ','Κικάκης',1,1,0,105,NULL,NULL,NULL,NULL),
 (104,'Kaplan','Denis(Αντώνης)','Lleshi',0,1,1,NULL,NULL,NULL,NULL,'Βερβελάκης Γεώργιος'),
 (105,'Εμμανουήλ','Ιωάννης','Βασιλάκης',1,1,1,NULL,NULL,'Αθήνα',NULL,NULL),
 (106,'Νικολάου','Αικατερίνη','Συγγελάκη',0,0,1,NULL,NULL,NULL,NULL,NULL),
 (107,'Γεωργίου','Εμμανουήλ','Πιτροπάκης',0,1,0,NULL,NULL,NULL,NULL,NULL),
 (108,'Γεωργίου','Δημήτριος','Στεφανάκης',0,0,0,NULL,NULL,NULL,NULL,NULL),
 (109,'Εμμανουήλ','Ευαγγελία','Βερβελάκη',0,1,1,NULL,NULL,'Αθήνα','6973806357',NULL);
INSERT INTO "synet_fields" ("id","field","olivesNumber","customer_id") VALUES (1,'',NULL,1),
 (2,'',NULL,2),
 (3,'',NULL,3),
 (4,'',NULL,4),
 (5,'',NULL,5),
 (6,'',NULL,6),
 (7,'',NULL,7),
 (8,'',NULL,8),
 (9,'',NULL,9),
 (10,'',NULL,10),
 (11,'',NULL,11),
 (12,'',NULL,12),
 (13,'',NULL,13),
 (14,'',NULL,14),
 (15,'',NULL,15),
 (16,'',NULL,16),
 (17,'',NULL,17),
 (18,'Αργουλίδα',NULL,6),
 (19,'Σπίθοι',300,1),
 (20,'Γριάς Πλάγια',300,8),
 (21,'Πετσοκόλι',130,18),
 (22,'Ηρώ',350,2),
 (23,'Σοφοκλή',150,19),
 (24,'Λούτρα',100,20),
 (25,'',NULL,21),
 (26,'',NULL,22),
 (27,'Κεφάλα',160,4),
 (28,'Σμαϊλη',NULL,15),
 (29,'Κεφάλα-Κόρνια',500,23),
 (30,'Καμπιά',400,20),
 (31,'',100,23),
 (32,'Κομάτα',160,16),
 (33,'Κουφωτός',200,8),
 (34,'Χαμετιανά',NULL,15),
 (35,'Συνοικισμός',NULL,20),
 (36,'Συνοικισμός',NULL,21),
 (37,'',390,3),
 (38,'Χατζ. Αργουλίδα',100,6),
 (39,'Κεφάλα',300,7),
 (40,'Αντωνία',NULL,6),
 (41,'Συνοικισμός',80,24),
 (42,'Αργουλίδα',NULL,10),
 (43,'Πετσοκόλι',NULL,14),
 (44,'Κατσικαντάρι',NULL,10),
 (45,'Τσιγαράς',NULL,1),
 (46,'',NULL,23),
 (47,'',NULL,25),
 (48,'Περδικόσελο',NULL,14),
 (49,'Περδικόσελο-Γεώτρηση',NULL,14),
 (50,'Αμυγδαλές',NULL,10),
 (51,'Λούτρα',NULL,10),
 (52,'Χαμετιανά',NULL,26),
 (53,'',NULL,27),
 (54,'',NULL,28),
 (55,'',NULL,20),
 (56,'',NULL,29),
 (57,'',NULL,30),
 (58,'',NULL,26),
 (59,'',NULL,19),
 (60,'',NULL,31),
 (61,'',NULL,32),
 (62,'',NULL,24),
 (63,'',NULL,33),
 (64,'',NULL,34),
 (65,'',NULL,35),
 (66,'',NULL,36),
 (67,'',NULL,37),
 (68,'',NULL,38),
 (69,'',NULL,39),
 (70,'',NULL,40),
 (71,'',NULL,41),
 (72,'',NULL,42),
 (73,'',NULL,43),
 (74,'',NULL,44),
 (75,'',NULL,45),
 (76,'',NULL,46),
 (77,'',NULL,47),
 (78,'',NULL,48),
 (79,'',NULL,49),
 (80,'',NULL,50),
 (81,'',NULL,51),
 (82,'',NULL,52),
 (83,'',NULL,53);
INSERT INTO "synet_watercons" ("id","serialNumber","date","finalIndication","initialIndication","intermediateIndication","cubicMeters","billableCubicMeters","hydronomistsCubicMeters","costPerMeter","cost","hydronomistsRight","viberMsg","notes","counter_id","field_id","receipt_id","customer_id") VALUES (1,1,'2024-03-12',516416,516216,NULL,200,200,NULL,0.3,60,NULL,'','',1,1,3,1),
 (2,2,'2024-03-13',516532,516416,NULL,116,116,NULL,0.3,34.8,NULL,'','',1,2,4,2),
 (3,3,'2024-03-13',516674,516532,NULL,142,142,NULL,0.3,42.6,NULL,'','',1,3,5,3),
 (4,4,'2024-03-30',516865,516674,NULL,191,191,NULL,0.3,57.3,NULL,'','',1,4,11,4),
 (5,5,'2024-04-03',517472,516865,NULL,607,607,NULL,0.3,182.1,NULL,NULL,'',1,5,1,5),
 (6,6,'2024-04-04',517770,517472,NULL,298,298,NULL,0.3,89.4,NULL,'','',1,6,6,6),
 (7,7,'2024-04-05',517980,517770,NULL,210,210,NULL,0.3,63,NULL,'','',1,7,7,7),
 (8,8,'2024-04-06',518158,517980,NULL,178,178,NULL,0.3,53.4,NULL,'','',1,8,8,8),
 (9,9,'2024-04-06',518244,518158,NULL,86,86,NULL,0.3,25.8,NULL,'','',1,7,9,7),
 (10,10,'2024-04-07',998,775,NULL,223,223,NULL,0.3,66.9,NULL,'','',2,9,10,9),
 (11,11,'2024-04-08',518329,518244,NULL,85,85,NULL,0.3,25.5,NULL,'','',1,6,12,6),
 (12,12,'2024-04-09',518629,518329,NULL,300,300,NULL,0.3,90,NULL,'','',1,10,13,10),
 (13,13,'2024-04-10',518980,518629,NULL,351,351,NULL,0.3,105.3,NULL,'','',1,8,14,8),
 (14,14,'2024-04-11',519180,518980,NULL,200,200,NULL,0.3,60,NULL,'','',1,11,15,11),
 (15,15,'2024-04-11',519370,519180,NULL,190,190,NULL,0.3,57,NULL,'','',1,12,16,12),
 (16,16,'2024-04-12',16158,16103,NULL,55,55,NULL,0.3,16.5,NULL,'','',3,10,17,10),
 (17,17,'2024-04-13',519613,519370,NULL,243,243,NULL,0.3,72.9,NULL,'','',1,3,18,3),
 (18,18,'2024-04-14',519959,519613,NULL,346,346,NULL,0.3,103.8,NULL,'','',1,13,19,13),
 (19,19,'2024-04-15',520024,519959,NULL,65,65,NULL,0.3,19.5,NULL,'','',1,14,20,14),
 (20,20,'2024-04-15',520112,520024,NULL,88,88,NULL,0.3,26.4,NULL,'','',1,10,21,10),
 (21,21,'2024-04-16',520297,520112,NULL,185,185,NULL,0.3,55.5,NULL,'','',1,14,22,14),
 (22,22,'2024-04-17',520576,520297,NULL,279,279,NULL,0.3,83.7,NULL,'','',1,15,23,15),
 (23,23,'2024-04-18',520772,520576,NULL,196,196,NULL,0.3,58.8,NULL,'','',1,16,24,16),
 (24,24,'2024-04-18',520834,520772,NULL,62,62,NULL,0.3,18.6,NULL,'','',1,1,25,1),
 (25,25,'2024-04-19',520903,520834,NULL,69,69,NULL,0.3,20.7,NULL,'','',1,7,26,7),
 (26,26,'2024-04-20',521089,520903,NULL,186,186,NULL,0.3,55.8,NULL,'','',1,11,27,11),
 (27,27,'2024-04-21',521408,521089,NULL,319,319,NULL,0.3,95.7,NULL,'','',1,17,28,17),
 (28,28,'2024-04-22',521563,521408,NULL,155,155,NULL,0.3,46.5,NULL,'','',1,18,29,6),
 (29,29,'2024-04-23',521907,521563,NULL,344,344,NULL,0.3,103.2,NULL,'','',1,19,30,1),
 (30,30,'2024-04-24',522187,521907,NULL,280,280,NULL,0.3,84,NULL,'','',1,20,31,8),
 (31,31,'2024-04-25',522271,522187,NULL,84,84,NULL,0.3,25.2,NULL,'','',1,14,32,14),
 (32,32,'2024-04-25',522373,522271,NULL,102,102,NULL,0.3,30.6,NULL,'','',1,6,33,6),
 (33,33,'2024-04-25',522451,522373,NULL,78,78,NULL,0.3,23.4,NULL,'','',1,21,34,18),
 (34,34,'2024-04-26',522624,522451,NULL,173,173,NULL,0.3,51.9,NULL,'','',1,10,35,10),
 (35,35,'2024-04-27',522956,522624,NULL,332,332,NULL,0.3,99.6,NULL,'','',1,22,36,2),
 (36,36,'2024-04-28',523100,522956,NULL,144,144,NULL,0.3,57.6,NULL,'','',1,23,37,19),
 (37,37,'2024-04-28',523201,523100,NULL,101,101,NULL,0.3,30.3,NULL,NULL,'',1,24,38,57),
 (38,39,'2024-04-29',523376,523230,NULL,146,146,NULL,0.3,43.8,NULL,'','',1,13,39,13),
 (39,40,'2024-05-01',523915,523376,NULL,539,539,NULL,0.3,161.7,NULL,NULL,'',1,5,2,5),
 (40,41,'2024-05-02',1148,998,NULL,150,150,NULL,0.3,45,NULL,'','',2,25,40,21),
 (41,42,'2024-05-03',523964,523915,NULL,49,49,NULL,0.3,14.7,NULL,'','',1,26,41,22),
 (42,43,'2024-05-04',1373,1148,NULL,225,225,NULL,0.3,67.5,NULL,'','',2,9,42,9),
 (43,44,'2024-05-06',524119,523964,NULL,155,155,NULL,0.3,46.5,NULL,'','',1,27,43,4),
 (44,45,'2024-05-07',524440,524119,NULL,321,321,NULL,0.3,96.3,NULL,'','',1,28,44,15),
 (45,46,'2024-05-08',524895,524440,NULL,455,455,NULL,0.3,136.5,NULL,'','',1,29,45,23),
 (46,47,'2024-05-09',10141,9936,NULL,205,205,NULL,0.3,82,NULL,NULL,'',4,30,46,57),
 (47,48,'2024-05-09',524993,524895,NULL,98,98,NULL,0.3,29.4,NULL,'','',1,31,47,23),
 (48,49,'2024-05-10',525096,524993,NULL,103,103,NULL,0.3,30.9,NULL,'','',1,32,48,16),
 (49,50,'2024-05-11',525340,525096,NULL,244,244,NULL,0.3,73.2,NULL,'','',1,18,49,6),
 (50,51,'2024-05-12',525561,525340,NULL,221,221,NULL,0.3,66.3,NULL,'','',1,33,50,8),
 (51,52,'2024-05-13',1422,1373,NULL,49,49,NULL,0.3,14.7,NULL,'','',2,34,51,15),
 (52,53,'2024-05-13',525640,525561,NULL,79,79,NULL,0.3,23.7,NULL,'','',1,35,52,20),
 (53,54,'2024-05-13',525727,525640,NULL,87,87,NULL,0.3,26.1,NULL,'','',1,36,53,21),
 (54,56,'2024-05-14',526086,525981,NULL,105,105,NULL,0.3,31.5,NULL,'','',1,37,54,3),
 (55,57,'2024-05-14',526111,526086,NULL,25,25,NULL,0.3,7.5,NULL,'','',1,38,55,6),
 (56,58,'2024-05-15',526432,526111,NULL,321,321,NULL,0.3,96.3,NULL,'','',1,39,56,7),
 (57,59,'2024-05-16',526655,526432,NULL,223,223,NULL,0.3,66.9,NULL,'','',1,40,57,6),
 (58,60,'2024-05-17',526792,526655,NULL,137,137,NULL,0.3,41.1,NULL,'','',1,35,58,20),
 (59,61,'2024-05-18',526867,526792,NULL,75,75,NULL,0.3,30,NULL,'','',1,41,59,24),
 (60,62,'2024-05-19',527191,526867,NULL,324,324,NULL,0.3,97.2,NULL,'','',1,42,60,10),
 (61,63,'2024-05-20',527259,527191,NULL,68,68,NULL,0.3,20.4,NULL,'','',1,43,61,14),
 (62,64,'2024-05-20',527342,527259,NULL,83,83,NULL,0.3,24.9,NULL,'','',1,44,62,10),
 (63,65,'2024-05-21',527572,527342,NULL,230,230,NULL,0.3,69,NULL,'','',1,1,63,1),
 (64,66,'2024-05-21',1505,1422,NULL,83,83,NULL,0.3,24.9,NULL,'','',2,45,64,1),
 (65,67,'2024-05-22',527913,527572,NULL,341,341,NULL,0.3,102.3,NULL,'','',1,46,65,23),
 (66,68,'2024-05-23',528008,527913,NULL,95,NULL,NULL,0,NULL,NULL,NULL,'',1,47,82,25),
 (67,69,'2024-05-23',528110,528008,NULL,102,55,NULL,0.3,16.5,NULL,NULL,'',1,48,66,14),
 (68,70,'2024-05-24',528210,528110,NULL,100,110,NULL,0.3,33,NULL,NULL,'',1,49,71,14),
 (69,71,'2024-05-24',528269,528210,NULL,59,59,NULL,0.3,17.7,NULL,'','',1,50,72,10),
 (70,72,'2024-05-25',528277,528269,NULL,8,NULL,NULL,0,NULL,NULL,NULL,'',1,47,83,25),
 (71,73,'2024-05-25',528760,528277,NULL,483,483,NULL,0.3,144.9,NULL,'','',1,13,73,13),
 (72,74,'2024-05-26',16245,16158,NULL,87,87,NULL,0.3,26.1,NULL,'','',3,51,74,10),
 (73,75,'2024-05-27',528951,528760,NULL,191,191,NULL,0.3,57.3,NULL,'','',1,52,68,26),
 (74,76,'2024-05-28',529212,528951,NULL,261,261,NULL,0.3,78.3,NULL,'','',1,2,75,2),
 (75,77,'2024-05-28',1557,1505,NULL,52,52,NULL,0.3,15.6,NULL,'','',2,2,76,2),
 (76,78,'2024-05-29',529847,529212,NULL,635,635,NULL,0.3,190.5,NULL,'','',1,5,77,5),
 (77,79,'2024-05-30',10322,10172,NULL,150,150,NULL,0.3,60,NULL,'','',4,53,67,27),
 (78,80,'2024-06-01',530189,529847,529847,342,342,342,0.3,102.6,17.1,'','',1,17,78,17),
 (79,81,'2024-06-02',530320,530189,530189,131,131,131,0.3,39.3,6.55,'','',1,54,69,28),
 (80,82,'2024-06-03',530567,530320,530320,247,247,247,0.3,74.1,12.35,'','',1,55,79,20),
 (81,83,'2024-06-04',530708,530567,530567,141,141,141,0.3,42.3,7.05,'','',1,56,80,29),
 (82,84,'2024-06-05',531013,530708,530708,305,305,305,0.3,91.5,15.25,'','',1,57,81,30),
 (83,85,'2024-06-06',531350,531013,531013,337,337,337,0.3,101.1,16.85,'','',1,11,89,11),
 (84,86,'2024-06-07',531410,531350,531350,60,60,60,0.3,18,3,'','',1,26,90,22),
 (85,87,'2024-06-07',531659,531410,531410,249,249,249,0.3,74.7,12.45,'','',1,6,91,6),
 (86,88,'2024-06-08',531901,531659,531659,242,242,242,0.3,72.6,12.1,'','',1,58,92,26),
 (87,89,'2024-06-09',532060,531901,531901,159,159,159,0.3,47.7,7.95,'','',1,4,93,4),
 (88,90,'2024-06-09',532194,532060,532060,134,134,134,0.3,40.2,6.7,'','',1,1,94,1),
 (89,91,'2024-06-10',532401,532194,532194,207,207,207,0.3,62.1,10.35,'','',1,16,88,16),
 (90,92,'2024-06-11',532613,532401,532401,212,212,212,0.3,84.8,10.6,'','',1,59,86,19),
 (91,93,'2024-06-12',1727,1557,1557,170,170,170,0.3,51,8.5,'','',2,9,84,9),
 (92,94,'2024-06-13',1970,1727,1727,243,243,243,0.3,72.9,12.15,'','',2,25,85,21),
 (93,95,'2024-06-13',532939,532613,532613,326,326,326,0.3,97.8,16.3,'','',1,7,87,7),
 (94,96,'2024-06-14',532999,532939,532939,60,60,60,0.3,18,3,'14/06/24 Ρεστιβάκη Γεωργία Παπαδημητρόπουλος Χαρίδημος 60 κυβικά 18€','',1,55,95,20),
 (95,97,'2024-06-14',10435,10322,10322,113,113,113,0.3,45.2,5.65,'14/06/24 Ρεστιβάκη Γεωργία Παπαδημητρόπουλος Χαρίδημος 113 κυβικά 45,2€','',4,55,96,20),
 (96,98,'2024-06-15',533336,532999,532999,337,337,337,0.3,101.1,16.85,'15/06/24 Παπαδημητροπούλου Καίτη 337 κυβικά 101,1€','',1,15,97,15),
 (97,99,'2024-06-16',533505,533336,533336,169,169,169,0.3,50.7,8.45,'16/06/24 Γρυσμπολάκης Δημήτρης 169 κυβικά 50,7€','',1,12,98,12),
 (98,100,'2024-06-16',533565,533505,533505,60,60,60,0.3,18,3,'16/06/24 Προεστάκη Γλυκερία 60 κυβικά 18€','',1,25,99,21),
 (99,101,'2024-06-17',533726,533565,533565,161,161,161,0.3,48.3,8.05,'17/06/24 Μαρουλάκης Ιωάννης 161 κυβικά 48,3€','',1,3,100,3),
 (100,102,'2024-06-18',534164,533726,533726,438,438,438,0.3,131.4,21.9,'18/06/24 Μαργαριτάκης Μανώλης 438 κυβικά 131,4€','',1,46,101,23),
 (101,103,'2024-06-19',534291,534164,534164,127,127,127,0.3,38.1,6.35,'19/06/24 Ρεστιβάκη Γεωργία Παπαδημητρόπουλος Χαρίδημος 127 κυβικά 38,1€','',1,55,102,20),
 (102,104,'2024-06-20',534625,534291,534291,334,334,334,0.3,100.2,16.7,'20/06/24 Βερβελάκης Μανώλης 334 κυβικά 100,2€','',1,60,103,31),
 (103,105,'2024-06-21',534697,534625,534625,72,72,72,0.3,21.6,3.6,'21/06/24 Βερβελάκης Μανώλης 72 κυβικά 21,6€','',1,60,104,31),
 (104,106,'2024-06-21',534771,534697,534697,74,74,74,0.3,22.2,3.7,'21/06/24 Μαρουλάκης Στέλιος 74 κυβικά 22,2€','',1,14,105,14),
 (105,107,'2024-06-22',535022,534771,534771,251,251,251,0.3,75.3,12.55,'22/06/24 Russi Bilal ( Χρήστος) 251 κυβικά 75,3€','',1,2,106,2),
 (106,108,'2024-06-22',2037,1970,1970,67,67,67,0.3,20.1,3.35,'22/06/24 Russi Bilal ( Χρήστος) 67 κυβικά 20,1€','',2,2,107,2),
 (107,109,'2024-06-19',10564,10435,10435,129,129,129,0.3,51.6,6.45,'19/06/24 Ρεστιβάκη Γεωργία Παπαδημητρόπουλος Χαρίδημος 129 κυβικά 51,6€','',4,55,108,20),
 (108,110,'2024-06-23',535225,535022,535022,203,203,203,0.3,60.9,10.15,'23/06/24 Russi Adem( Ανδρέας) 203 κυβικά 60,9€','',1,1,109,1),
 (109,111,'2024-06-23',2134,2037,2037,97,97,97,0.3,29.1,4.85,'23/06/24 Russi Adem( Ανδρέας) 97 κυβικά 29,1€','',2,1,110,1),
 (110,112,'2024-06-24',535297,535225,535225,72,72,72,0.3,21.6,3.6,'24/06/24 Ποντικάκης Μανώλης 72 κυβικά 21,6€','',1,58,111,26),
 (111,113,'2024-06-25',535674,535297,535297,377,377,377,0.3,113.1,18.85,'25/06/24 Πατιτάκης Μανώλης 377 κυβικά 113,1€','',1,8,112,8),
 (112,114,'2024-06-27',536357,535674,535674,683,683,683,0.3,204.9,34.15,'27/06/24 Βερβελάκης Γεώργιος 683 κυβικά 204,9€','',1,5,113,5),
 (113,115,'2024-06-04',16281,16245,16245,36,36,36,0.3,10.8,1.8,'04/06/24 Μπρότσικας Κώστας 36 κυβικά 10,8€','',3,61,114,32),
 (114,116,'2024-06-24',16354,16281,16281,73,73,73,0.3,21.9,3.65,'24/06/24 Βερβελάκης Μανώλης 73 κυβικά 21,9€','',3,60,115,31),
 (115,117,'2024-06-28',536491,536357,536357,134,134,134,0.3,40.2,6.7,'28/06/24 Μαρουλάκης Στέλιος 134 κυβικά 40,2€','',1,14,117,14),
 (116,118,'2024-06-28',536546,536491,536491,55,55,55,0.3,16.5,2.75,'28/06/24 Χατζοβασιλάκη Μαρία 55 κυβικά 16,5€','',1,13,116,13),
 (117,119,'2024-06-29',536665,536546,536546,119,119,119,0.3,35.7,5.95,'29/06/24 Μαρουλάκης Στέλιος 119 κυβικά 35,7€','',1,14,118,14),
 (118,120,'2024-06-29',536725,536665,536665,60,60,60,0.3,18,3,'29/06/24 Κικάκης Μιχ. τ. Ιωάννου 60 κυβικά 18€','',1,7,119,7),
 (119,121,'2024-06-30',536863,536725,536725,138,138,138,0.3,41.4,6.9,'30/06/24 Κικάκης Μιχ. τ. Εμμ. 138 κυβικά 41,4€','',1,54,120,28),
 (120,122,'2024-07-01',537213,536863,536863,350,350,350,0.3,105,17.5,'01/07/24 Ποντικάκης Μανώλης 350 κυβικά 105€','',1,58,122,26),
 (121,123,'2024-07-02',537475,537213,537213,262,262,262,0.3,78.6,13.1,'02/07/24 Χατζοβασιλάκη Κατερίνα 262 κυβικά 78,6€','',1,16,123,16),
 (122,124,'2024-07-03',537851,537475,537475,376,376,376,0.3,112.8,18.8,'03/07/24 Χατζοβασιλάκη Μαρία 376 κυβικά 112,8€','',1,13,124,13),
 (123,125,'2024-07-04',538126,537851,537851,275,275,275,0.3,82.5,13.75,'04/07/24 Βαρδάκης Μανώλης Ματθαίου 275 κυβικά 82,5€','',1,17,125,17),
 (124,126,'2024-07-05',538273,538126,538126,147,147,147,0.3,44.1,7.35,'05/07/24 Παπαδημητροπούλου Μαρία Θαλασσινός Γιώργος 147 κυβικά 44,1€','',1,4,126,4),
 (125,127,'2024-07-06',538407,538273,538273,134,134,134,0.3,40.2,6.7,'06/07/24 Ρεστιβάκη Γεωργία Παπαδημητρόπουλος Χαρίδημος 134 κυβικά 40,2€','',1,55,127,20),
 (126,128,'2024-07-06',10688,10564,10564,124,124,124,0.3,49.6,6.2,'06/07/24 Ρεστιβάκη Γεωργία Παπαδημητρόπουλος Χαρίδημος 124 κυβικά 49,6€','',4,55,128,20),
 (127,129,'2024-07-07',538499,538407,538407,92,92,92,0.3,36.8,4.6,'07/07/24 Γρυνιεζάκης Δημήτρης 92 κυβικά 36,8€','',1,62,129,24),
 (128,130,'2024-07-07',538531,538499,538499,32,32,32,0.3,9.6,1.6,'07/07/24 Παπαδημητρόπουλος Γεώργιος Άγγελου 32 κυβικά 9,6€','',1,26,130,22),
 (129,131,'2024-07-08',538612,538531,538531,81,81,81,0.3,24.3,4.05,'08/07/24 Χατζοβασιλάκη Ηρώ 81 κυβικά 24,3€','',1,63,131,33),
 (130,132,'2024-07-09',538775,538612,538612,163,163,163,0.3,48.9,8.15,'09/07/24 Κοκινάκης Θεοχάρης 163 κυβικά 48,9€','',1,64,133,34),
 (131,133,'2024-07-09',10793,10688,10688,105,105,105,0.3,42,5.25,'09/07/24 Κοκινάκης Θεοχάρης 105 κυβικά 42€','',4,64,132,34),
 (132,134,'2024-07-10',539098,538775,538775,323,323,323,0.3,96.9,16.15,'10/07/24 Πατιτάκη Γιάννα 323 κυβικά 96,9€','',1,57,134,30),
 (133,135,'2024-07-11',539326,539098,539098,228,228,228,0.3,68.4,11.4,'11/07/24 Πιτροπάκης Γεώργιος Νικολάου 228 κυβικά 68,4€','',1,65,135,35),
 (134,136,'2024-07-13',539653,539326,539326,327,327,327,0.3,98.1,16.35,'13/07/24 Ζώτος Σπύρος 327 κυβικά 98,1€','',1,6,136,6),
 (135,137,'2024-07-13',539815,539653,539653,162,162,162,0.3,48.6,8.1,'13/07/24 Κικάκης Μιχ. τ. Εμμ. 162 κυβικά 48,6€','',1,54,137,28),
 (136,138,'2024-07-14',2346,2037,2037,309,309,309,0.3,92.7,15.45,'14/07/24 Προεστάκη Γλυκερία 309 κυβικά 92,70€','',2,25,138,21),
 (137,139,'2024-07-15',539900,539815,539815,85,85,85,0.3,25.5,4.25,'15/07/24 Ποντικάκης Μανώλης 85 κυβικά 25,50€','',1,58,139,26),
 (138,140,'2024-07-16',540084,539900,539900,184,184,184,0.3,55.2,9.2,'16/07/24 Μαρουλάκης Ιωάννης 184 κυβικά 55,20€','',1,3,140,3),
 (139,141,'2024-07-16',540194,540084,540084,110,110,110,0.3,33,5.5,'16/07/24 Russi Adem( Ανδρέας) 110 κυβικά 33,00€','',1,1,141,1),
 (140,142,'2024-07-17',540496,540194,540194,302,302,302,0.3,90.6,15.1,'17/07/24 Τουλουπάκη Άννα 302 κυβικά 90,60€','',1,11,142,11),
 (141,143,'2024-07-18',540783,540496,540496,287,287,287,0.3,86.1,14.35,'18/07/24 Russi Bilal ( Χρήστος) 287 κυβικά 86,10€','',1,2,143,2),
 (142,144,'2024-07-19',540897,540783,540783,114,114,114,0.3,34.2,5.7,'19/07/24 Κακλαμάνος Ανδρέας 114 κυβικά 34,20€','',1,66,144,36),
 (143,145,'2024-07-20',541167,540897,540897,270,270,270,0.3,81,13.5,'20/07/24 Παπαδημητροπούλου Καίτη 270 κυβικά 81,00€','',1,15,145,15),
 (144,146,'2024-07-21',541429,541167,541167,262,262,262,0.3,78.6,13.1,'21/07/24 Κικάκης Μιχ. τ. Εμμ. 262 κυβικά 78,60€','',1,54,146,28),
 (145,147,'2024-07-22',541550,541429,541429,121,121,121,0.3,36.3,6.05,'22/07/24 Παπαδημητροπούλου Μαρία Θαλασσινός Γιώργος 121 κυβικά 36,30€','',1,4,147,4),
 (146,148,'2024-07-23',541838,541550,541550,288,288,288,0.3,86.4,14.4,'23/07/24 Βερβελάκης Μανώλης 288 κυβικά 86,40€','',1,60,148,31),
 (147,149,'2024-07-25',542081,541838,541838,243,243,243,0.3,72.9,12.15,'25/07/24 Μαρουλάκης Στέλιος 243 κυβικά 72,90€','',1,14,149,14),
 (148,150,'2024-07-25',542126,542081,542081,45,45,45,0.3,13.5,2.25,'25/07/24 Βερβελάκης Μανώλης 45 κυβικά 13,50€','',1,60,150,31),
 (149,151,'2024-07-25',16396,16354,16354,42,42,42,0.3,12.6,2.1,'25/07/24 Αλεξάκης Μανώλης 42 κυβικά 12,60€','',3,67,151,37),
 (150,152,'2024-07-26',16487,16396,16396,91,91,91,0.3,27.3,4.55,'26/07/24 Βερβελάκης Μανώλης 91 κυβικά 27,30€','',3,60,152,31),
 (151,153,'2024-07-25',542179,542126,542126,53,53,53,0.3,15.9,2.65,'25/07/24 Προεστάκη Γλυκερία 53 κυβικά 15,90€','',1,25,153,21),
 (152,154,'2024-07-28',542803,542179,542179,624,624,624,0.3,187.2,31.2,'28/07/24 Βερβελάκης Γεώργιος 624 κυβικά 187,20€','',1,5,154,5),
 (153,155,'2024-07-30',10958,10793,10793,165,165,165,0.3,66,8.25,'30/07/24 Μπετεινάκης Κωστής 165 κυβικά 66,00€','',4,68,155,38),
 (154,156,'2024-07-31',543141,542803,542803,338,338,338,0.3,101.4,16.9,'31/07/24 Russi Adem( Ανδρέας) 338 κυβικά 101,40€','',1,1,156,1),
 (155,157,'2024-08-01',543358,543141,543141,217,217,217,0.3,65.1,10.85,'01/08/24 Χατζοβασιλάκη Κατερίνα 217 κυβικά 65,10€','',1,16,157,16),
 (156,158,'2024-08-02',16520,16487,16487,33,33,33,0.3,9.9,1.65,'02/08/24 Κικάκης Μιχ. τ. Ιωάννου 33 κυβικά 9,90€','',3,7,158,7),
 (157,159,'2024-08-03',543725,543358,543358,367,367,367,0.3,110.1,18.35,'03/08/24 Χατζοβασιλάκη Μαρία 367 κυβικά 110,10€','',1,13,159,13),
 (158,160,'2024-08-04',544006,543725,543725,281,281,281,0.3,84.3,14.05,'04/08/24 Βαρδάκης Μανώλης Ματθαίου 281 κυβικά 84,30€','',1,17,160,17),
 (159,161,'2024-08-05',544105,544006,544006,99,99,99,0.3,29.7,4.95,'05/08/24 Σηφάκη Μαρία 99 κυβικά 29,70€','',1,69,161,39),
 (160,162,'2024-08-06',544173,544105,544105,68,68,68,0.3,20.4,3.4,'06/08/24 Ζώτος Σπύρος 68 κυβικά 20,40€','',1,6,162,6),
 (161,163,'2024-08-06',544304,544173,544173,131,131,131,0.3,52.4,6.55,'06/08/24 Plakut Nikos 131 κυβικά 52,40€','',1,59,163,19),
 (162,164,'2024-08-06',544334,544304,544304,30,30,30,0.3,9,1.5,'06/08/24 Παπαδημητρόπουλος Γεώργιος Άγγελου 30 κυβικά 9,00€','',1,26,164,22),
 (163,165,'2024-08-07',544750,544334,544334,416,416,416,0.3,124.8,20.8,'07/08/24 Πατιτάκης Μανώλης 416 κυβικά 124,80€','',1,8,165,8),
 (164,166,'2024-08-08',545124,544750,544750,374,374,374,0.3,112.2,18.7,'08/08/24 Ζώτος Σπύρος 374 κυβικά 112,20€','',1,6,166,6),
 (165,167,'2024-08-10',2548,2346,2346,202,202,202,0.3,60.6,10.1,'10/08/24 Βασιλάκης Ιω. τ. Νικολάου 202 κυβικά 60,60€','',2,9,167,9),
 (166,168,'2024-08-11',545415,545124,545124,291,291,291,0.3,87.3,14.55,'11/08/24 Μαργαριτάκης Μανώλης 291 κυβικά 87,30€','',1,46,168,23),
 (167,169,'2024-08-13',545744,545415,545415,329,329,329,0.3,98.7,16.45,'13/08/24 Κικάκης Νικόλαος 329 κυβικά 98,70€','',1,70,169,40),
 (168,170,'2024-08-14',545895,545744,545744,151,151,151,0.3,45.3,7.55,'14/08/24 Πιτροπάκης Γεώργιος Νικολάου 151 κυβικά 45,30€','',1,65,170,35),
 (169,171,'2024-08-15',546055,545895,545895,160,160,160,0.3,48,8,'15/08/24 Παπαδημητρόπουλος Ιωάννης Νικολάου 160 κυβικά 48,00€','',1,71,171,41),
 (170,172,'2024-08-16',546190,546055,546055,135,135,135,0.3,40.5,6.75,'16/08/24 Κακλαμάνος Ανδρέας 135 κυβικά 40,50€','',1,66,172,36),
 (171,173,'2024-08-17',546473,546190,546190,283,283,283,0.3,84.9,14.15,'17/08/24 Κικάκης Μιχ. τ. Ιωάννου 283 κυβικά 84,90€','',1,7,173,7),
 (172,174,'2024-08-18',546775,546473,546473,302,302,302,0.3,90.6,15.1,'18/08/24 Russi Bilal ( Χρήστος) 302 κυβικά 90,60€','',1,2,174,2),
 (173,175,'2024-08-20',547069,546775,546775,294,294,294,0.3,88.2,14.7,'20/08/24 Russi Adem( Ανδρέας) 294 κυβικά 88,20€','',1,1,175,1),
 (174,176,'2024-08-21',547239,547069,547069,170,170,170,0.3,51,8.5,'21/08/24 Μαρουλάκης Ιωάννης 170 κυβικά 51,00€','',1,3,176,3),
 (175,177,'2024-08-21',547310,547239,547239,71,71,71,0.3,21.3,3.55,'21/08/24 Ποντικάκης Μανώλης 71 κυβικά 21,30€','',1,58,177,26),
 (176,178,'2024-08-22',547547,547310,547310,237,237,237,0.3,71.1,11.85,'22/08/24 Τουλουπάκη Άννα 237 κυβικά 71,10€','',1,11,178,11),
 (177,179,'2024-08-23',547625,547547,547547,78,78,78,0.3,31.2,3.9,'Παρ 23/08/24 Γρυνιεζάκης Δημήτρης 78 κυβικά 31,20€','',1,62,179,24),
 (178,180,'2024-08-24',547779,547625,547625,154,154,154,0.3,46.2,7.7,'Σάβ 24/08/24 Παπαδημητροπούλου Μαρία Θαλασσινός Γιώργος 154 κυβικά 46,20€','',1,4,180,4),
 (179,181,'2024-08-24',547893,547779,547779,114,114,114,0.3,34.2,5.7,'Σάβ 24/08/24 Παπαδημητροπούλου Καίτη 114 κυβικά 34,20€','',1,15,181,15),
 (180,182,'2024-08-25',548255,547893,547893,362,362,362,0.3,108.6,18.1,'Κυρ 25/08/24 Βερβελάκης Γεώργιος 362 κυβικά 108,60€','',1,5,182,5),
 (181,183,'2024-08-26',548314,548255,548255,59,59,59,0.3,17.7,2.95,'Δευ 26/08/24 Βερβελάκης Μανώλης 59 κυβικά 17,70€','',1,60,183,31),
 (182,184,'2024-08-27',548567,548314,548314,253,253,253,0.3,75.9,12.65,'Τρί 27/08/24 Μαρουλάκης Στέλιος 253 κυβικά 75,90€','',1,14,184,14),
 (183,185,'2024-08-28',2749,2548,2548,201,201,201,0.3,60.3,10.05,'Τετ 28/08/24 Προεστάκη Γλυκερία 201 κυβικά 60,30€','',2,25,186,21),
 (184,186,'2024-08-29',548918,548567,548567,351,351,351,0.3,105.3,17.55,'Πέμ 29/08/24 Ποντικάκης Μανώλης 351 κυβικά 105,30€','',1,58,187,26),
 (185,187,'2024-08-29',549013,548918,548918,95,95,95,0.3,28.5,4.75,'Πέμ 29/08/24 Μαρουλάκης Στέλιος 95 κυβικά 28,50€','',1,14,185,14),
 (186,188,'2024-09-01',549210,549013,549013,197,197,197,0.3,59.1,9.85,'Κυρ 01/09/24 Ρεστιβάκη Γεωργία Παπαδημητρόπουλος Χαρίδημος 197 κυβικά 59,10€','',1,55,188,20),
 (187,189,'2024-09-01',11206,10958,10958,248,248,248,0.3,99.2,12.4,'Κυρ 01/09/24 Ρεστιβάκη Γεωργία Παπαδημητρόπουλος Χαρίδημος 248 κυβικά 99,20€','',4,55,189,20),
 (188,190,'2024-09-02',549305,549210,549210,95,95,95,0.3,28.5,4.75,'Δευ 02/09/24 Βερβελάκης Μανώλης 95 κυβικά 28,50€','',1,60,190,31),
 (189,191,'2024-09-02',549481,549305,549305,176,176,176,0.3,52.8,8.8,'Δευ 02/09/24 Ζώτος Σπύρος 176 κυβικά 52,80€','',1,6,192,6),
 (190,192,'2024-09-03',549753,549481,549481,272,272,272,0.3,81.6,13.6,'Τρί 03/09/24 Κικάκης Μιχ. τ. Εμμ. 272 κυβικά 81,60€','',1,54,191,28),
 (191,193,'2024-09-05',550260,549753,549753,507,507,507,0.3,152.1,25.35,'Πέμ 05/09/24 Βερβελάκης Γεώργιος 507 κυβικά 152,10€','',1,5,193,5),
 (192,194,'2024-09-06',550377,550260,550260,117,117,117,0.3,35.1,5.85,'Παρ 06/09/24 Κακλαμάνος Ανδρέας 117 κυβικά 35,10€','',1,66,194,36),
 (193,195,'2024-09-07',550541,550377,550377,164,164,164,0.3,49.2,8.2,'Σάβ 07/09/24 Βερβελάκης Μανώλης 164 κυβικά 49,20€','',1,60,195,31),
 (194,196,'2024-09-07',16584,16520,16520,64,64,64,0.3,19.2,3.2,'Σάβ 07/09/24 Βερβελάκης Μανώλης 64 κυβικά 19,20€','',3,60,196,31),
 (195,197,'2024-09-08',550834,550541,550541,293,293,293,0.3,87.9,14.65,'Κυρ 08/09/24 Βαρδάκης Μανώλης Ματθαίου 293 κυβικά 87,90€','',1,17,197,17),
 (196,198,'2024-09-10',551077,550834,550834,243,243,243,0.3,72.9,12.15,'Τρί 10/09/24 Χατζοβασιλάκη Μαρία 243 κυβικά 72,90€','',1,13,198,13),
 (197,199,'2024-09-12',551596,551077,551077,519,519,519,0.3,155.7,25.95,'Πέμ 12/09/24 Πατιτάκη Γιάννα 519 κυβικά 155,70€','',1,57,199,30),
 (198,200,'2024-09-13',551745,551596,551596,149,149,149,0.3,44.7,7.45,'Παρ 13/09/24 Ποντικάκης Μανώλης 149 κυβικά 44,70€','',1,58,200,26),
 (199,201,'2024-09-14',2952,2749,2749,203,203,203,0.3,60.9,10.15,'Σάβ 14/09/24 Βασιλάκης Ιω. τ. Νικολάου 203 κυβικά 60,90€','',2,9,201,9),
 (200,202,'2024-09-15',551977,551745,551745,232,232,232,0.3,69.6,11.6,'Κυρ 15/09/24 Μαργαριτάκης Μανώλης 232 κυβικά 69,60€','',1,46,202,23),
 (201,203,'2024-09-15',11264,11206,11206,58,58,58,0.3,23.2,2.9,'Κυρ 15/09/24 Μαργαριτάκης Μανώλης 58 κυβικά 23,20€','',4,46,203,23),
 (202,204,'2024-09-17',552130,551977,551977,153,153,153,0.3,45.9,7.65,'Τρί 17/09/24 Μαρουλάκης Ιωάννης 153 κυβικά 45,90€','',1,3,209,3),
 (203,205,'2024-09-18',552363,552130,552130,233,233,233,0.3,69.9,11.65,'Τετ 18/09/24 Ζώτος Σπύρος 233 κυβικά 69,90€','',1,6,210,6),
 (204,206,'2024-09-19',552505,552130,552130,375,142,142,0.3,42.6,7.1,'Πέμ 19/09/24 Russi Bilal ( Χρήστος) 375 κυβικά 112,50€','',1,2,204,2),
 (205,207,'2024-09-21',3102,2952,2952,150,150,150,0.3,45,7.5,'Σάβ 21/09/24 Προεστάκη Γλυκερία 150 κυβικά 45,00€','',2,25,205,21),
 (206,208,'2024-09-22',552617,552505,552505,112,112,112,0.3,33.6,5.6,'Κυρ 22/09/24 Παπαδημητροπούλου Μαρία Θαλασσινός Γιώργος 112 κυβικά 33,60€','',1,4,206,4),
 (207,209,'2024-09-24',552782,552617,552617,165,165,165,0.3,49.5,8.25,'Τρί 24/09/24 Κικάκης Μιχ. τ. Εμμ. 165 κυβικά 49,50€','',1,54,207,28),
 (208,210,'2024-09-25',552942,552782,552782,160,160,160,0.3,48,8,'Τετ 25/09/24 Χατζοβασιλάκη Δανάη 160 κυβικά 48,00€','',1,56,208,29),
 (209,211,'2024-09-26',553126,552942,552942,184,166,184,0.3,49.8,8.3,'Πέμ 26/09/24 Κικάκης Μιχ. τ. Ιωάννου 166 κυβικά 49,80€','',1,7,211,7),
 (210,212,'2024-09-28',553221,553126,553126,95,140,95,0.3,42,7,'Σάβ 28/09/24 Βερβελάκης Γεώργιος 140 κυβικά 42,00€','',1,5,212,5),
 (211,213,'2024-09-29',553261,553221,553221,40,110,40,0.3,33,5.5,'Κυρ 29/09/24 Russi Adem( Ανδρέας) 110 κυβικά 33,00€','',1,1,213,1),
 (212,214,'2024-10-01',10,0,0,10,60,10,0.3,18,3,'Τρί 01/10/24 Βερβελάκης Μανώλης 60 κυβικά 18,00€','',1,60,214,31),
 (213,215,'2024-10-02',224,10,10,214,214,214,0.3,64.2,10.7,'Τετ 02/10/24 Βερβελάκης Γεώργιος 214 κυβικά 64,20€','',1,5,215,5),
 (214,216,'2024-10-02',267,224,224,43,43,43,0.3,12.9,2.15,'Τετ 02/10/24 Βερβελάκης Μανώλης 43 κυβικά 12,90€','',1,60,217,31),
 (215,217,'2024-10-03',458,267,267,191,191,191,0.3,57.3,9.55,'Πέμ 03/10/24 Ποντικάκης Μανώλης 191 κυβικά 57,30€','',1,58,219,26),
 (216,218,'2024-10-05',647,458,458,189,189,189,0.3,56.7,9.45,'Σάβ 05/10/24 Βερβελάκης Μανώλης 189 κυβικά 56,70€','',1,60,216,31),
 (217,219,'2024-10-05',16621,16584,16584,37,37,37,0.3,11.1,1.85,'Σάβ 05/10/24 Βερβελάκης Μανώλης 37 κυβικά 11,10€','',3,60,218,31),
 (218,220,'2024-10-06',914,647,647,267,267,267,0.3,80.1,13.35,'Κυρ 06/10/24 Τουλουπάκη Άννα 267 κυβικά 80,10€','',1,11,220,11),
 (219,221,'2024-10-06',950,914,914,36,36,36,0.3,10.8,1.8,'Κυρ 06/10/24 Παπαδημητρόπουλος Γεώργιος Άγγελου 36 κυβικά 10,80€','',1,26,221,22),
 (220,222,'2024-10-07',1088,950,950,138,138,138,0.3,41.4,6.9,'Δευ 07/10/24 Ποντικάκης Μανώλης 138 κυβικά 41,40€','',1,58,222,26),
 (221,223,'2024-10-08',1294,1088,1088,206,206,206,0.3,61.8,10.3,'Τρί 08/10/24 Προεστάκη Γλυκερία 206 κυβικά 61,80€','',1,25,223,21),
 (222,224,'2024-10-08',1387,1294,1294,93,93,93,0.3,27.9,4.65,'Τρί 08/10/24 Russi Adem( Ανδρέας) 93 κυβικά 27,90€','',1,1,224,1),
 (223,225,'2024-10-09',1690,1387,1387,303,303,303,0.3,90.9,15.15,'Τετ 09/10/24 Μαρουλάκης Στέλιος 303 κυβικά 90,90€','',1,14,225,14),
 (224,226,'2024-10-10',2050,1690,1690,360,360,360,0.3,108,18,'Πέμ 10/10/24 Βαρδάκης Μανώλης Ματθαίου 360 κυβικά 108,00€','',1,17,226,17),
 (225,227,'2024-10-11',2180,2050,2050,130,130,130,0.3,39,6.5,'Παρ 11/10/24 Κακλαμάνος Ανδρέας 130 κυβικά 39,00€','',1,66,227,36),
 (226,228,'2024-10-12',2443,2180,2180,263,263,263,0.3,78.9,13.15,'Σάβ 12/10/24 Βερβελάκης Μανώλης 263 κυβικά 78,90€','',1,60,228,31),
 (227,229,'2024-10-12',2566,2443,2443,123,123,123,0.3,36.9,6.15,'Σάβ 12/10/24 Βερβελάκης Γεώργιος 123 κυβικά 36,90€','',1,5,229,5),
 (228,230,'2024-10-13',2843,2566,2566,277,277,277,0.3,83.1,13.85,'Κυρ 13/10/24 Κικάκης Μιχ. τ. Εμμ. 277 κυβικά 83,10€','',1,54,230,28),
 (229,231,'2024-10-14',2983,2843,2843,140,140,140,0.3,42,7,'Δευ 14/10/24 Ζώτος Σπύρος 140 κυβικά 42,00€','',1,6,231,6),
 (230,232,'2024-10-15',11554,11264,11264,290,290,290,0.3,116,14.5,'Τρί 15/10/24 Ρεστιβάκη Γεωργία Παπαδημητρόπουλος Χαρίδημος 290 κυβικά 116,00€','',4,55,232,20),
 (231,233,'2024-10-16',3133,2983,2983,150,150,150,0.3,45,7.5,'Τετ 16/10/24 Russi Adem( Ανδρέας) 150 κυβικά 45,00€','',1,1,233,1),
 (232,234,'2024-10-16',3204,3133,3133,71,71,71,0.3,21.3,3.55,'Τετ 16/10/24 Russi Bilal ( Χρήστος) 71 κυβικά 21,30€','',1,2,234,2),
 (233,235,'2024-10-16',3301,3204,3204,97,97,97,0.3,29.1,4.85,'Τετ 16/10/24 Μαργαριτάκης Μανώλης 97 κυβικά 29,10€','',1,46,235,23),
 (234,236,'2024-10-17',3586,3301,3301,285,285,285,0.3,85.5,14.25,'Πέμ 17/10/24 Ρεστιβάκη Γεωργία Παπαδημητρόπουλος Χαρίδημος 285 κυβικά 85,50€','',1,55,236,20),
 (235,237,'2024-10-18',3781,3586,3586,195,195,195,0.3,58.5,9.75,'Παρ 18/10/24 Μαρουλάκης Ιωάννης 195 κυβικά 58,50€','',1,3,237,3),
 (236,238,'2024-10-19',4259,3781,3781,478,478,478,0.3,143.4,23.9,'Σάβ 19/10/24 Πατιτάκης Μανώλης 478 κυβικά 143,40€','',1,8,238,8),
 (237,239,'2024-10-20',4430,4259,4259,171,171,171,0.3,51.3,8.55,'Κυρ 20/10/24 Παπαδημητροπούλου Μαρία Θαλασσινός Γιώργος 171 κυβικά 51,30€','',1,4,239,4),
 (238,240,'2024-10-20',4580,4430,4430,150,150,150,0.3,45,7.5,'Κυρ 20/10/24 Πατιτάκη Γιάννα 150 κυβικά 45,00€','',1,57,240,30),
 (239,241,'2024-10-21',4690,4580,4580,110,110,110,0.3,33,5.5,'Δευ 21/10/24 Ζώτος Σπύρος 110 κυβικά 33,00€','',1,6,241,6),
 (240,242,'2024-10-22',4924,4690,4690,234,234,234,0.3,70.2,11.7,'Τρί 22/10/24 Ποντικάκης Μανώλης 234 κυβικά 70,20€','',1,58,242,26),
 (241,243,'2024-10-22',5092,4924,4924,168,168,168,0.3,50.4,8.4,'Τρί 22/10/24 Ζώτος Σπύρος 168 κυβικά 50,40€','',1,6,243,6),
 (242,244,'2024-10-23',5463,5092,5092,371,371,371,0.3,111.3,18.55,'Τετ 23/10/24 Παπαδημητροπούλου Μαρία Νικηφόρου 371 κυβικά 111,30€','',1,72,244,42),
 (243,245,'2024-10-24',5813,5463,5463,350,350,350,0.3,105,17.5,'Πέμ 24/10/24 Βαρδάκης Μανώλης Ματθαίου 350 κυβικά 105,00€','',1,17,245,17),
 (244,246,'2024-10-25',3228,3102,3102,126,126,126,0.3,37.8,6.3,'Παρ 25/10/24 Προεστάκη Γλυκερία 126 κυβικά 37,80€','',2,25,246,21),
 (245,247,'2024-10-26',6143,5813,5813,330,330,330,0.3,99,16.5,'Σάβ 26/10/24 Βερβελάκης Γεώργιος 330 κυβικά 99,00€','',1,5,247,5),
 (246,248,'2024-10-27',6415,6143,6143,272,272,272,0.3,81.6,13.6,'Κυρ 27/10/24 Κικάκης Μιχ. τ. Εμμ. 272 κυβικά 81,60€','',1,54,248,28),
 (247,249,'2024-10-27',6538,6415,6415,123,123,123,0.3,49.2,6.15,'Κυρ 27/10/24 Plakut Nikos 123 κυβικά 49,20€','',1,59,249,19),
 (248,250,'2024-10-29',6733,6538,6538,195,195,195,0.3,58.5,9.75,'Τρί 29/10/24 Χατζοβασιλάκη Δανάη 195 κυβικά 58,50€','',1,56,250,29),
 (249,251,'2024-10-30',7093,6733,6733,360,360,360,0.3,108,18,'Τετ 30/10/24 Russi Bilal ( Χρήστος) 360 κυβικά 108,00€','',1,2,251,2),
 (250,252,'2024-10-31',3392,3228,3228,164,164,164,0.3,49.2,8.2,'Πέμ 31/10/24 Βασιλάκης Ιω. τ. Νικολάου 164 κυβικά 49,20€','',2,9,252,9),
 (251,253,'2024-11-02',3482,3392,3392,90,90,90,0.3,27,4.5,'Σάβ 02/11/24 Βερβελάκης Γεώργιος 90 κυβικά 27,00€','',2,5,253,5),
 (252,254,'2024-11-02',7389,7093,7093,296,296,296,0.3,88.8,14.8,'Σάβ 02/11/24 Βερβελάκης Γεώργιος 296 κυβικά 88,80€','',1,5,254,5),
 (253,255,'2024-11-03',11833,11554,11554,279,279,279,0.3,111.6,13.95,'Κυρ 03/11/24 Ρεστιβάκη Γεωργία Παπαδημητρόπουλος Χαρίδημος 279 κυβικά 111,60€','',4,55,255,20),
 (254,256,'2024-11-04',16697,16621,16621,76,76,76,0.3,22.8,3.8,'Δευ 04/11/24 Βερβελάκης Μανώλης 76 κυβικά 22,80€','',3,60,256,31),
 (255,257,'2024-11-05',7657,7389,7389,268,268,268,0.3,80.4,13.4,'Τρί 05/11/24 Ποντικάκης Μανώλης 268 κυβικά 80,40€','',1,58,257,26),
 (256,258,'2024-11-06',7912,7657,7657,255,255,255,0.3,76.5,12.75,'Τετ 06/11/24 Τουλουπάκη Άννα 255 κυβικά 76,50€','',1,11,258,11),
 (257,259,'2024-11-07',11977,11833,11833,144,144,144,0.3,57.6,7.2,'Πέμ 07/11/24 Ρεστιβάκη Γεωργία Παπαδημητρόπουλος Χαρίδημος 144 κυβικά 57,60€','',4,55,259,20),
 (258,260,'2024-11-07',8040,7912,7912,128,128,128,0.3,38.4,6.4,'Πέμ 07/11/24 Ρεστιβάκη Γεωργία Παπαδημητρόπουλος Χαρίδημος 128 κυβικά 38,40€','',1,55,260,20),
 (259,261,'2024-11-08',8175,8040,8040,135,135,135,0.3,40.5,6.75,'Παρ 08/11/24 Ζώτος Σπύρος 135 κυβικά 40,50€','',1,6,261,6),
 (260,262,'2024-11-09',8310,8175,8175,135,135,135,0.3,40.5,6.75,'Σάβ 09/11/24 Προεστάκη Γλυκερία 135 κυβικά 40,50€','',1,25,262,21),
 (261,263,'2024-11-10',8620,8310,8310,310,310,310,0.3,93,15.5,'Κυρ 10/11/24 Βερβελάκης Μανώλης 310 κυβικά 93,00€','',1,60,263,31),
 (262,264,'2024-11-12',8840,8620,8620,220,220,220,0.3,66,11,'Τρί 12/11/24 Κικάκης Μιχ. τ. Εμμ. 220 κυβικά 66,00€','',1,54,264,28),
 (263,265,'2024-11-13',9167,8840,8840,327,327,327,0.3,98.1,16.35,'Τετ 13/11/24 Παπαδημητροπούλου Μαρία Νικηφόρου 327 κυβικά 98,10€','',1,72,265,42),
 (264,266,'2024-11-14',9373,9167,9167,206,206,206,0.3,61.8,10.3,'Πέμ 14/11/24 Μαργαριτάκης Μανώλης 206 κυβικά 61,80€','',1,46,266,23),
 (265,267,'2024-11-14',12059,11977,11977,82,82,82,0.3,32.8,4.1,'Πέμ 14/11/24 Μαργαριτάκης Μανώλης 82 κυβικά 32,80€','',4,46,267,23),
 (266,268,'2024-11-15',16741,16697,16697,44,44,44,0.3,13.2,2.2,'Παρ 15/11/24 Αλεξάκης Μανώλης 44 κυβικά 13,20€','',3,67,268,37),
 (267,269,'2024-11-16',9485,9373,9373,112,112,112,0.3,33.6,5.6,'Σάβ 16/11/24 Παπαδημητροπούλου Μαρία Θαλασσινός Γιώργος 112 κυβικά 33,60€','',1,4,269,4),
 (268,270,'2024-11-17',9618,9485,9485,133,133,133,0.3,39.9,6.65,'Κυρ 17/11/24 Ρεστιβάκη Γεωργία Παπαδημητρόπουλος Χαρίδημος 133 κυβικά 39,90€','',1,55,270,20),
 (269,271,'2024-11-17',12159,12059,12059,100,100,100,0.3,40,5,'Κυρ 17/11/24 Ρεστιβάκη Γεωργία Παπαδημητρόπουλος Χαρίδημος 100 κυβικά 40,00€','',4,55,271,20),
 (270,272,'2024-11-19',9883,9618,9618,265,265,265,0.3,79.5,13.25,'Τρί 19/11/24 Μαρουλάκης Στέλιος 265 κυβικά 79,50€','',1,14,272,14),
 (271,273,'2024-11-20',12277,12159,12159,118,118,118,0.3,47.2,5.9,'Τετ 20/11/24 Ρεστιβάκη Γεωργία Παπαδημητρόπουλος Χαρίδημος 118 κυβικά 47,20€','',4,55,273,20),
 (272,274,'2024-11-20',10044,9883,9883,161,161,161,0.3,48.3,8.05,'Τετ 20/11/24 Ρεστιβάκη Γεωργία Παπαδημητρόπουλος Χαρίδημος Μετρητής: Κεντρικό  10044-9883=161 κυβικά 48,30€','',1,55,274,20),
 (273,275,'2024-11-21',10129,10044,10044,85,85,85,0.3,25.5,4.25,'Πέμ 21/11/24 Μαρουλάκης Ιωάννης Μετρητής: Κεντρικό  10129-10044=85 κυβικά 25,50€','',1,3,275,3),
 (274,276,'2024-12-01',3779,3482,3482,297,297,297,0.3,89.1,14.85,'Κυρ 01/12/24 Παπαδημητροπούλου Μαρία Νικηφόρου Μετρητής: Γέφυρα  3779-3482=297 κυβικά 89,10€','',2,72,276,42),
 (275,277,'2024-12-06',19769,19268,19387,501,501,382,0.3,150.3,19.1,'Παρ 06/12/24 Βερβελάκη Άννα Μετρητής: Παπ1 004229ca/99 19769-19268=501 κυβικά 150,30€','',5,10,300,10),
 (276,278,'2024-12-06',2558,2274,2369,284,284,189,0.3,85.2,9.45,'Παρ 06/12/24 Βερβελάκης Γεώργιος Μετρητής: Μηλ8 FD001619-07 2558-2274=284 κυβικά 85,20€','',6,5,301,5),
 (277,279,'2024-12-06',1312,1023,1173,289,289,139,0.3,86.7,6.95,'Παρ 06/12/24 Γρυσμπολάκης Δημήτρης Μετρητής: Γεφ15 Fd001444-05 1312-1023=289 κυβικά 86,70€','',7,12,303,12),
 (278,280,'2024-12-06',229,0,0,229,229,229,0.3,68.7,11.45,'Παρ 06/12/24 Ζώτος Σπύρος Μετρητής: Δεξ1Β 004242CA/99 229-0=229 κυβικά 68,70€','',8,6,304,6),
 (279,281,'2024-12-06',929,847,848,82,82,81,0.3,24.6,4.05,'Παρ 06/12/24 Ζώτος Σπύρος Μετρητής: Δεξ3 1532010239 929-847=82 κυβικά 24,60€','',9,6,305,6),
 (280,282,'2024-12-06',651,138,263,513,513,388,0.3,153.9,19.4,'Παρ 06/12/24 Ζώτος Σπύρος Μετρητής: Μηλ1 005303CA/99 651-138=513 κυβικά 153,90€','',10,6,306,6),
 (281,283,'2024-12-06',6842,6420,6500,422,422,342,0.3,126.6,17.1,'Παρ 06/12/24 Κικάκης Μιχ. τ. Εμμ. Μετρητής: Γεφ20 004308ca/99 6842-6420=422 κυβικά 126,60€','',11,54,307,28),
 (282,284,'2024-12-06',212,0,38,212,212,174,0.3,84.8,8.7,'Παρ 06/12/24 Μαργαριτάκη Κατινούλα Μετρητής: Μηλ2 006599CA/98 212-0=212 κυβικά 84,80€','',12,73,308,43),
 (283,285,'2024-12-06',1300,1267,1267,33,33,33,0.3,9.9,1.65,'Παρ 06/12/24 Μαργαριτάκης Μανώλης Μετρητής: Δεξ1 2032010305 1300-1267=33 κυβικά 9,90€','',13,46,309,23),
 (284,286,'2024-12-06',2172,2022,2074,150,150,98,0.3,45,4.9,'Παρ 06/12/24 Μαρουλάκης Ιωάννης Μετρητής: Γεφ2 924803 2172-2022=150 κυβικά 45,00€','',14,3,310,3),
 (285,287,'2024-12-06',1806,1528,1566,278,278,240,0.3,83.4,12,'Παρ 06/12/24 Μαρουλάκης Νικήτας Μετρητής: Μηλ7 1933003191 1806-1528=278 κυβικά 83,40€','',15,74,311,44),
 (286,288,'2024-12-06',8747,8735,8735,12,12,12,0.3,3.6,0.6,'Παρ 06/12/24 Μαρουλάκης Νικήτας Μετρητής: Τσ4 FC003280-08 8747-8735=12 κυβικά 3,60€','',16,74,312,44),
 (287,289,'2024-12-06',424,391,395,33,33,29,0.3,9.9,1.45,'Παρ 06/12/24 Μαρουλάκης Στέλιος Μετρητής: Γεφ12 004306ca/99 424-391=33 κυβικά 9,90€','',17,14,313,14),
 (288,290,'2024-12-06',1765,1553,1577,212,212,188,0.3,63.6,9.4,'Παρ 06/12/24 Μπετεινάκης Κωστής Μετρητής: Δεξ4Α FC000794-06 1765-1553=212 κυβικά 63,60€','',18,68,314,38),
 (289,291,'2024-12-06',3348,3250,3250,98,98,98,0.3,29.4,4.9,'Παρ 06/12/24 Μπρότσικας Κώστας Μετρητής: Τσ16 536096 3348-3250=98 κυβικά 29,40€','',19,61,315,32),
 (290,292,'2024-12-06',759,544,584,215,215,175,0.3,64.5,8.75,'Παρ 06/12/24 Παπαδημητρόπουλος Μάνθος Μετρητής: Δεξ1Α 7082411 759-544=215 κυβικά 64,50€','',20,75,316,45),
 (291,293,'2024-12-06',9404,9128,9128,276,276,276,0.3,82.8,13.8,'Παρ 06/12/24 Παπαδημητροπούλου Καίτη Μετρητής: Τσ1 004135CA/99 9404-9128=276 κυβικά 82,80€','',21,15,317,15),
 (292,294,'2024-12-06',791,697,713,94,94,78,0.3,28.2,3.9,'Παρ 06/12/24 Παπαδημητροπούλου Κιούση Ερωφίλη Μετρητής: Δεξ4 1532007166 791-697=94 κυβικά 28,20€','',22,76,318,46),
 (293,295,'2024-12-06',5045,5040,5040,5,5,5,0.3,1.5,0.25,'Παρ 06/12/24 Παπαδημητροπούλου Μαρία Θαλασσινός Γιώργος Μετρητής: Γεφ18 1295-2-528 5045-5040=5 κυβικά 1,50€','',23,4,319,4),
 (294,296,'2024-12-06',340,305,317,35,35,23,0.4,14,1.15,'Παρ 06/12/24 Πατεραντωνάκη Ευαγγελία Μετρητής: Μηλ9 1832012272παλιόνέο 340-305=35 κυβικά 14,00€','',24,77,320,47),
 (295,297,'2024-12-06',668,529,589,139,139,79,0.3,55.6,3.95,'Παρ 06/12/24 Πατεραντωνάκη Μαρία Μετρητής: Μηλ3 16 025968 668-529=139 κυβικά 55,60€','',25,78,321,48),
 (296,298,'2024-12-06',890,692,692,198,198,198,0.3,59.4,9.9,'Παρ 06/12/24 Πατιτάκης Γεώργιος Δημητρίου Μετρητής: Τσ12 090559BA/95 890-692=198 κυβικά 59,40€','',26,79,322,49),
 (297,299,'2024-12-06',1524,1257,1372,267,267,152,0.3,80.1,7.6,'Παρ 06/12/24 Προεστάκη Γλυκερία Μετρητής: Παπ12 7082650 1524-1257=267 κυβικά 80,10€','',27,25,323,21),
 (298,300,'2024-12-06',393,98,202,295,295,191,0.3,118,9.55,'Παρ 06/12/24 Σελί Κατερίνα Μετρητής: Δεξ5Α 2132002569 393-98=295 κυβικά 118,00€','',28,80,324,50),
 (299,301,'2024-12-06',2446,2371,2429,75,75,17,0.3,22.5,0.85,'Παρ 06/12/24 Σηφάκη Μαρία Μετρητής: Γεφ16 1994-ce002848 2446-2371=75 κυβικά 22,50€','',29,69,325,39),
 (300,302,'2024-12-06',133,107,116,26,26,17,0.3,7.8,0.85,'Παρ 06/12/24 Σηφάκη Μαρία Μετρητής: Μηλ4 002587ca/99 133-107=26 κυβικά 7,80€','',30,69,326,39),
 (301,303,'2024-12-06',26259,25965,26033,294,294,226,0.3,88.2,11.3,'Παρ 06/12/24 Σηφάκη Μαρία Μετρητής: Παπ10 004230ca/99 26259-25965=294 κυβικά 88,20€','',31,69,327,39),
 (302,304,'2024-12-06',687,576,609,111,111,78,0.3,33.3,3.9,'Παρ 06/12/24 Στεφανάκης Μιχάλης Μετρητής: Γεφ17 44952170 687-576=111 κυβικά 33,30€','',32,81,328,51),
 (303,305,'2024-12-06',1643,1344,1452,299,299,191,0.3,89.7,9.55,'Παρ 06/12/24 Στεφανάκης Μιχάλης Μετρητής: Γεφ19 12-023779 1643-1344=299 κυβικά 89,70€','',33,81,329,51),
 (304,306,'2024-12-06',5478,5368,5368,110,110,110,0.3,33,5.5,'Παρ 06/12/24 Τσαγκαράκη Χαρούλα Μετρητής: Τσ10 093241CA/95 5478-5368=110 κυβικά 33,00€','',34,82,330,52),
 (305,307,'2024-12-06',3444,3078,3148,366,366,296,0.3,109.8,14.8,'Παρ 06/12/24 Χατζονικολάκης Δημήτριος Γεωργίου Μετρητής: Δεξ2 16 018269 3444-3078=366 κυβικά 109,80€','',35,83,331,53),
 (306,308,'2024-04-29',523230,523201,NULL,29,NULL,NULL,0,NULL,NULL,'ΑΠΩΛΕΙΑ, 2024-04-29, 523230 - 523201 = 29 κυβικά, 0.00€',NULL,1,NULL,333,25),
 (307,309,'2024-05-13',525981,525727,NULL,254,NULL,NULL,0,NULL,NULL,'ΑΠΩΛΕΙΑ, 2024-05-13, 525981 - 525727 = 254 κυβικά, 0.00€',NULL,1,NULL,332,25),
 (308,310,'2025-05-04',10320,10129,NULL,191,191,191,0.3,57.3,9.55,'Τουλουπάκη Άννα Εμμανουήλ, 2025-05-04, 10320 - 10129 = 191 κυβικά, 57.30€',NULL,1,NULL,277,11),
 (309,311,'2025-05-07',10480,10320,NULL,160,160,160,0.3,48,8,'Russi Bilal(Χρήστος), 2025-05-07, 10480 - 10320 = 160 κυβικά, 48.00€',NULL,1,NULL,278,2),
 (310,312,'2025-05-09',10780,10480,NULL,300,300,300,0.3,90,15,'Κικάκης Μιχ. Ιωάννου, 2025-05-09, 10780 - 10480 = 300 κυβικά, 90.00€',NULL,1,NULL,279,7),
 (311,313,'2025-05-10',11038,10870,NULL,168,168,168,0.3,50.4,8.4,'Βερβελάκης Γεώργιος Νικολάου, 2025-05-10, 11038 - 10870 = 168 κυβικά, 50.40€',NULL,1,NULL,281,5),
 (312,314,'2025-05-09',10870,10780,NULL,90,90,90,0.3,27,4.5,'Σηφάκη-Κοκινάκη Μαρία Ιωάννου, 2025-05-09, 10870 - 10780 = 90 κυβικά, 27.00€',NULL,1,NULL,280,39),
 (313,315,'2025-05-12',11410,11038,NULL,372,372,372,0.3,111.6,18.6,'Χατζοβασιλάκη(Τζώρτζη) Μαρία Δημητρίου, 2025-05-12, 11410 - 11038 = 372 κυβικά, 111.60€',NULL,1,NULL,282,13),
 (314,316,'2025-05-13',11550,11410,NULL,140,140,140,0.3,42,7,'Μαρουλάκης Ιωάννης Νικολάου, 2025-05-13, 11550 - 11410 = 140 κυβικά, 42.00€',NULL,1,NULL,283,3),
 (315,317,'2025-05-15',12130,11550,NULL,580,580,580,0.3,174,29,'Βαρδάκης Εμμανουήλ Ματθαίου, 2025-05-18, 12130 - 11550 = 580 κυβικά, 174.00€',NULL,1,NULL,284,17),
 (316,318,'2025-05-16',12240,12130,NULL,110,110,110,0.3,33,5.5,'Lleshi Denis(Αντώνης) Kaplan, 2025-05-16, 12240 - 12130 = 110 κυβικά, 33.00€',NULL,1,NULL,285,104),
 (317,319,'2025-05-16',12310,12240,NULL,70,70,70,0.3,21,3.5,'Μαργαριτάκης Εμμανουήλ Ιωάννου, 2025-05-16, 12240 - 12130 = 70 κυβικά, 21.00€',NULL,1,NULL,286,23),
 (318,320,'2025-05-17',3934,3779,NULL,155,155,155,0.3,46.5,7.75,'Προεστάκη(Χατζονικολάκη) Γλυκερία Ιωάννου, 2025-05-17, 3934 - 3779 = 155 κυβικά, 46.50€',NULL,2,NULL,287,21),
 (319,321,'2025-05-19',12570,12240,NULL,330,330,330,0.3,99,16.5,'Πατιτάκης Εμμανουήλ Γεωργίου, 2025-05-19, 12570 - 12240 = 330 κυβικά, 99.00€',NULL,1,NULL,288,8),
 (320,322,'2025-05-20',12650,12570,NULL,80,80,80,0.3,24,4,'Russi Bilal(Χρήστος) None, 2025-05-20, 12650 - 12570 = 80 κυβικά, 24.00€',NULL,1,NULL,289,2),
 (321,323,'2025-05-21',4027,3934,NULL,93,93,93,0.3,27.9,4.65,'Βασιλάκη-Μηλιαράκη Άννα Ιωάννου, 2025-05-21, 4027 - 3934 = 93 κυβικά, 27.90€',NULL,2,NULL,290,71),
 (322,324,'2025-05-22',12926,12650,NULL,276,276,276,0.3,82.8,13.8,'Βερβελάκης Γεώργιος Νικολάου, 2025-05-22, 12926 - 12650 = 276 κυβικά, 82.80€',NULL,1,NULL,291,5),
 (323,325,'2025-05-25',13060,12926,NULL,134,134,134,0.3,40.2,6.7,'Πατιτάκης Γεώργιος Εμμανουήλ, 2025-05-25, 13060 - 12926 = 134 κυβικά, 40.20€','',1,NULL,292,18),
 (324,326,'2025-05-26',13130,13060,NULL,70,70,70,0.3,21,3.5,'Βερβελάκης Εμμανουήλ Νικολάου, 2025-05-26, 13130 - 13060 = 70 κυβικά, 21.00€','',1,NULL,293,31),
 (325,327,'2025-05-26',16820,16741,NULL,79,79,79,0.3,23.7,3.95,'Βερβελάκης Εμμανουήλ Νικολάου, 2025-05-26, 16820 - 16741 = 79 κυβικά, 23.70€','',3,NULL,294,31),
 (326,328,'2025-05-26',4120,4027,NULL,93,93,93,0.3,27.9,4.65,'Russi Bilal(Χρήστος) None, 2025-05-26, 4120 - 4027 = 93 κυβικά, 27.90€','',2,NULL,295,2),
 (327,329,'2025-05-27',13320,13130,NULL,190,190,190,0.3,57,9.5,'Russi Adem(Ανδρέας) None, 2025-05-27, 13320 - 13130 = 190 κυβικά, 57.00€','',1,NULL,296,1),
 (328,330,'2024-05-23',13320,13320,NULL,0,55,0,0.3,16.5,0,'Μαρουλάκης Στυλιανός Γεωργίου, 2024-05-23, 13320 - 13320 = 55 κυβικά, 16.5€',NULL,1,NULL,70,14),
 (329,331,'2024-05-25',13320,13320,NULL,0,8,0,0.3,2.4,0,'Χατζοβασιλάκη(Τζώρτζη) Μαρία Δημητρίου, 2024-05-25, 13320 - 13320 = 8 κυβικά, 2.4€',NULL,1,NULL,121,13),
 (330,332,'2025-05-28',13550,13320,NULL,230,230,230,0.3,69,11.5,'Προεστάκη(Χατζονικολάκη) Γλυκερία Ιωάννου, 2025-05-28, 13550 - 13320 = 230 κυβικά, 69.00€',NULL,1,NULL,297,21),
 (331,333,'2025-05-29',13840,13550,NULL,290,290,290,0.3,87,14.5,'Ρεστιβάκη(Παπαδημητροπούλου) Γεωργία Μιχαήλ, 2025-05-29, 13840 - 13550 = 290 κυβικά, 87.00€',NULL,1,NULL,298,20),
 (332,334,'2025-05-30',13970,13840,NULL,130,130,130,0.5,65,6.5,'Plakut Nikos None, 2025-05-30, 13970 - 13840 = 130 κυβικά, 65.00€',NULL,1,NULL,299,19),
 (333,335,'2023-12-31',2274,2067,NULL,207,207,207,0.25,57.47,NULL,'Βερβελάκης Γεώργιος Νικολάου, 2023-12-31, 2274 - 2067 = 207 κυβικά, 57.47€',NULL,6,NULL,302,5),
 (334,336,'2023-12-31',4120,4120,NULL,0,1159,0,0.2,231.8,0,NULL,NULL,2,NULL,334,71),
 (335,337,'2023-12-31',3078,1254,NULL,1824,1824,1824,0.25,309.9,NULL,NULL,NULL,35,NULL,335,53),
 (336,338,'2023-12-31',305,133,NULL,172,172,172,0.35,57.67,NULL,'Πατεραντωνάκη Ευαγγελία, 2023-12-31, 305 - 133 = 172 κυβικά, 57.67€',NULL,24,NULL,336,47),
 (337,339,'2023-12-31',529,274,NULL,255,255,255,0.35,85,NULL,'Πατεραντωνάκη(Οικονομάκη) Μαρία Αποστόλου, 2023-12-31, 529 - 274 = 255 κυβικά, 85€',NULL,25,NULL,337,48),
 (338,340,'2023-12-31',1347,1327,NULL,20,20,20,0.2,4,NULL,'Βασιλάκης Ιωάννης Εμμανουήλ, 2023-12-31, 1347 - 1327 = 20 κυβικά, 4.00€',NULL,36,NULL,338,105),
 (339,341,'2024-04-08',19268,13316,NULL,5952,5952,5952,0.25,1305.6,NULL,'Βερβελάκη(Ψυλάκη) Άννα Εμμανουήλ, 2024-04-08, 19268 - 13316 = 5952 κυβικά, 1305.6€',NULL,5,NULL,365,10),
 (340,342,'2024-04-06',1023,302,NULL,721,721,721,0.22,91.37,NULL,'Γρυσμπολάκης Δημήτρης Εμμανουήλ, 2024-04-06, 1023 - 302 = 721 κυβικά, 91.37€ πλήρωσε και με την 5159',NULL,7,NULL,364,12),
 (341,343,'2024-06-10',1549,1476,NULL,73,73,73,0.2,14.85,NULL,'Θεοδοσάκη-Στεφανάκη Σοφία Χαρίδημου, 2024-06-10, 1549 - 1476 = 73 κυβικά, 14.85€',NULL,37,NULL,363,89),
 (342,344,'2024-04-06',6420,4444,NULL,1976,1976,1976,0.23,444.25,NULL,'Κικάκης Μιχαήλ Εμμανουήλ, 2024-04-06, 6420 - 4444 = 1976 κυβικά, 444.25€',NULL,11,NULL,362,28),
 (343,345,'2024-04-08',1267,1056,NULL,211,211,NULL,0.3,63.3,NULL,'Μαργαριτάκης Εμμανουήλ Ιωάννου, 2024-04-08, 1267 - 1056 = 211 κυβικά, 63.30€',NULL,13,NULL,361,23),
 (344,346,'2024-04-06',2022,1679,NULL,343,343,343,0.25,85.17,NULL,'Μαρουλάκης Ιωάννης Νικολάου, 2024-4-6, 2022 - 1679 = 343 κυβικά, 85.17€',NULL,14,NULL,360,3),
 (345,347,'2024-04-08',1528,943,NULL,585,585,585,0.27,159.1,NULL,'Μαρουλάκης Νικήτας Νικολάου, 2024-4-8, 1528 - 943 = 585 κυβικά, 159.1€',NULL,15,NULL,359,44),
 (346,348,'2024-06-10',8735,4850,NULL,3885,3885,NULL,0.23,893.55,NULL,'Μαρουλάκης Νικήτας Νικολάου, 2024-6-10, 8735 - 4850 = 3885 κυβικά, 893.55€',NULL,16,NULL,358,44),
 (347,349,'2024-04-06',391,386,NULL,5,5,5,0.28,1.4,NULL,'Μαρουλάκης Στυλιανός Γεωργίου, 2024-4-6, 391 - 386 = 5 κυβικά, 1.40€',NULL,17,NULL,357,14),
 (348,350,'2024-06-10',4366,4333,NULL,33,33,33,0.25,8.1,NULL,'Μαρουλάκης Στυλιανός Γεωργίου, 2024-6-10, 4366 - 4333 = 33 κυβικά, 8.1€',NULL,38,NULL,356,14),
 (349,351,'2024-04-08',1553,1549,NULL,4,4,NULL,0.3,1.2,NULL,'Μπετεινάκης Κωνσταντίνος Νικολάου, 2024-4-8, 1553 - 1549 = 4 κυβικά, 1.20€',NULL,18,NULL,355,38),
 (350,352,'2024-04-06',182,145,NULL,37,37,37,0.2,7.4,NULL,'Μπετεινάκης Κωνσταντίνος Νικολάου, 2024-4-6, 182 - 145 = 37 κυβικά, 7.40€',NULL,39,NULL,354,38),
 (351,353,'2024-06-10',3250,2698,NULL,552,552,552,0.25,139.6,NULL,'Μπρότσικας Κώστας None, 2024-6-10, 3250 - 2698 = 552 κυβικά, 139.6€',NULL,19,NULL,353,32),
 (352,354,'2024-04-08',544,400,NULL,144,144,144,0.25,35.27,NULL,'Παπαδημητρόπουλος Μάνθος Νικηφόρου, 2024-4-8, 544 - 400 = 144 κυβικά, 35.27€',NULL,20,NULL,352,45),
 (353,355,'2024-06-10',692,248,NULL,444,444,444,0.25,112.37,NULL,'Πατιτάκης Γεώργιος Εμμανουήλ, 2024-6-10, 692 - 248 = 444 κυβικά, 112.37€',NULL,26,NULL,351,18),
 (354,356,'2024-04-08',98,290,NULL,248,248,NULL,0.4,74.4,NULL,'Τσικρικωνάκη Κατερίνα (Σελί), 2024-4-8, 98νέο + 150παλιό ρολόι = 248 κυβικά, 74.4€',NULL,28,NULL,350,50),
 (355,357,'2024-04-08',847,0,NULL,847,847,NULL,0.23,195.1,NULL,'Ζώτος Σπύρος, 2024-4-8, 847 - 0 = 847 κυβικά, 195.10€',NULL,9,NULL,349,6),
 (356,358,'2024-04-08',138,0,NULL,138,138,138,0.28,38.8,NULL,'Ζώτος Σπύρος, 2024-4-8, 138 - 0 = 138 κυβικά, 38.80€',NULL,8,NULL,348,6),
 (357,359,'2024-04-08',25965,24376,NULL,1589,1589,NULL,0.22,350.47,NULL,'Σηφάκη(Κοκκινάκη) Μαρία Ιωάννου, 2024-4-8, 25965 - 24376 = 1589 κυβικά, 350.47€',NULL,31,NULL,347,39),
 (358,360,'2024-04-08',107,58,NULL,49,49,NULL,0.27,13.07,NULL,'Σηφάκη(Κοκκινάκη) Μαρία Ιωάννου, 2024-4-8, 107 - 58 = 49 κυβικά, 13.07€',NULL,30,NULL,346,39),
 (359,361,'2024-04-06',2371,2019,NULL,352,352,352,0.23,81.65,NULL,'Σηφάκη(Κοκκινάκη) Μαρία Ιωάννου, 2024-4-6, 2371 - 2019 = 352 κυβικά, 81.65€',NULL,29,NULL,345,39),
 (360,362,'2024-04-06',576,160,NULL,416,416,416,0.25,104.4,NULL,'Στεφανάκης Μιχαήλ Ιωάννου, 2024-4-6, 576 - 160 = 416 κυβικά, 104.40€',NULL,32,NULL,344,51),
 (361,363,'2024-04-06',1344,1025,NULL,319,319,319,0.26,82.55,NULL,'Στεφανάκης Μιχαήλ Ιωάννου, 2024-4-6, 1344 - 1025 = 319 κυβικά, 82.55€',NULL,33,NULL,343,51),
 (362,364,'2024-06-10',4767,4756,NULL,11,11,11,0.2,2.2,NULL,'Στεφανάκης Χαρίδημος Εμμανουήλ, 2024-6-10, 4767 - 4756 = 11 κυβικά, 2.20€',NULL,43,NULL,342,64),
 (363,365,'2024-06-10',166,139,NULL,27,27,27,0.25,6.75,NULL,'Συγγελάκη Αικατερίνη Νικολάου, 2024-06-10, 166 - 139 = 27 κυβικά, 6.75€',NULL,42,NULL,341,106),
 (364,366,'2024-06-10',5368,5271,NULL,97,97,NULL,0.3,29.1,NULL,'Τσαγκαράκη(Αλεξάκη) Χαρούλα Εμμανουήλ, 2024-06-10, 5368 - 5271 = 97 κυβικά, 29.10€',NULL,34,NULL,340,52),
 (365,367,'2024-04-08',1045,859,NULL,186,186,186,0.2,37.2,NULL,'Χατζοβασιλάκης Δημήτριος Ιωάννου, 2024-04-08, 1045 - 859 = 186 κυβικά, 37.20€',NULL,52,NULL,339,55),
 (366,368,'2025-05-31',14160,13970,NULL,190,190,190,0.3,57,9.5,'Κακλαμάνου(Μηλιαράκη) Αικατερίνη Ιωάννου, 2025-05-31, 14160 - 13970 = 190 κυβικά, 57.00€',NULL,1,NULL,366,36),
 (367,369,'2025-06-01',14401,14160,NULL,241,241,241,0.3,72.3,12.05,'Τουλουπάκη(Καλέμη) Άννα Εμμανουήλ, 2025-06-01, 14401 - 14160 = 241 κυβικά, 72.30€',NULL,1,NULL,367,11),
 (368,370,'2025-06-04',15080,14401,NULL,679,679,679,0.3,203.7,33.95,'Βερβελάκη Ευαγγελία Εμμανουήλ, 2025-06-04, 15080 - 14401 = 679 κυβικά, 203.70€',NULL,1,NULL,368,109),
 (369,371,'2025-06-05',15274,15080,NULL,194,194,194,0.3,58.2,9.7,'Βερβελάκης Γεώργιος Νικολάου, 2025-06-05, 15274 - 15080 = 194 κυβικά, 58.20€',NULL,1,NULL,369,5),
 (370,372,'2025-06-06',4188,4120,NULL,68,68,68,0.3,20.4,3.4,'Russi Adem(Ανδρέας) None, 2025-06-06, 4188 - 4120 = 68 κυβικά, 20.40€',NULL,2,NULL,370,1),
 (371,373,'2025-06-07',15581,15274,NULL,307,307,307,0.3,92.1,15.35,'Russi Bilal(Χρήστος) None, 2025-06-07, 15581 - 15274 = 307 κυβικά, 92.10€',NULL,1,NULL,371,2),
 (372,374,'2025-06-08',15840,15581,NULL,259,259,259,0.3,77.7,12.95,'Πατιτάκης Γεώργιος Εμμανουήλ, 2025-06-08, 15840 - 15581 = 259 κυβικά, 77.70€',NULL,1,NULL,372,18),
 (373,375,'2025-06-09',15980,15840,NULL,140,140,140,0.3,42,7,'Παπαδημητροπούλου(Θαλασσινού) Μαρία Νικολάου, 2025-06-09, 15980 - 15840 = 140 κυβικά, 42.00€',NULL,1,NULL,373,4),
 (374,376,'2025-06-09',16050,15980,NULL,70,70,70,0.3,21,3.5,'Παπαδημητρόπουλος Γεώργιος Άγγελου, 2025-06-09, 16050 - 15980 = 70 κυβικά, 21.00€',NULL,1,NULL,374,22),
 (375,377,'2025-06-10',16282,16050,NULL,232,232,232,0.3,69.6,11.6,'Κικάκης Μιχαήλ Ιωάννου, 2025-06-10, 16282 - 16050 = 232 κυβικά, 69.60€',NULL,1,NULL,375,7),
 (376,378,'2025-06-11',16580,16282,NULL,298,298,298,0.3,89.4,14.9,'Μαρουλάκης Στυλιανός Γεωργίου, 2025-06-11, 16580 - 16282 = 298 κυβικά, 89.40€',NULL,1,NULL,376,14),
 (377,379,'2025-06-12',16776,16580,NULL,196,196,196,0.3,58.8,9.8,'Μαρουλάκης Ιωάννης Νικολάου, 2025-06-12, 16776 - 16580 = 196 κυβικά, 58.80€',NULL,1,NULL,377,3),
 (378,380,'2025-06-13',16846,16776,NULL,70,70,70,0.3,21,3.5,'Χατζοβασιλάκη Δανάη Δημητρίου, 2025-06-13, 16846 - 16776 = 70 κυβικά, 21.00€',NULL,1,NULL,378,29),
 (379,381,'2025-06-14',17119,16846,NULL,273,273,273,0.3,81.9,13.65,'Πατιτάκης Γεώργιος Εμμανουήλ, 2025-06-14, 17119 - 16846 = 273 κυβικά, 81.90€',NULL,1,NULL,379,18),
 (380,382,'2025-06-15',17480,17119,NULL,361,361,361,0.3,108.3,18.05,'Παπαδημητροπούλου(Χρηστάκη) Μαρία Νικηφόρου, 2025-06-15, 17480 - 17119 = 361 κυβικά, 108.30€',NULL,1,NULL,380,42),
 (381,383,'2025-06-16',17503,17480,NULL,23,23,23,0.3,6.9,1.15,'Ζώτος Σπύρος, 2025-06-16, 17503 - 17480 = 23 κυβικά, 6.90€',NULL,1,NULL,381,6),
 (382,384,'2025-06-16',17573,17503,NULL,70,70,70,0.5,35,3.5,'Γρυνιεζάκης Δημήτρης, 2025-06-16, 17573 - 17503 = 70 κυβικά, 35.00€',NULL,1,NULL,382,24),
 (383,385,'2025-06-17',17731,17573,NULL,158,158,158,0.3,47.4,7.9,'Ζώτος Σπύρος, 2025-06-17, 17731 - 17573 = 158 κυβικά, 47.40€',NULL,1,NULL,383,6),
 (384,386,'2025-06-17',17833,17731,NULL,102,102,102,0.3,30.6,5.1,'Σηφάκη(Κοκκινάκη) Μαρία Ιωάννου, 2025-06-17, 17833 - 17731 = 102 κυβικά, 30.60€',NULL,1,NULL,384,39),
 (385,387,'2025-06-17',17954,17833,NULL,121,121,121,0.3,36.3,6.05,'Lleshi Denis(Αντώνης) Kaplan, 2025-06-17, 17954 - 17833 = 121 κυβικά, 36.30€',NULL,1,NULL,385,104),
 (386,388,'2025-06-18',18160,17954,NULL,206,206,206,0.3,61.8,10.3,'Ζώτος Σπύρος, 2025-06-18, 18160 - 17954 = 206 κυβικά, 61.80€',NULL,1,NULL,386,6),
 (387,389,'2025-06-18',18231,18160,NULL,71,71,71,0.3,21.3,3.55,'Μαργαριτάκης Εμμανουήλ Ιωάννου, 2025-06-18, 18231 - 18160 = 71 κυβικά, 21.30€',NULL,1,NULL,387,23),
 (388,390,'2025-06-19',18458,18231,NULL,227,227,227,0.3,68.1,11.35,'Βερβελάκης Γεώργιος Νικολάου, 2025-06-24, 18458 - 18231 = 227 κυβικά, 68.10€',NULL,1,NULL,388,5),
 (389,391,'2025-06-20',18496,18458,NULL,38,38,38,0.3,11.4,1.9,'Βερβελάκη Ευαγγελία Εμμανουήλ, 2025-06-20, 18496 - 18458 = 38 κυβικά, 11.40€',NULL,1,NULL,389,109),
 (390,392,'2025-06-21',18851,18496,NULL,355,355,355,0.3,106.5,17.75,'Χατζοβασιλάκη(Τζώρτζη) Μαρία Δημητρίου, 2025-06-21, 18851 - 18496 = 355 κυβικά, 106.50€',NULL,1,NULL,390,13),
 (391,393,'2025-06-22',19310,18851,NULL,459,459,459,0.3,137.7,22.95,'Βαρδάκης Εμμανουήλ Ματθαίου, 2025-06-22, 19310 - 18851 = 459 κυβικά, 137.70€',NULL,1,NULL,391,17),
 (392,394,'2025-06-23',12145,11924,NULL,221,221,221,0.4,88.4,11.05,'Ρεστιβάκη(Παπαδημητροπούλου) Γεωργία Μιχαήλ, 2025-06-23, 12145 - 11924 = 221 κυβικά, 88.40€',NULL,4,NULL,392,20),
 (393,395,'2025-06-24',19583,19310,NULL,273,273,273,0.3,81.9,13.65,'Χατζοβασιλάκη Κατερίνα Δημητρίου, 2025-06-24, 19583 - 19310 = 273 κυβικά, 81.90€',NULL,1,NULL,393,16),
 (394,396,'2025-06-25',19851,19583,NULL,268,268,268,0.3,80.4,13.4,'Κακλαμάνου(Μηλιαράκη) Αικατερίνη Ιωάννου, 2025-06-25, 19851 - 19583 = 268 κυβικά, 80.40€',NULL,1,NULL,394,36),
 (395,397,'2025-06-26',20066,19851,NULL,215,215,215,0.3,64.5,10.75,'Τουλουπάκη(Καλέμη) Άννα Εμμανουήλ, 2025-06-26, 20066 - 19851 = 215 κυβικά, 64.50€',NULL,1,NULL,395,11),
 (396,398,'2025-06-27',20265,20066,NULL,199,199,199,0.3,59.7,9.95,'Προεστάκη(Χατζονικολάκη) Γλυκερία Ιωάννου, 27-06-2025, 20265 - 20066 = 199 κυβικά, 59.70€',NULL,1,NULL,396,21),
 (397,399,'2025-06-27',4378,4188,NULL,190,190,190,0.3,57,9.5,'Παπαδημητροπούλου(Βερβελάκη) Αικατερίνη Εμμανουήλ, 27-06-2025, 4378 - 4188 = 190 κυβικά, 57.00€',NULL,2,NULL,397,15),
 (398,400,'2025-06-28',20561,20265,NULL,296,296,296,0.3,88.8,14.8,'Ρεστιβάκη(Παπαδημητροπούλου) Γεωργία Μιχαήλ, 28-06-2025, 20561 - 20265 = 296 κυβικά, 88.80€',NULL,1,NULL,398,20),
 (399,401,'2025-06-29',20879,20561,NULL,318,318,318,0.3,95.4,15.9,'Russi Bilal(Χρήστος) None, 29-06-2025, 20879 - 20561 = 318 κυβικά, 95.40€',NULL,1,NULL,NULL,2),
 (400,402,'2025-06-30',21119,20879,NULL,240,240,240,0.3,72,12,'Russi Adem(Ανδρέας) None, 30-06-2025, 21119 - 20879 = 240 κυβικά, 72.00€',NULL,1,NULL,NULL,1),
 (401,403,'2025-06-30',21287,21119,NULL,168,168,168,0.3,50.4,8.4,'Πατιτάκης Εμμανουήλ Γεωργίου, 30-06-2025, 21287 - 21119 = 168 κυβικά, 50.40€',NULL,1,NULL,NULL,8),
 (402,404,'2025-07-02',22017,21287,NULL,730,730,730,0.3,219,36.5,'Βερβελάκη Ευαγγελία Εμμανουήλ, 02-07-2025, 22017 - 21287 = 730 κυβικά, 219.00€',NULL,1,NULL,NULL,109),
 (403,405,'2025-07-03',22295,22017,NULL,278,278,278,0.3,83.4,13.9,'Βερβελάκης Γεώργιος Νικολάου, 03-07-2025, 22295 - 22017 = 278 κυβικά, 83.40€',NULL,1,NULL,399,5),
 (404,406,'2025-07-04',22399,22295,NULL,104,104,104,0.3,31.2,5.2,'Ζώτος Σπύρος, 04-07-2025, 22399 - 22295 = 104 κυβικά, 31.20€',NULL,1,NULL,NULL,6),
 (405,407,'2025-07-04',22534,22399,NULL,135,135,135,0.3,40.5,6.75,'Μαργαριτάκης Εμμανουήλ Ιωάννου, 04-07-2025, 22534 - 22399 = 135 κυβικά, 40.50€',NULL,1,NULL,NULL,23),
 (406,408,'2025-07-05',22844,22534,NULL,310,310,310,0.3,93,15.5,'Ζώτος Σπύρος, 05-07-2025, 22844 - 22534 = 310 κυβικά, 93.00€',NULL,1,NULL,NULL,6),
 (407,409,'2025-07-06',23013,22844,NULL,169,169,169,0.3,50.7,8.45,'Παπαδημητροπούλου(Θαλασσινού) Μαρία Νικολάου, 06-07-2025, 23013 - 22844 = 169 κυβικά, 50.70€',NULL,1,NULL,NULL,4),
 (408,410,'2025-07-06',23132,23013,NULL,119,119,119,0.3,35.7,5.95,'Lleshi Denis(Αντώνης) Kaplan, 06-07-2025, 23132 - 23013 = 119 κυβικά, 35.70€',NULL,1,NULL,NULL,104),
 (409,411,'2025-07-07',23287,23132,NULL,155,155,155,0.5,77.5,7.75,'Plakut Nikos None, 07-07-2025, 23287 - 23132 = 155 κυβικά, 77.50€',NULL,1,NULL,NULL,19),
 (410,412,'2025-07-08',23409,23287,NULL,122,122,122,0.3,36.6,6.1,'Πιτροπάκης Βασίλειος Γεωργίου, 08-07-2025, 23409 - 23287 = 122 κυβικά, 36.60€',NULL,1,NULL,NULL,95),
 (411,413,'2025-07-08',23522,23409,NULL,113,113,113,0.3,33.9,5.65,'Πιτροπάκης Γεώργιος Νικολάου, 08-07-2025, 23522 - 23409 = 113 κυβικά, 33.90€',NULL,1,NULL,NULL,35),
 (412,414,'2025-07-08',23522,23522,NULL,0,0,0,0.3,0,0,'Απώλεια None None, 08-07-2025, 23522 - 23522 = 0 κυβικά, 0.00€',NULL,1,NULL,NULL,25),
 (413,415,'2025-07-09',23889,23522,NULL,367,367,367,0.3,110.1,18.35,'Πατιτάκης Γεώργιος Εμμανουήλ, 09-07-2025, 23889 - 23522 = 367 κυβικά, 110.10€',NULL,1,NULL,NULL,18),
 (414,416,'2025-07-09',4563,4378,NULL,185,185,185,0.5,92.5,9.25,'Βασιλάκης Ιωάννης Νικολάου, 09-07-2025, 4563 - 4378 = 185 κυβικά, 92.50€',NULL,2,NULL,NULL,9),
 (415,417,'2025-07-10',4829,4563,NULL,266,266,266,0.3,79.8,13.3,'Βασιλάκη-Μηλιαράκη Άννα Ιωάννου, 10-07-2025, 4829 - 4563 = 266 κυβικά, 79.80€',NULL,2,NULL,NULL,71),
 (416,418,'2025-07-11',4913,4829,NULL,84,84,84,0.3,25.2,4.2,'Russi Adem(Ανδρέας) None, 11-07-2025, 4913 - 4829 = 84 κυβικά, 25.20€',NULL,2,NULL,NULL,1),
 (417,419,'2025-07-09',23930,23889,NULL,41,41,41,0.3,12.3,2.05,'Παπαδημητρόπουλος Γεώργιος Άγγελου, 9-07-2025, 23930 - 23889 = 41 κυβικά, 12.30€',NULL,1,NULL,NULL,22),
 (418,420,'2025-07-10',24177,23930,NULL,247,247,247,0.3,74.1,12.35,'Κικάκης Μιχαήλ Ιωάννου, 10-07-2025, 24177 - 23930 = 247 κυβικά, 74.10€',NULL,1,NULL,NULL,7),
 (419,421,'2025-07-12',24652,24177,NULL,475,475,475,0.3,142.5,23.75,'Ζώτος Σπύρος, 12-07-2025, 24652 - 24177 = 475 κυβικά, 142.50€',NULL,1,NULL,NULL,6),
 (420,422,'2025-07-12',24696,24652,NULL,44,44,44,0.3,13.2,2.2,'Βερβελάκη Ευαγγελία Εμμανουήλ, 12-07-2025, 24696 - 24652 = 44 κυβικά, 13.20€',NULL,1,NULL,NULL,109),
 (421,423,'2025-07-12',24896,24696,NULL,200,200,200,0.3,60,10,'Βαρδάκης Εμμανουήλ Ματθαίου, 12-07-2025, 24896 - 24696 = 200 κυβικά, 60.00€',NULL,1,NULL,NULL,17),
 (422,424,'2025-07-09',16914,16820,NULL,94,94,94,0.3,28.2,4.7,'Βερβελάκη Ευαγγελία Εμμανουήλ, 09-07-2025, 16914 - 16820 = 94 κυβικά, 28.20€',NULL,3,NULL,NULL,109),
 (423,425,'2025-07-14',25214,24896,NULL,318,318,318,0.3,95.4,15.9,'Russi Bilal(Χρήστος) None, 14-07-2025, 25214 - 24896 = 318 κυβικά, 95.40€',NULL,1,NULL,NULL,2),
 (424,426,'2025-07-14',4998,4913,NULL,85,85,85,0.3,25.5,4.25,'Russi Bilal(Χρήστος) None, 14-07-2025, 4998 - 4913 = 85 κυβικά, 25.50€',NULL,2,NULL,NULL,2),
 (425,427,'2025-07-13',12414,12145,NULL,269,269,269,0.4,107.6,13.45,'Ρεστιβάκη(Παπαδημητροπούλου) Γεωργία Μιχαήλ, 13-07-2025, 12414 - 12145 = 269 κυβικά, 107.60€',NULL,4,NULL,NULL,20),
 (426,428,'2025-07-14',16947,16914,NULL,33,33,33,0.3,9.9,1.65,'Μπρότσικας Κώστας None, 14-07-2025, 16947 - 16914 = 33 κυβικά, 9.90€',NULL,3,NULL,NULL,32),
 (427,429,'2025-07-15',25402,25214,NULL,188,188,188,0.3,56.4,9.4,'Μαρουλάκης Ιωάννης Νικολάου, 15-07-2025, 25402 - 25214 = 188 κυβικά, 56.40€',NULL,1,NULL,NULL,3),
 (428,430,'2025-07-15',25486,25402,NULL,84,84,84,0.3,25.2,4.2,'Χατζοβασιλάκη Δανάη Δημητρίου, 15-07-2025, 25486 - 25402 = 84 κυβικά, 25.20€',NULL,1,NULL,NULL,29),
 (429,431,'2025-07-15',25561,25486,NULL,75,75,75,0.3,22.5,3.75,'Πατιτάκης Εμμανουήλ Γεωργίου, 15-07-2025, 25561 - 25486 = 75 κυβικά, 22.50€',NULL,1,NULL,NULL,8),
 (430,432,'2025-07-16',25897,25561,NULL,336,336,336,0.3,100.8,16.8,'Μαρουλάκης Στυλιανός Γεωργίου, 16-07-2025, 25897 - 25561 = 336 κυβικά, 100.80€',NULL,1,NULL,NULL,14),
 (431,433,'2025-07-17',26252,25897,NULL,355,355,355,0.3,106.5,17.75,'Βερβελάκης Γεώργιος Νικολάου, 17-07-2025, 26252 - 25897 = 355 κυβικά, 106.50€',NULL,1,NULL,NULL,5);
INSERT INTO "synet_paids" ("id","paid","paymentDate","balance","receiver_id","irrigation_id","customer_id","receiptNumber","cost") VALUES (1,182.1,'2024-04-03',0,1,5,5,5322,182.1),
 (2,161.7,'2024-05-01',0,1,39,5,5356,161.7),
 (3,60,'2024-03-13',0,1,1,1,5318,60),
 (4,34.8,'2024-03-14',0,1,2,2,5319,34.8),
 (5,42.6,'2025-05-28',0,1,3,3,5320,42.6),
 (6,89.4,'2025-05-28',0,1,6,6,5323,89.4),
 (7,63,'2025-05-28',0,1,7,7,5324,63),
 (8,53.4,'2025-05-28',0,1,8,8,5325,53.4),
 (9,25.8,'2025-05-28',0,1,9,7,5326,25.8),
 (10,66.9,'2025-05-28',0,1,10,9,5327,66.9),
 (11,57.3,'2025-05-28',0,1,4,4,5321,57.3),
 (12,25.5,'2025-05-28',0,1,11,6,5328,25.5),
 (13,90,'2025-05-28',0,1,12,10,5329,90),
 (14,105.3,'2025-05-28',0,1,13,8,5330,105.3),
 (15,60,'2025-05-28',0,1,14,11,5331,60),
 (16,0,NULL,-57,NULL,15,12,5332,57),
 (17,16.5,'2025-05-28',0,1,16,10,5333,16.5),
 (18,72.9,'2025-05-28',0,1,17,3,5334,72.9),
 (19,103.8,'2025-05-28',0,1,18,13,5335,103.8),
 (20,19.5,'2025-05-28',0,1,19,14,5336,19.5),
 (21,26.4,'2025-05-28',0,1,20,10,5337,26.4),
 (22,55.5,'2025-05-28',0,1,21,14,5338,55.5),
 (23,83.7,'2025-05-28',0,1,22,15,5339,83.7),
 (24,58.8,'2025-05-28',0,1,23,16,5340,58.8),
 (25,18.6,'2025-05-28',0,1,24,1,5341,18.6),
 (26,20.7,'2025-05-28',0,1,25,7,5342,20.7),
 (27,55.8,'2025-05-28',0,1,26,11,5343,55.8),
 (28,95.7,'2025-05-28',0,1,27,17,5344,95.7),
 (29,46.5,'2025-05-28',0,1,28,6,5345,46.5),
 (30,103.2,'2025-05-28',0,1,29,1,5346,103.2),
 (31,84,'2025-05-28',0,1,30,8,5347,84),
 (32,25.2,'2025-05-28',0,1,31,14,5348,25.2),
 (33,30.6,'2025-05-28',0,1,32,6,5349,30.6),
 (34,23.4,'2025-05-28',0,1,33,18,5350,23.4),
 (35,51.9,'2025-05-28',0,1,34,10,5351,51.9),
 (36,99.6,'2025-05-28',0,1,35,2,5352,99.6),
 (37,57.6,'2025-05-28',0,1,36,19,5353,57.6),
 (38,30.3,'2025-05-28',0,1,37,57,5354,30.3),
 (39,43.8,'2025-05-28',0,1,38,13,5355,43.8),
 (40,0,NULL,-45,NULL,40,21,5357,45),
 (41,14.7,'2025-05-28',0,1,41,22,5358,14.7),
 (42,67.5,'2025-05-28',0,1,42,9,5359,67.5),
 (43,46.5,'2025-05-28',0,1,43,4,5360,46.5),
 (44,96.3,'2025-05-28',0,1,44,15,5361,96.3),
 (45,136.5,'2025-05-28',0,1,45,23,5362,136.5),
 (46,82,'2025-05-28',0,1,46,57,5363,82),
 (47,29.4,'2025-05-28',0,1,47,23,5364,29.4),
 (48,30.9,'2025-05-28',0,1,48,16,5365,30.9),
 (49,73.2,'2025-05-28',0,1,49,6,5366,73.2),
 (50,66.3,'2025-05-28',0,1,50,8,5367,66.3),
 (51,14.7,'2025-05-28',0,1,51,15,5368,14.7),
 (52,23.7,'2025-05-28',0,1,52,20,5369,23.7),
 (53,0,NULL,-26.1,NULL,53,21,5370,26.1),
 (54,31.5,'2025-05-28',0,1,54,3,5371,31.5),
 (55,7.5,'2025-05-28',0,1,55,6,5372,7.5),
 (56,96.3,'2025-05-28',0,1,56,7,5373,96.3),
 (57,66.9,'2025-05-28',0,1,57,6,5374,66.9),
 (58,41.1,'2025-05-28',0,1,58,20,5375,41.1),
 (59,30,'2025-05-28',0,1,59,24,5376,30),
 (60,97.2,'2025-05-28',0,1,60,10,5377,97.2),
 (61,20.4,'2025-05-28',0,1,61,14,5378,20.4),
 (62,24.9,'2025-05-28',0,1,62,10,5379,24.9),
 (63,69,'2025-05-28',0,1,63,1,5380,69),
 (64,24.9,'2025-05-28',0,1,64,1,5381,24.9),
 (65,102.3,'2025-05-28',0,1,65,23,5382,102.3),
 (66,16.5,'2025-05-28',0,1,67,14,5383,16.5),
 (67,60,'2025-05-28',0,1,77,27,5384,60),
 (68,57.3,'2025-05-28',0,1,73,26,5385,57.3),
 (69,39.3,'2025-05-28',0,1,79,28,5386,39.3),
 (70,16.5,'2025-05-28',0,1,328,14,5389,16.5),
 (71,33,'2025-05-28',0,1,68,14,5390,33),
 (72,17.7,'2025-05-28',0,1,69,10,5391,17.7),
 (73,144.9,'2025-05-28',0,1,71,13,5392,144.9),
 (74,26.1,'2025-05-28',0,1,72,10,5393,26.1),
 (75,78.3,'2025-05-28',0,1,74,2,5394,78.3),
 (76,15.6,'2025-05-28',0,1,75,2,5395,15.6),
 (77,190.5,'2025-05-28',0,1,76,5,5396,190.5),
 (78,102.6,'2025-05-28',0,1,78,17,5397,102.6),
 (79,74.1,'2025-05-28',0,1,80,20,5398,74.1),
 (80,42.3,'2025-05-28',0,1,81,29,5399,42.3),
 (81,91.5,'2025-05-28',0,1,82,30,5400,91.5),
 (82,0,NULL,NULL,NULL,66,25,1,NULL),
 (83,0,NULL,NULL,NULL,70,25,2,NULL),
 (84,51,'2025-05-29',0,1,91,9,5401,51),
 (85,0,NULL,-72.9,NULL,92,21,5402,72.9),
 (86,84.8,'2025-05-29',0,1,90,19,5403,84.8),
 (87,97.8,'2025-05-29',0,1,93,7,5404,97.8),
 (88,62.1,'2025-05-29',0,1,89,16,5405,62.1),
 (89,101.1,'2025-05-29',0,1,83,11,5406,101.1),
 (90,18,'2025-05-29',0,1,84,22,5407,18),
 (91,74.7,'2025-05-29',0,1,85,6,5408,74.7),
 (92,72.6,'2025-05-29',0,1,86,26,5409,72.6),
 (93,47.7,'2025-05-29',0,1,87,4,5410,47.7),
 (94,40.2,'2025-05-29',0,1,88,1,5411,40.2),
 (95,18,'2025-05-29',0,1,94,20,5412,18),
 (96,45.2,'2025-05-29',0,1,95,20,5413,45.2),
 (97,101.1,'2025-05-29',0,1,96,15,5414,101.1),
 (98,0,NULL,-50.7,NULL,97,12,5415,50.7),
 (99,0,NULL,-18,NULL,98,21,5416,18),
 (100,48.3,'2025-05-29',0,1,99,3,5417,48.3),
 (101,0,NULL,-131.4,NULL,100,23,5418,131.4),
 (102,38.1,'2025-05-29',0,1,101,20,5419,38.1),
 (103,100.2,'2025-05-29',0,1,102,31,5420,100.2),
 (104,21.6,'2025-05-29',0,1,103,31,5421,21.6),
 (105,22.2,'2025-05-29',0,1,104,14,5422,22.2),
 (106,75.3,'2025-05-29',0,1,105,2,5423,75.3),
 (107,20.1,'2025-05-29',0,1,106,2,5424,20.1),
 (108,51.6,'2025-05-29',0,1,107,20,5425,51.6),
 (109,60.9,'2025-05-29',0,1,108,1,5426,60.9),
 (110,29.1,'2025-05-29',0,1,109,1,5427,29.1),
 (111,21.6,'2025-05-29',0,1,110,26,5428,21.6),
 (112,113.1,'2025-05-29',0,1,111,8,5429,113.1),
 (113,204.9,'2025-05-29',0,1,112,5,5430,204.9),
 (114,10.8,'2025-05-29',0,1,113,32,5431,10.8),
 (115,21.9,'2025-05-29',0,1,114,31,5432,21.9),
 (116,16.5,'2025-05-29',0,1,116,13,5433,16.5),
 (117,40.2,'2025-05-29',0,1,115,14,5434,40.2),
 (118,35.7,'2025-05-29',0,1,117,14,5435,35.7),
 (119,18,'2025-05-29',0,1,118,7,5436,18),
 (120,41.4,'2025-05-29',0,1,119,28,5437,41.4),
 (121,2.4,'2025-05-29',0,1,329,13,5438,2.4),
 (122,105,'2025-05-29',0,1,120,26,5439,105),
 (123,78.6,'2025-05-29',0,1,121,16,5440,78.6),
 (124,112.8,'2025-05-29',0,1,122,13,5441,112.8),
 (125,82.5,'2025-05-29',0,1,123,17,5442,82.5),
 (126,44.1,'2025-05-29',0,1,124,4,5443,44.1),
 (127,40.2,'2025-05-29',0,1,125,20,5444,40.2),
 (128,49.6,'2025-05-29',0,1,126,20,5445,49.6),
 (129,36.8,'2025-05-29',0,1,127,24,5446,36.8),
 (130,9.6,'2025-05-29',0,1,128,22,5447,9.6),
 (131,24.3,'2025-05-29',0,1,129,33,5448,24.3),
 (132,0,NULL,-42,NULL,131,34,5449,42),
 (133,0,NULL,-48.9,NULL,130,34,5450,48.9),
 (134,96.9,'2025-05-29',0,1,132,30,5451,96.9),
 (135,0,NULL,-68.4,NULL,133,35,5452,68.4),
 (136,98.1,'2025-05-29',0,1,134,6,5453,98.1),
 (137,48.6,'2025-05-29',0,1,135,28,5454,48.6),
 (138,0,NULL,-92.7,NULL,136,21,5455,92.7),
 (139,25.5,'2025-05-29',0,1,137,26,5456,25.5),
 (140,55.2,'2025-05-29',0,1,138,3,5457,55.2),
 (141,33,'2025-05-29',0,1,139,1,5458,33),
 (142,90.6,'2025-05-29',0,1,140,11,5459,90.6),
 (143,86.1,'2025-05-29',0,1,141,2,5460,86.1),
 (144,34.2,'2025-05-29',0,1,142,36,5461,34.2),
 (145,81,'2025-05-29',0,1,143,15,5462,81),
 (146,78.6,'2025-05-29',0,1,144,28,5463,78.6),
 (147,8.2,'2025-05-29',-28.1,1,145,4,5464,36.3),
 (148,86.4,'2025-05-29',0,1,146,31,5465,86.4),
 (149,72.9,'2025-05-29',0,1,147,14,5466,72.9),
 (150,13.5,'2025-05-29',0,1,148,31,5467,13.5),
 (151,0,NULL,-12.6,NULL,149,37,5468,12.6),
 (152,27.3,'2025-05-29',0,1,150,31,5469,27.3),
 (153,0,NULL,-15.9,NULL,151,21,5470,15.9),
 (154,187.2,'2025-05-29',0,1,152,5,5471,187.2),
 (155,66,'2025-05-29',0,1,153,38,5472,66),
 (156,101.4,'2025-05-29',0,1,154,1,5473,101.4),
 (157,0,NULL,-65.1,NULL,155,16,5474,65.1),
 (158,9.9,'2025-05-29',0,1,156,7,5475,9.9),
 (159,110.1,'2025-05-29',0,1,157,13,5476,110.1),
 (160,84.3,'2025-05-29',0,1,158,17,5477,84.3),
 (161,0,NULL,-29.7,NULL,159,39,5478,29.7),
 (162,20.4,'2025-05-29',0,1,160,6,5479,20.4),
 (163,0,NULL,-52.4,NULL,161,19,5480,52.4),
 (164,9,'2025-05-29',0,1,162,22,5481,9),
 (165,124.8,'2025-05-29',0,1,163,8,5482,124.8),
 (166,112.2,'2025-05-29',0,1,164,6,5483,112.2),
 (167,0,NULL,-60.6,NULL,165,9,5484,60.6),
 (168,0,NULL,-87.3,NULL,166,23,5485,87.3),
 (169,98.7,'2025-05-29',0,1,167,40,5486,98.7),
 (170,0,NULL,-45.3,NULL,168,35,5487,45.3),
 (171,0,NULL,-48,NULL,169,41,5488,48),
 (172,40.5,'2025-05-29',0,1,170,36,5489,40.5),
 (173,84.9,'2025-05-29',0,1,171,7,5490,84.9),
 (174,90.6,'2025-05-29',0,1,172,2,5491,90.6),
 (175,88.2,'2025-05-29',0,1,173,1,5492,88.2),
 (176,0,NULL,-51,NULL,174,3,5493,51),
 (177,21.3,'2025-05-29',0,1,175,26,5494,21.3),
 (178,71.1,'2025-05-29',0,1,176,11,5495,71.1),
 (179,31.2,'2025-05-29',0,1,177,24,5496,31.2),
 (180,0,NULL,-46.2,NULL,178,4,5497,46.2),
 (181,34.2,'2025-05-29',0,1,179,15,5498,34.2),
 (182,108.6,'2025-05-29',0,1,180,5,5499,108.6),
 (183,17.7,'2025-05-29',0,1,181,31,5500,17.7),
 (184,75.9,'2025-05-29',0,1,182,14,5551,75.9),
 (185,28.5,'2025-05-29',0,1,185,14,5552,28.5),
 (186,0,NULL,-60.3,NULL,183,21,5553,60.3),
 (187,105.3,'2025-05-29',0,1,184,26,5554,105.3),
 (188,59.1,'2025-05-29',0,1,186,20,5555,59.1),
 (189,99.2,'2025-05-29',0,1,187,20,5556,99.2),
 (190,28.5,'2025-05-29',0,1,188,31,5557,28.5),
 (191,81.6,'2025-05-29',0,1,190,28,5558,81.6),
 (192,52.8,'2025-05-29',0,1,189,6,5559,52.8),
 (193,152.1,'2025-05-29',0,1,191,5,5560,152.1),
 (194,35.1,'2025-05-29',0,1,192,36,5561,35.1),
 (195,68.4,'2025-05-29',19.2,1,193,31,5562,49.2),
 (196,0,NULL,-19.2,NULL,194,31,NULL,19.2),
 (197,87.9,'2025-05-29',0,1,195,17,5563,87.9),
 (198,72.9,'2025-05-29',0,1,196,13,5564,72.9),
 (199,45.2,'2025-05-29',-110.5,1,197,30,5565,155.7),
 (200,44.7,'2025-05-29',0,1,198,26,5566,44.7),
 (201,0,NULL,-60.9,NULL,199,9,5567,60.9),
 (202,0,NULL,-69.6,NULL,200,23,5568,69.6),
 (203,0,NULL,-23.2,NULL,201,23,5569,23.2),
 (204,0,NULL,-42.6,NULL,204,2,5571,42.6),
 (205,0,NULL,-45,NULL,205,21,5572,45),
 (206,0,NULL,-33.6,NULL,206,4,5573,33.6),
 (207,49.5,'2025-05-29',0,1,207,28,5574,49.5),
 (208,48,'2025-05-29',0,1,208,29,5575,48),
 (209,0,NULL,-45.9,NULL,202,3,5576,45.9),
 (210,69.9,'2025-05-29',0,1,203,6,5577,69.9),
 (211,49.8,'2025-05-29',0,1,209,7,5578,49.8),
 (212,42,'2025-05-29',0,1,210,5,5579,42),
 (213,0,NULL,-33,NULL,211,1,5580,33),
 (214,18,'2025-05-29',0,1,212,31,5581,18),
 (215,64.2,'2025-05-29',0,1,213,5,5582,64.2),
 (216,80.7,'2025-05-29',24,1,216,31,5583,56.7),
 (217,0,NULL,-12.9,NULL,214,31,NULL,12.9),
 (218,0,NULL,-11.1,NULL,217,31,NULL,11.1),
 (219,57.3,'2025-05-29',0,1,215,26,5584,57.3),
 (220,80.1,'2025-05-29',0,1,218,11,5585,80.1),
 (221,0,NULL,-10.8,NULL,219,22,5586,10.8),
 (222,41.4,'2025-05-29',0,1,220,26,5587,41.4),
 (223,0,NULL,-61.8,NULL,221,21,5588,61.8),
 (224,0,NULL,-27.9,NULL,222,1,5589,27.9),
 (225,90.9,'2025-05-29',0,1,223,14,5590,90.9),
 (226,108,'2025-05-29',0,1,224,17,5591,108),
 (227,39,'2025-05-29',0,1,225,36,5592,39),
 (228,78.9,'2025-05-29',0,1,226,31,5593,78.9),
 (229,36.9,'2025-05-29',0,1,227,5,5594,36.9),
 (230,0,NULL,-83.1,NULL,228,28,5595,83.1),
 (231,42,'2025-05-29',0,1,229,6,5596,42),
 (232,0,NULL,-116,NULL,230,20,5597,116),
 (233,0,NULL,-45,NULL,231,1,5598,45),
 (234,0,NULL,-21.3,NULL,232,2,5599,21.3),
 (235,0,NULL,-29.1,NULL,233,23,5600,29.1),
 (236,0,NULL,-85.5,NULL,234,20,5601,85.5),
 (237,0,NULL,-58.5,NULL,235,3,5602,58.5),
 (238,0,NULL,-143.4,NULL,236,8,5603,143.4),
 (239,0,NULL,-51.3,NULL,237,4,5604,51.3),
 (240,0,NULL,-45,NULL,238,30,5605,45),
 (241,33,'2025-05-31',0,1,239,6,5606,33),
 (242,70.2,'2025-05-31',0,1,240,26,5607,70.2),
 (243,50.4,'2025-05-31',0,1,241,6,5608,50.4),
 (244,111.3,'2025-05-31',0,1,242,42,5609,111.3),
 (245,105,'2025-05-31',0,1,243,17,5610,105),
 (246,0,NULL,-37.8,NULL,244,21,5611,37.8),
 (247,99,'2025-05-31',0,1,245,5,5612,99),
 (248,0,NULL,-81.6,NULL,246,28,5613,81.6),
 (249,0,NULL,-49.2,NULL,247,19,5614,49.2),
 (250,58.5,'2025-05-31',0,1,248,29,5615,58.5),
 (251,0,NULL,-108,NULL,249,2,5616,108),
 (252,0,NULL,-49.2,NULL,250,9,5617,49.2),
 (253,27,'2025-05-31',0,1,251,5,NULL,27),
 (254,88.8,'2025-05-31',0,1,252,5,5618,88.8),
 (255,0,NULL,-111.6,NULL,253,20,5619,111.6),
 (256,22.8,'2025-05-31',0,1,254,31,5620,22.8),
 (257,80.4,'2025-05-31',0,1,255,26,5621,80.4),
 (258,76.5,'2025-05-31',0,1,256,11,5622,76.5),
 (259,0,NULL,-57.6,NULL,257,20,NULL,57.6),
 (260,0,NULL,-38.4,NULL,258,20,5623,38.4),
 (261,40.5,'2025-05-31',0,1,259,6,5624,40.5),
 (262,0,NULL,-40.5,NULL,260,21,5625,40.5),
 (263,93,'2025-05-31',0,1,261,31,5626,93),
 (264,0,NULL,-66,NULL,262,28,5627,66),
 (265,98.1,'2025-05-31',0,1,263,42,5628,98.1),
 (266,0,NULL,-61.8,NULL,264,23,5629,61.8),
 (267,0,NULL,-32.8,NULL,265,23,NULL,32.8),
 (268,0,NULL,-13.2,NULL,266,37,5630,13.2),
 (269,0,NULL,-33.6,NULL,267,4,5631,33.6),
 (270,0,NULL,-39.9,NULL,268,20,5632,39.9),
 (271,0,NULL,-40,NULL,269,20,5633,40),
 (272,79.5,'2025-05-31',0,1,270,14,5634,79.5),
 (273,0,NULL,-47.2,NULL,271,20,5635,47.2),
 (274,0,NULL,-48.3,NULL,272,20,5636,48.3),
 (275,0,NULL,-25.5,NULL,273,3,5637,25.5),
 (276,89.1,'2025-05-31',0,1,274,42,5638,89.1),
 (277,0,NULL,-57.3,NULL,308,11,5639,57.3),
 (278,0,NULL,-48,NULL,309,2,5640,48),
 (279,0,NULL,-90,NULL,310,7,5641,90),
 (280,0,NULL,-27,NULL,312,39,5642,27),
 (281,50.4,'2025-05-31',0,1,311,5,5643,50.4),
 (282,0,NULL,-111.6,NULL,313,13,5644,111.6),
 (283,0,NULL,-42,NULL,314,3,5645,42),
 (284,0,NULL,-174,NULL,315,17,5646,174),
 (285,33,'2025-05-31',0,1,316,104,5647,33),
 (286,0,NULL,-21,NULL,317,23,5648,21),
 (287,0,NULL,-46.5,NULL,318,21,5649,46.5),
 (288,0,NULL,-99,NULL,319,8,5650,99),
 (289,0,NULL,-24,NULL,320,2,5651,24),
 (290,0,NULL,-27.9,NULL,321,71,5652,27.9),
 (291,82.8,'2025-05-31',0,1,322,5,5653,82.8),
 (292,0,NULL,-40.2,NULL,323,18,5654,40.2),
 (293,0,NULL,-21,NULL,324,31,5655,21),
 (294,0,NULL,-23.7,NULL,325,31,5656,23.7),
 (295,0,NULL,-27.9,NULL,326,2,5657,27.9),
 (296,0,NULL,-57,NULL,327,1,5658,57),
 (297,0,NULL,-69,NULL,330,21,5659,69),
 (298,0,NULL,-87,NULL,331,20,5660,87),
 (299,0,NULL,-65,NULL,332,19,5661,65),
 (300,0,NULL,-150.3,NULL,275,10,5169,150.3),
 (301,85.2,'2025-05-31',0,1,276,5,5170,85.2),
 (302,57.47,'2025-05-31',0,1,333,5,5171,57.47),
 (303,0,NULL,-86.7,NULL,277,12,5172,86.7),
 (304,0,NULL,-68.7,NULL,278,6,5173,68.7),
 (305,0,NULL,-24.6,NULL,279,6,5174,24.6),
 (306,0,NULL,-153.9,NULL,280,6,5175,153.9),
 (307,0,NULL,-126.6,NULL,281,28,5176,126.6),
 (308,0,NULL,-84.8,NULL,282,43,5177,84.8),
 (309,0,NULL,-9.9,NULL,283,23,5178,9.9),
 (310,0,NULL,-45,NULL,284,3,5179,45),
 (311,0,NULL,-83.4,NULL,285,44,5180,83.4),
 (312,0,NULL,-3.6,NULL,286,44,5181,3.6),
 (313,0,NULL,-9.9,NULL,287,14,5182,9.9),
 (314,0,NULL,-63.6,NULL,288,38,5183,63.6),
 (315,0,NULL,-29.4,NULL,289,32,5184,29.4),
 (316,0,NULL,-64.5,NULL,290,45,5185,64.5),
 (317,0,NULL,-82.8,NULL,291,15,5186,82.8),
 (318,0,NULL,-28.2,NULL,292,46,5187,28.2),
 (319,0,NULL,-1.5,NULL,293,4,5188,1.5),
 (320,14,'2025-05-31',0,1,294,47,5189,14),
 (321,0,NULL,-55.6,NULL,295,48,5190,55.6),
 (322,0,NULL,-59.4,NULL,296,49,5191,59.4),
 (323,0,NULL,-80.1,NULL,297,21,5192,80.1),
 (324,0,NULL,-118,NULL,298,50,5193,118),
 (325,0,NULL,-22.5,NULL,299,39,5194,22.5),
 (326,0,NULL,-7.8,NULL,300,39,5195,7.8),
 (327,0,NULL,-88.2,NULL,301,39,5196,88.2),
 (328,0,NULL,-33.3,NULL,302,51,5198,33.3),
 (329,0,NULL,-89.7,NULL,303,51,5199,89.7),
 (330,0,NULL,-33,NULL,304,52,5200,33),
 (331,109.8,'2025-05-31',0,1,305,53,5501,109.8),
 (332,NULL,NULL,NULL,NULL,307,25,NULL,NULL),
 (333,NULL,NULL,NULL,NULL,306,25,NULL,NULL),
 (334,231.8,'2025-05-31',0,1,334,71,5502,231.8),
 (335,309.9,'2025-05-31',0,1,335,53,5505,309.9),
 (336,57.67,'2025-05-31',0,1,336,47,5503,57.67),
 (337,85,'2025-05-31',0,1,337,48,5504,85),
 (338,0,NULL,-4,NULL,338,105,5506,4),
 (339,0,NULL,-37.2,NULL,365,55,5533,37.2),
 (340,0,NULL,-29.1,NULL,364,52,5532,29.1),
 (341,0,NULL,-6.75,NULL,363,106,5531,6.75),
 (342,0,NULL,-2.2,NULL,362,64,5530,2.2),
 (343,0,NULL,-82.55,NULL,361,51,5529,82.55),
 (344,0,NULL,-104.4,NULL,360,51,5528,104.4),
 (345,0,NULL,-81.65,NULL,359,39,5527,81.65),
 (346,0,NULL,-13.07,NULL,358,39,5526,13.07),
 (347,0,NULL,-350.47,NULL,357,39,5525,350.47),
 (348,0,NULL,-38.8,NULL,356,6,5524,38.8),
 (349,0,NULL,-195.1,NULL,355,6,5523,195.1),
 (350,0,NULL,-74.4,NULL,354,50,5522,74.4),
 (351,0,NULL,-112.37,NULL,353,18,5521,112.37),
 (352,0,NULL,-35.27,NULL,352,45,5520,35.27),
 (353,0,NULL,-139.6,NULL,351,32,5519,139.6),
 (354,0,NULL,-7.4,NULL,350,38,5518,7.4),
 (355,0,NULL,-1.2,NULL,349,38,5517,1.2),
 (356,0,NULL,-8.1,NULL,348,14,5516,8.1),
 (357,0,NULL,-1.4,NULL,347,14,5515,1.4),
 (358,0,NULL,-893.55,NULL,346,44,5514,893.55),
 (359,0,NULL,-159.1,NULL,345,44,5513,159.1),
 (360,0,NULL,-85.17,NULL,344,3,5512,85.17),
 (361,0,NULL,-63.3,NULL,343,23,5511,63.3),
 (362,0,NULL,-444.25,NULL,342,28,5510,444.25),
 (363,0,NULL,-14.85,NULL,341,89,5509,14.85),
 (364,0,NULL,-91.37,NULL,340,12,5508,91.37),
 (365,0,NULL,-1305.6,NULL,339,10,5507,1305.6),
 (366,0,NULL,-57,NULL,366,36,5662,57),
 (367,0,NULL,-72.3,NULL,367,11,5663,72.3),
 (368,0,NULL,-203.7,NULL,368,109,5664,203.7),
 (369,58.2,'2025-06-29',0,1,369,5,5665,58.2),
 (370,0,NULL,-20.4,NULL,370,1,5666,20.4),
 (371,0,NULL,-92.1,NULL,371,2,5667,92.1),
 (372,0,NULL,-77.7,NULL,372,18,5668,77.7),
 (373,0,NULL,-42,NULL,373,4,5669,42),
 (374,0,NULL,-21,NULL,374,22,5670,21),
 (375,0,NULL,-69.6,NULL,375,7,5671,69.6),
 (376,0,NULL,-89.4,NULL,376,14,5672,89.4),
 (377,0,NULL,-58.8,NULL,377,3,5673,58.8),
 (378,0,NULL,-21,NULL,378,29,5674,21),
 (379,0,NULL,-81.9,NULL,379,18,5675,81.9),
 (380,0,NULL,-108.3,NULL,380,42,5676,108.3),
 (381,0,NULL,-6.9,NULL,381,6,5677,6.9),
 (382,0,NULL,-35,NULL,382,24,5678,35),
 (383,0,NULL,-47.4,NULL,383,6,5679,47.4),
 (384,0,NULL,-30.6,NULL,384,39,5680,30.6),
 (385,0,NULL,-36.3,NULL,385,104,5681,36.3),
 (386,0,NULL,-61.8,NULL,386,6,5682,61.8),
 (387,0,NULL,-21.3,NULL,387,23,5683,21.3),
 (388,68.1,'2025-06-29',0,1,388,5,5684,68.1),
 (389,0,NULL,-11.4,NULL,389,109,5685,11.4),
 (390,0,NULL,-106.5,NULL,390,13,5686,106.5),
 (391,0,NULL,-137.7,NULL,391,17,5687,137.7),
 (392,0,NULL,-88.4,NULL,392,20,5688,88.4),
 (393,0,NULL,-81.9,NULL,393,16,5689,81.9),
 (394,0,NULL,-80.4,NULL,394,36,5690,80.4),
 (395,0,NULL,-64.5,NULL,395,11,5691,64.5),
 (396,0,NULL,-59.7,NULL,396,21,5692,59.7),
 (397,0,NULL,-57,NULL,397,15,5693,57),
 (398,0,NULL,-88.8,NULL,398,20,5694,88.8),
 (399,0,NULL,-83.4,NULL,403,5,NULL,83.4);
DROP INDEX IF EXISTS "auth_group_permissions_group_id_permission_id_0cd325b0_uniq";
CREATE UNIQUE INDEX IF NOT EXISTS "auth_group_permissions_group_id_permission_id_0cd325b0_uniq" ON "auth_group_permissions" (
	"group_id",
	"permission_id"
);
DROP INDEX IF EXISTS "auth_group_permissions_group_id_b120cbf9";
CREATE INDEX IF NOT EXISTS "auth_group_permissions_group_id_b120cbf9" ON "auth_group_permissions" (
	"group_id"
);
DROP INDEX IF EXISTS "auth_group_permissions_permission_id_84c5c92e";
CREATE INDEX IF NOT EXISTS "auth_group_permissions_permission_id_84c5c92e" ON "auth_group_permissions" (
	"permission_id"
);
DROP INDEX IF EXISTS "auth_user_groups_user_id_group_id_94350c0c_uniq";
CREATE UNIQUE INDEX IF NOT EXISTS "auth_user_groups_user_id_group_id_94350c0c_uniq" ON "auth_user_groups" (
	"user_id",
	"group_id"
);
DROP INDEX IF EXISTS "auth_user_groups_user_id_6a12ed8b";
CREATE INDEX IF NOT EXISTS "auth_user_groups_user_id_6a12ed8b" ON "auth_user_groups" (
	"user_id"
);
DROP INDEX IF EXISTS "auth_user_groups_group_id_97559544";
CREATE INDEX IF NOT EXISTS "auth_user_groups_group_id_97559544" ON "auth_user_groups" (
	"group_id"
);
DROP INDEX IF EXISTS "auth_user_user_permissions_user_id_permission_id_14a6b632_uniq";
CREATE UNIQUE INDEX IF NOT EXISTS "auth_user_user_permissions_user_id_permission_id_14a6b632_uniq" ON "auth_user_user_permissions" (
	"user_id",
	"permission_id"
);
DROP INDEX IF EXISTS "auth_user_user_permissions_user_id_a95ead1b";
CREATE INDEX IF NOT EXISTS "auth_user_user_permissions_user_id_a95ead1b" ON "auth_user_user_permissions" (
	"user_id"
);
DROP INDEX IF EXISTS "auth_user_user_permissions_permission_id_1fbb5f2c";
CREATE INDEX IF NOT EXISTS "auth_user_user_permissions_permission_id_1fbb5f2c" ON "auth_user_user_permissions" (
	"permission_id"
);
DROP INDEX IF EXISTS "django_admin_log_content_type_id_c4bce8eb";
CREATE INDEX IF NOT EXISTS "django_admin_log_content_type_id_c4bce8eb" ON "django_admin_log" (
	"content_type_id"
);
DROP INDEX IF EXISTS "django_admin_log_user_id_c564eba6";
CREATE INDEX IF NOT EXISTS "django_admin_log_user_id_c564eba6" ON "django_admin_log" (
	"user_id"
);
DROP INDEX IF EXISTS "django_content_type_app_label_model_76bd3d3b_uniq";
CREATE UNIQUE INDEX IF NOT EXISTS "django_content_type_app_label_model_76bd3d3b_uniq" ON "django_content_type" (
	"app_label",
	"model"
);
DROP INDEX IF EXISTS "auth_permission_content_type_id_codename_01ab375a_uniq";
CREATE UNIQUE INDEX IF NOT EXISTS "auth_permission_content_type_id_codename_01ab375a_uniq" ON "auth_permission" (
	"content_type_id",
	"codename"
);
DROP INDEX IF EXISTS "auth_permission_content_type_id_2f476e4b";
CREATE INDEX IF NOT EXISTS "auth_permission_content_type_id_2f476e4b" ON "auth_permission" (
	"content_type_id"
);
DROP INDEX IF EXISTS "django_session_expire_date_a5c62663";
CREATE INDEX IF NOT EXISTS "django_session_expire_date_a5c62663" ON "django_session" (
	"expire_date"
);
DROP INDEX IF EXISTS "synet_counters_customer_id_507aff6c";
CREATE INDEX IF NOT EXISTS "synet_counters_customer_id_507aff6c" ON "synet_counters" (
	"customer_id"
);
DROP INDEX IF EXISTS "synet_persons_surname_name_fathersName_e7e0d3cd_uniq";
CREATE UNIQUE INDEX IF NOT EXISTS "synet_persons_surname_name_fathersName_e7e0d3cd_uniq" ON "synet_persons" (
	"surname",
	"name",
	"fathersName"
);
DROP INDEX IF EXISTS "synet_fields_customer_id_5f7efd63";
CREATE INDEX IF NOT EXISTS "synet_fields_customer_id_5f7efd63" ON "synet_fields" (
	"customer_id"
);
DROP INDEX IF EXISTS "synet_watercons_counter_id_f94424aa";
CREATE INDEX IF NOT EXISTS "synet_watercons_counter_id_f94424aa" ON "synet_watercons" (
	"counter_id"
);
DROP INDEX IF EXISTS "synet_watercons_field_id_2989b046";
CREATE INDEX IF NOT EXISTS "synet_watercons_field_id_2989b046" ON "synet_watercons" (
	"field_id"
);
DROP INDEX IF EXISTS "synet_watercons_receipt_id_3d29fbff";
CREATE INDEX IF NOT EXISTS "synet_watercons_receipt_id_3d29fbff" ON "synet_watercons" (
	"receipt_id"
);
DROP INDEX IF EXISTS "synet_watercons_customer_id_9dbcf5fe";
CREATE INDEX IF NOT EXISTS "synet_watercons_customer_id_9dbcf5fe" ON "synet_watercons" (
	"customer_id"
);
DROP INDEX IF EXISTS "synet_paids_receiver_id_1a869d17";
CREATE INDEX IF NOT EXISTS "synet_paids_receiver_id_1a869d17" ON "synet_paids" (
	"receiver_id"
);
DROP INDEX IF EXISTS "synet_paids_irrigation_id_35aab728";
CREATE INDEX IF NOT EXISTS "synet_paids_irrigation_id_35aab728" ON "synet_paids" (
	"irrigation_id"
);
DROP INDEX IF EXISTS "synet_paids_customer_id_4a610503";
CREATE INDEX IF NOT EXISTS "synet_paids_customer_id_4a610503" ON "synet_paids" (
	"customer_id"
);
COMMIT;
