

-- Drop table if exists `django_migrations`
DROP TABLE IF EXISTS `django_migrations`;

-- Table structure for `django_migrations`
CREATE TABLE `django_migrations` (`id` INT NOT NULL, `app` varchar(255) NOT NULL, `name` varchar(255) NOT NULL, `applied` datetime NOT NULL) ENGINE=InnoDB DEFAULT CHARSET=utf8mb4 COLLATE=utf8mb4_unicode_ci;
INSERT INTO `django_migrations` VALUES (1, 'contenttypes', '0001_initial', '2025-04-21 21:58:30.100369');
INSERT INTO `django_migrations` VALUES (2, 'auth', '0001_initial', '2025-04-21 21:58:30.131641');
INSERT INTO `django_migrations` VALUES (3, 'admin', '0001_initial', '2025-04-21 21:58:30.162883');
INSERT INTO `django_migrations` VALUES (4, 'admin', '0002_logentry_remove_auto_add', '2025-04-21 21:58:30.185043');
INSERT INTO `django_migrations` VALUES (5, 'admin', '0003_logentry_add_action_flag_choices', '2025-04-21 21:58:30.210192');
INSERT INTO `django_migrations` VALUES (6, 'contenttypes', '0002_remove_content_type_name', '2025-04-21 21:58:30.257075');
INSERT INTO `django_migrations` VALUES (7, 'auth', '0002_alter_permission_name_max_length', '2025-04-21 21:58:30.272693');
INSERT INTO `django_migrations` VALUES (8, 'auth', '0003_alter_user_email_max_length', '2025-04-21 21:58:30.288719');
INSERT INTO `django_migrations` VALUES (9, 'auth', '0004_alter_user_username_opts', '2025-04-21 21:58:30.304355');
INSERT INTO `django_migrations` VALUES (10, 'auth', '0005_alter_user_last_login_null', '2025-04-21 21:58:30.319985');
INSERT INTO `django_migrations` VALUES (11, 'auth', '0006_require_contenttypes_0002', '2025-04-21 21:58:30.335613');
INSERT INTO `django_migrations` VALUES (12, 'auth', '0007_alter_validators_add_error_messages', '2025-04-21 21:58:30.351249');
INSERT INTO `django_migrations` VALUES (13, 'auth', '0008_alter_user_username_max_length', '2025-04-21 21:58:30.366856');
INSERT INTO `django_migrations` VALUES (14, 'auth', '0009_alter_user_last_name_max_length', '2025-04-21 21:58:30.398511');
INSERT INTO `django_migrations` VALUES (15, 'auth', '0010_alter_group_name_max_length', '2025-04-21 21:58:30.429790');
INSERT INTO `django_migrations` VALUES (16, 'auth', '0011_update_proxy_permissions', '2025-04-21 21:58:30.445414');
INSERT INTO `django_migrations` VALUES (17, 'auth', '0012_alter_user_first_name_max_length', '2025-04-21 21:58:30.461030');
INSERT INTO `django_migrations` VALUES (18, 'sessions', '0001_initial', '2025-04-21 21:58:30.476656');
INSERT INTO `django_migrations` VALUES (19, 'synet', '0001_initial', '2025-04-28 12:26:16.370855');
INSERT INTO `django_migrations` VALUES (20, 'synet', '0002_alter_waterconsumption_balance_and_more', '2025-04-29 06:23:28.666979');
INSERT INTO `django_migrations` VALUES (21, 'synet', '0003_alter_waterconsumption_hydronomistscubicmeters', '2025-04-29 06:31:18.889353');
INSERT INTO `django_migrations` VALUES (22, 'synet', '0002_counters_customers_fields_paids_watercons', '2025-04-30 06:48:07.491806');
INSERT INTO `django_migrations` VALUES (23, 'synet', '0003_customers_fathersname_customers_name_and_more', '2025-05-01 06:42:29.699974');
INSERT INTO `django_migrations` VALUES (24, 'synet', '0004_remove_customers_customer', '2025-05-01 07:47:48.277040');
INSERT INTO `django_migrations` VALUES (25, 'synet', '0005_counters_customer', '2025-05-01 09:40:28.349467');
INSERT INTO `django_migrations` VALUES (26, 'synet', '0006_alter_counters_options_alter_customers_options_and_more', '2025-05-01 11:16:28.415885');
INSERT INTO `django_migrations` VALUES (27, 'synet', '0007_customers_afm_customers_member_customers_payasmember', '2025-05-01 11:16:28.447135');
INSERT INTO `django_migrations` VALUES (28, 'synet', '0008_receivers_remove_paids_receivedby_paids_irrigation_and_more', '2025-05-03 18:06:58.700061');
INSERT INTO `django_migrations` VALUES (29, 'synet', '0009_remove_paids_customer', '2025-05-03 21:38:17.265754');
INSERT INTO `django_migrations` VALUES (30, 'synet', '0010_alter_counters_collecter_alter_counters_counter_and_more', '2025-05-04 07:46:19.415760');
INSERT INTO `django_migrations` VALUES (31, 'synet', '0011_alter_counters_counter_alter_counters_customer_and_more', '2025-05-04 07:46:19.557235');
INSERT INTO `django_migrations` VALUES (32, 'synet', '0012_alter_counters_customer', '2025-05-04 07:46:19.588482');
INSERT INTO `django_migrations` VALUES (33, 'synet', '0013_alter_counters_customer', '2025-05-04 07:46:19.609161');
INSERT INTO `django_migrations` VALUES (34, 'synet', '0014_watercons_costpermeter', '2025-05-06 06:05:54.577926');
INSERT INTO `django_migrations` VALUES (35, 'synet', '0015_customers_isactive', '2025-05-11 06:52:11.821646');
INSERT INTO `django_migrations` VALUES (36, 'synet', '0016_alter_customers_isactive', '2025-05-11 07:02:32.303203');
INSERT INTO `django_migrations` VALUES (37, 'synet', '0017_rename_customers_persons', '2025-05-11 07:57:58.156315');
INSERT INTO `django_migrations` VALUES (38, 'synet', '0018_persons_aa', '2025-05-11 13:41:36.242797');
INSERT INTO `django_migrations` VALUES (39, 'synet', '0019_alter_persons_options_alter_persons_aa_and_more', '2025-05-11 14:28:20.329554');
INSERT INTO `django_migrations` VALUES (40, 'synet', '0020_persons_placeοfρesidence', '2025-05-11 14:45:04.148590');
INSERT INTO `django_migrations` VALUES (41, 'synet', '0021_persons_mobilephone', '2025-05-11 14:51:06.339598');
INSERT INTO `django_migrations` VALUES (42, 'synet', '0022_persons_notes', '2025-05-11 15:25:03.115782');
INSERT INTO `django_migrations` VALUES (43, 'synet', '0002_rename_placeοfρesidence_persons_placeofresidence', '2025-05-12 16:55:44.433903');
INSERT INTO `django_migrations` VALUES (44, 'synet', '0003_rename_mobilephone_persons_phone', '2025-05-12 17:06:24.613630');
INSERT INTO `django_migrations` VALUES (45, 'synet', '0004_watercons_receipt_alter_counters_customer_and_more', '2025-05-13 12:10:46.510531');
INSERT INTO `django_migrations` VALUES (46, 'synet', '0005_paids_customer', '2025-05-13 15:52:03.276827');
INSERT INTO `django_migrations` VALUES (47, 'synet', '0006_alter_paids_receiptnumber', '2025-05-13 19:04:00.811728');
INSERT INTO `django_migrations` VALUES (48, 'synet', '0007_paids_cost', '2025-05-19 08:16:55.501054');
INSERT INTO `django_migrations` VALUES (49, 'synet', '0008_counters_lastindication', '2025-06-25 01:44:42.977572');
INSERT INTO `django_migrations` VALUES (50, 'synet', '0009_delete_waterconsumption', '2025-06-29 21:27:49.428568');

-- Drop table if exists `auth_group_permissions`
DROP TABLE IF EXISTS `auth_group_permissions`;

-- Table structure for `auth_group_permissions`
CREATE TABLE `auth_group_permissions` (`id` INT NOT NULL, `group_id` INT NOT NULL, `permission_id` INT NOT NULL) ENGINE=InnoDB DEFAULT CHARSET=utf8mb4 COLLATE=utf8mb4_unicode_ci;

-- Drop table if exists `auth_user_groups`
DROP TABLE IF EXISTS `auth_user_groups`;

-- Table structure for `auth_user_groups`
CREATE TABLE `auth_user_groups` (`id` INT NOT NULL, `user_id` INT NOT NULL, `group_id` INT NOT NULL) ENGINE=InnoDB DEFAULT CHARSET=utf8mb4 COLLATE=utf8mb4_unicode_ci;

-- Drop table if exists `auth_user_user_permissions`
DROP TABLE IF EXISTS `auth_user_user_permissions`;

-- Table structure for `auth_user_user_permissions`
CREATE TABLE `auth_user_user_permissions` (`id` INT NOT NULL, `user_id` INT NOT NULL, `permission_id` INT NOT NULL) ENGINE=InnoDB DEFAULT CHARSET=utf8mb4 COLLATE=utf8mb4_unicode_ci;
INSERT INTO `auth_user_user_permissions` VALUES (1, 2, 32);
INSERT INTO `auth_user_user_permissions` VALUES (2, 2, 36);
INSERT INTO `auth_user_user_permissions` VALUES (3, 2, 40);
INSERT INTO `auth_user_user_permissions` VALUES (4, 2, 41);
INSERT INTO `auth_user_user_permissions` VALUES (5, 2, 44);
INSERT INTO `auth_user_user_permissions` VALUES (6, 2, 48);
INSERT INTO `auth_user_user_permissions` VALUES (7, 2, 52);
INSERT INTO `auth_user_user_permissions` VALUES (8, 2, 56);
INSERT INTO `auth_user_user_permissions` VALUES (9, 2, 28);
INSERT INTO `auth_user_user_permissions` VALUES (10, 3, 32);
INSERT INTO `auth_user_user_permissions` VALUES (11, 3, 40);
INSERT INTO `auth_user_user_permissions` VALUES (12, 3, 44);
INSERT INTO `auth_user_user_permissions` VALUES (13, 3, 45);
INSERT INTO `auth_user_user_permissions` VALUES (14, 3, 46);
INSERT INTO `auth_user_user_permissions` VALUES (15, 3, 48);
INSERT INTO `auth_user_user_permissions` VALUES (16, 3, 52);
INSERT INTO `auth_user_user_permissions` VALUES (17, 3, 56);

-- Drop table if exists `django_admin_log`
DROP TABLE IF EXISTS `django_admin_log`;

-- Table structure for `django_admin_log`
CREATE TABLE `django_admin_log` (`id` INT NOT NULL, `object_id` VARCHAR(3) NOT NULL, `object_repr` varchar(200) NOT NULL, `action_flag` smallint unsigned NOT NULL, `change_message` VARCHAR(97) NOT NULL, `content_type_id` INT NOT NULL, `user_id` INT NOT NULL, `action_time` datetime NOT NULL) ENGINE=InnoDB DEFAULT CHARSET=utf8mb4 COLLATE=utf8mb4_unicode_ci;
INSERT INTO `django_admin_log` VALUES (1, '52', 'Τσαγκαράκη Χαρούλα Εμμανουήλ', 2, '[{"changed": {"fields": ["FathersName"]}}]', 9, 1, '2025-05-01 08:29:41.518768');
INSERT INTO `django_admin_log` VALUES (2, '51', 'Στεφανάκης Μιχάλης Ιωάννου', 2, '[{"changed": {"fields": ["FathersName"]}}]', 9, 1, '2025-05-01 08:30:13.599630');
INSERT INTO `django_admin_log` VALUES (3, '48', 'Πατεραντωνάκη Μαρία Αποστόλου', 2, '[{"changed": {"fields": ["FathersName"]}}]', 9, 1, '2025-05-01 08:30:40.396655');
INSERT INTO `django_admin_log` VALUES (4, '46', 'Παπαδημητροπούλου-Κιούση Ερωφίλη Χαραλάμπους', 2, '[{"changed": {"fields": ["FathersName"]}}]', 9, 1, '2025-05-01 08:31:03.518117');
INSERT INTO `django_admin_log` VALUES (5, '45', 'Παπαδημητρόπουλος Μάνθος Νικηφόρου', 2, '[{"changed": {"fields": ["FathersName"]}}]', 9, 1, '2025-05-01 08:31:21.847125');
INSERT INTO `django_admin_log` VALUES (6, '44', 'Μαρουλάκης Νικήτας Νικολάου', 2, '[{"changed": {"fields": ["FathersName"]}}]', 9, 1, '2025-05-01 08:31:40.436840');
INSERT INTO `django_admin_log` VALUES (7, '43', 'Παπαδάκη-Μαργαριτάκη Κατινούλα Γεωργίου', 2, '[{"changed": {"fields": ["Surname", "FathersName"]}}]', 9, 1, '2025-05-01 08:32:25.611864');
INSERT INTO `django_admin_log` VALUES (8, '39', 'Κοκκινάκη-Σηφάκη Μαρία Ιωάννου', 2, '[{"changed": {"fields": ["Surname", "FathersName"]}}]', 9, 1, '2025-05-01 08:33:30.633911');
INSERT INTO `django_admin_log` VALUES (9, '37', 'Αλεξάκης Μανώλης Ευαγγέλου', 2, '[{"changed": {"fields": ["FathersName"]}}]', 9, 1, '2025-05-01 08:33:57.693445');
INSERT INTO `django_admin_log` VALUES (10, '34', 'Κοκινάκης Θεοχάρης Ιωάννου', 2, '[{"changed": {"fields": ["FathersName"]}}]', 9, 1, '2025-05-01 08:34:36.438380');
INSERT INTO `django_admin_log` VALUES (11, '35', 'Δεξ2 16 018269 Χατζονικολάκης Δημήτριος Γεωργίου', 2, '[{"changed": {"fields": ["Customer"]}}]', 10, 1, '2025-05-01 09:45:03.529127');
INSERT INTO `django_admin_log` VALUES (12, '34', 'Τσ10 093241CA/95 Τσαγκαράκη Χαρούλα Εμμανουήλ', 2, '[{"changed": {"fields": ["Customer"]}}]', 10, 1, '2025-05-01 09:47:46.804715');
INSERT INTO `django_admin_log` VALUES (13, '33', 'Γεφ19 12-023779 Στεφανάκης Μιχάλης Ιωάννου', 2, '[{"changed": {"fields": ["Customer"]}}]', 10, 1, '2025-05-01 10:13:22.109832');
INSERT INTO `django_admin_log` VALUES (14, '32', 'Γεφ17 44952170 Στεφανάκης Μιχάλης Ιωάννου', 2, '[{"changed": {"fields": ["Customer"]}}]', 10, 1, '2025-05-01 10:17:05.467625');
INSERT INTO `django_admin_log` VALUES (15, '14', 'Γεφ02 924803 Μαρουλάκης Ιωάννης Νικολάου', 2, '[{"changed": {"fields": ["Customer"]}}]', 10, 1, '2025-05-01 10:27:34.774573');
INSERT INTO `django_admin_log` VALUES (16, '17', 'Γεφ12 004306ca/99 Μαρουλάκης Στέλιος Γεωργίου', 2, '[{"changed": {"fields": ["Customer"]}}]', 10, 1, '2025-05-01 10:28:34.212825');
INSERT INTO `django_admin_log` VALUES (17, '7', 'Γεφ15 Fd001444-05 Γρυσμπολάκης Δημήτρης Εμμανουήλ', 2, '[{"changed": {"fields": ["Customer"]}}]', 10, 1, '2025-05-01 10:29:08.059537');
INSERT INTO `django_admin_log` VALUES (18, '29', 'Γεφ16 1994-ce002848 Κοκκινάκη-Σηφάκη Μαρία Ιωάννου', 2, '[{"changed": {"fields": ["Customer"]}}]', 10, 1, '2025-05-01 10:30:19.909218');
INSERT INTO `django_admin_log` VALUES (19, '23', 'Γεφ18 1295-2-528 Παπαδημητροπούλου Μαρία Νικολάου', 2, '[{"changed": {"fields": ["Customer"]}}]', 10, 1, '2025-05-01 10:32:10.456907');
INSERT INTO `django_admin_log` VALUES (20, '11', 'Γεφ20 004308ca/99 Κικάκης Μιχ. Εμμανουήλ', 2, '[{"changed": {"fields": ["Customer"]}}]', 10, 1, '2025-05-01 10:32:33.351705');
INSERT INTO `django_admin_log` VALUES (21, '13', 'Δεξ1 2032010305 Μαργαριτάκης Μανώλης Ιωάννου', 2, '[{"changed": {"fields": ["Customer"]}}]', 10, 1, '2025-05-01 10:33:50.840222');
INSERT INTO `django_admin_log` VALUES (22, '20', 'Δεξ1Α 7082411 Παπαδημητρόπουλος Μάνθος Νικηφόρου', 2, '[{"changed": {"fields": ["Customer"]}}]', 10, 1, '2025-05-01 10:34:45.174147');
INSERT INTO `django_admin_log` VALUES (23, '8', 'Δεξ1Β 004242CA/99 Ζώτος Σπύρος None', 2, '[{"changed": {"fields": ["Customer"]}}]', 10, 1, '2025-05-01 10:35:06.095687');
INSERT INTO `django_admin_log` VALUES (24, '9', 'Δεξ3 1532010239 Ζώτος Σπύρος None', 2, '[{"changed": {"fields": ["Customer"]}}]', 10, 1, '2025-05-01 10:35:50.500933');
INSERT INTO `django_admin_log` VALUES (25, '22', 'Δεξ4 1532007166 Παπαδημητροπούλου-Κιούση Ερωφίλη Χαραλάμπους', 2, '[{"changed": {"fields": ["Customer"]}}]', 10, 1, '2025-05-01 10:36:17.489296');
INSERT INTO `django_admin_log` VALUES (26, '18', 'Δεξ4Α FC000764-06 Μπετεινάκης Κωστής None', 2, '[{"changed": {"fields": ["Customer"]}}]', 10, 1, '2025-05-01 10:37:04.224739');
INSERT INTO `django_admin_log` VALUES (27, '28', 'Δεξ5Α 2132002569 Σελί Κατερίνα None', 2, '[{"changed": {"fields": ["Customer"]}}]', 10, 1, '2025-05-01 10:37:41.980377');
INSERT INTO `django_admin_log` VALUES (28, '10', 'Μηλ1 005303CA/99 Ζώτος Σπύρος None', 2, '[{"changed": {"fields": ["Customer"]}}]', 10, 1, '2025-05-01 10:39:59.722717');
INSERT INTO `django_admin_log` VALUES (29, '12', 'Μηλ2 006599CA/98 Παπαδάκη-Μαργαριτάκη Κατινούλα Γεωργίου', 2, '[{"changed": {"fields": ["Customer"]}}]', 10, 1, '2025-05-01 10:41:12.279264');
INSERT INTO `django_admin_log` VALUES (30, '25', 'Μηλ3 16 025968 Πατεραντωνάκη Μαρία Αποστόλου', 2, '[{"changed": {"fields": ["Customer"]}}]', 10, 1, '2025-05-01 10:42:02.081761');
INSERT INTO `django_admin_log` VALUES (31, '30', 'Μηλ4 002587ca/99 Κοκκινάκη-Σηφάκη Μαρία Ιωάννου', 2, '[{"changed": {"fields": ["Customer"]}}]', 10, 1, '2025-05-01 10:43:09.566066');
INSERT INTO `django_admin_log` VALUES (32, '15', 'Μηλ7 1933003191 Μαρουλάκης Νικήτας Νικολάου', 2, '[{"changed": {"fields": ["Customer"]}}]', 10, 1, '2025-05-01 10:44:16.439898');
INSERT INTO `django_admin_log` VALUES (33, '6', 'Μηλ8 FD001619-07 Βερβελάκης Γεώργιος Νικολάου', 2, '[{"changed": {"fields": ["Customer"]}}]', 10, 1, '2025-05-01 10:44:37.692835');
INSERT INTO `django_admin_log` VALUES (34, '24', 'Μηλ9 1832012272παλιόνέο Πατεραντωνάκη Ευαγγελία None', 2, '[{"changed": {"fields": ["Counter", "Customer"]}}]', 10, 1, '2025-05-01 10:45:11.356164');
INSERT INTO `django_admin_log` VALUES (35, '5', 'Παπ01 004229ca/99 Βερβελάκη Άννα Εμμανουήλ', 2, '[{"changed": {"fields": ["Customer"]}}]', 10, 1, '2025-05-01 10:45:29.311821');
INSERT INTO `django_admin_log` VALUES (36, '31', 'Παπ10 004230ca/99 Κοκκινάκη-Σηφάκη Μαρία Ιωάννου', 2, '[{"changed": {"fields": ["Customer"]}}]', 10, 1, '2025-05-01 10:45:49.667405');
INSERT INTO `django_admin_log` VALUES (37, '27', 'Παπ12 7082650 Χατζονικολάκη-Προεστάκη Γλυκερία Ιωάννου', 2, '[{"changed": {"fields": ["Customer"]}}]', 10, 1, '2025-05-01 10:46:13.125446');
INSERT INTO `django_admin_log` VALUES (38, '21', 'Τσ01 004135CA/99 Παπαδημητροπούλου Καίτη Εμμανουήλ', 2, '[{"changed": {"fields": ["Customer"]}}]', 10, 1, '2025-05-01 10:49:48.541303');
INSERT INTO `django_admin_log` VALUES (39, '16', 'Τσ04 FC003280-08 Μαρουλάκης Νικήτας Νικολάου', 2, '[{"changed": {"fields": ["Customer"]}}]', 10, 1, '2025-05-01 10:50:15.608765');
INSERT INTO `django_admin_log` VALUES (40, '26', 'Τσ12 090559BA/95 Πατιτάκης Γεώργιος Δημητρίου', 2, '[{"changed": {"fields": ["Customer"]}}]', 10, 1, '2025-05-01 10:51:06.249840');
INSERT INTO `django_admin_log` VALUES (41, '19', 'Τσ16 536096 Μπρότσικας Κώστας None', 2, '[{"changed": {"fields": ["Customer"]}}]', 10, 1, '2025-05-01 10:51:30.932145');
INSERT INTO `django_admin_log` VALUES (42, '19', 'Plakut Nikos None', 2, '[{"changed": {"fields": ["Member", "PayAsMember"]}}]', 9, 1, '2025-05-01 11:20:33.745508');
INSERT INTO `django_admin_log` VALUES (43, '1', 'Russi Adem(Ανδρέας) None', 2, '[{"changed": {"fields": ["Member"]}}]', 9, 1, '2025-05-01 11:20:56.734872');
INSERT INTO `django_admin_log` VALUES (44, '2', 'Russi Bilal(Χρήστος) None', 2, '[{"changed": {"fields": ["PayAsMember"]}}]', 9, 1, '2025-05-01 11:21:12.413536');
INSERT INTO `django_admin_log` VALUES (45, '25', 'ΑΠΩΛΕΙΑ None None', 2, '[{"changed": {"fields": ["Member", "PayAsMember"]}}]', 9, 1, '2025-05-01 11:23:15.626252');
INSERT INTO `django_admin_log` VALUES (46, '37', 'Αλεξάκης Μανώλης Ευαγγέλου', 2, '[{"changed": {"fields": ["Member"]}}]', 9, 1, '2025-05-01 11:23:29.632751');
INSERT INTO `django_admin_log` VALUES (47, '10', 'Βερβελάκη Άννα Εμμανουήλ', 2, '[{"changed": {"fields": ["Member"]}}]', 9, 1, '2025-05-01 11:23:48.023096');
INSERT INTO `django_admin_log` VALUES (48, '24', 'Γρυνιεζάκης Δημήτρης None', 2, '[{"changed": {"fields": ["Member", "PayAsMember"]}}]', 9, 1, '2025-05-01 11:24:02.112230');
INSERT INTO `django_admin_log` VALUES (49, '6', 'Ζώτος Σπύρος None', 2, '[{"changed": {"fields": ["Member"]}}]', 9, 1, '2025-05-01 11:29:41.508555');
INSERT INTO `django_admin_log` VALUES (50, '40', 'Κικάκης Νικόλαος None', 2, '[{"changed": {"fields": ["Member"]}}]', 9, 1, '2025-05-01 11:30:13.081042');
INSERT INTO `django_admin_log` VALUES (51, '23', 'Μαργαριτάκης Μανώλης Ιωάννου', 2, '[{"changed": {"fields": ["Member"]}}]', 9, 1, '2025-05-01 11:30:44.087883');
INSERT INTO `django_admin_log` VALUES (52, '38', 'Μπετεινάκης Κωστής None', 2, '[{"changed": {"fields": ["Member"]}}]', 9, 1, '2025-05-01 11:31:11.875144');
INSERT INTO `django_admin_log` VALUES (53, '43', 'Παπαδάκη-Μαργαριτάκη Κατινούλα Γεωργίου', 2, '[{"changed": {"fields": ["Member", "PayAsMember"]}}]', 9, 1, '2025-05-01 11:31:36.981084');
INSERT INTO `django_admin_log` VALUES (54, '42', 'Παπαδημητροπούλου Μαρία Νικηφόρου', 2, '[{"changed": {"fields": ["Member"]}}]', 9, 1, '2025-05-01 11:32:07.648497');
INSERT INTO `django_admin_log` VALUES (55, '45', 'Παπαδημητρόπουλος Μάνθος Νικηφόρου', 2, '[{"changed": {"fields": ["Member"]}}]', 9, 1, '2025-05-01 11:32:36.687089');
INSERT INTO `django_admin_log` VALUES (56, '47', 'Πατεραντωνάκη Ευαγγελία None', 2, '[{"changed": {"fields": ["Member", "PayAsMember"]}}]', 9, 1, '2025-05-01 11:33:01.353651');
INSERT INTO `django_admin_log` VALUES (57, '48', 'Πατεραντωνάκη Μαρία Αποστόλου', 2, '[{"changed": {"fields": ["Member", "PayAsMember"]}}]', 9, 1, '2025-05-01 11:33:18.575014');
INSERT INTO `django_admin_log` VALUES (58, '30', 'Πατιτάκη Γιάννα Γεωργίου', 2, '[{"changed": {"fields": ["Member"]}}]', 9, 1, '2025-05-01 11:33:37.125873');
INSERT INTO `django_admin_log` VALUES (59, '8', 'Πατιτάκης Μανώλης Γεωργίου', 2, '[{"changed": {"fields": ["Member"]}}]', 9, 1, '2025-05-01 11:33:59.622192');
INSERT INTO `django_admin_log` VALUES (60, '50', 'Σελί Κατερίνα None', 2, '[{"changed": {"fields": ["Member", "PayAsMember"]}}]', 9, 1, '2025-05-01 11:34:27.829912');
INSERT INTO `django_admin_log` VALUES (61, '16', 'Χατζοβασιλάκη Κατερίνα Δημητρίου', 2, '[{"changed": {"fields": ["Member"]}}]', 9, 1, '2025-05-01 11:35:22.032773');
INSERT INTO `django_admin_log` VALUES (62, '1', 'Τσαγκαράκη Χαρούλα', 1, '[{"added": {}}]', 13, 1, '2025-05-03 21:26:11.483457');
INSERT INTO `django_admin_log` VALUES (63, '2', 'Βερβελάκη Άννα', 1, '[{"added": {}}]', 13, 1, '2025-05-03 21:26:39.641210');
INSERT INTO `django_admin_log` VALUES (64, '2', '2Βερβελάκη Άννα', 2, '[{"changed": {"fields": ["Receiver"]}}]', 13, 1, '2025-05-03 21:27:18.336498');
INSERT INTO `django_admin_log` VALUES (65, '1', '1Τσαγκαράκη Χαρούλα', 2, '[{"changed": {"fields": ["Receiver"]}}]', 13, 1, '2025-05-03 21:27:29.021312');
INSERT INTO `django_admin_log` VALUES (66, '2', 'Βερβελάκη Άννα', 2, '[{"changed": {"fields": ["Receiver"]}}]', 13, 1, '2025-05-03 21:28:02.033871');
INSERT INTO `django_admin_log` VALUES (67, '1', 'Τσαγκαράκη Χαρούλα', 2, '[{"changed": {"fields": ["Receiver"]}}]', 13, 1, '2025-05-03 21:28:15.165400');
INSERT INTO `django_admin_log` VALUES (68, '1', 'None Βερβελάκης Γεώργιος Νικολάου 2024-04-03 607 182.10 2024-04-03 182.1', 1, '[{"added": {}}]', 11, 1, '2025-05-03 21:45:25.699450');
INSERT INTO `django_admin_log` VALUES (69, '2', 'None Βερβελάκης Γεώργιος Νικολάου 2024-05-01 539 161.70 None None', 1, '[{"added": {}}]', 11, 1, '2025-05-03 21:51:52.088495');
INSERT INTO `django_admin_log` VALUES (70, '2', 'None Βερβελάκης Γεώργιος Νικολάου 2024-05-01 539 161.70 2024-05-01 161.7', 2, '[{"changed": {"fields": ["Paid", "PaymentDate", "Receiver"]}}]', 11, 1, '2025-05-03 21:52:53.084031');
INSERT INTO `django_admin_log` VALUES (71, '37', 'Αλεξάκης Μανώλης Ευαγγέλου', 2, '[{"changed": {"fields": ["PayAsMember"]}}]', 9, 1, '2025-05-11 06:45:48.091472');
INSERT INTO `django_admin_log` VALUES (72, '19', 'Plakut Nikos None', 2, '[]', 9, 1, '2025-05-11 06:45:55.024482');
INSERT INTO `django_admin_log` VALUES (73, '1', 'Russi Adem(Ανδρέας) None', 2, '[]', 9, 1, '2025-05-11 06:45:59.735700');
INSERT INTO `django_admin_log` VALUES (74, '9', 'Βασιλάκης Ιω. Νικολάου', 2, '[]', 9, 1, '2025-05-11 06:46:10.760518');
INSERT INTO `django_admin_log` VALUES (75, '39', 'Σηφάκη-Κοκινάκη Μαρία Ιωάννου', 2, '[{"changed": {"fields": ["Surname"]}}]', 9, 1, '2025-05-11 06:55:02.082870');
INSERT INTO `django_admin_log` VALUES (76, '2', 'Russi Bilal(Χρήστος) None', 2, '[]', 9, 1, '2025-05-11 06:55:21.393947');
INSERT INTO `django_admin_log` VALUES (77, '28', 'Κικάκης Μιχαήλ Εμμανουήλ', 2, '[{"changed": {"fields": ["Name"]}}]', 9, 1, '2025-05-11 06:56:13.115255');
INSERT INTO `django_admin_log` VALUES (78, '7', 'Κικάκης Μιχαήλ Ιωάννου', 2, '[{"changed": {"fields": ["Name"]}}]', 9, 1, '2025-05-11 06:56:31.137269');
INSERT INTO `django_admin_log` VALUES (79, '43', 'Μαργαριτάκη-Παπαδάκη Κατινούλα Γεωργίου', 2, '[{"changed": {"fields": ["Surname"]}}]', 9, 1, '2025-05-11 06:57:23.673297');
INSERT INTO `django_admin_log` VALUES (80, '46', 'Κιούση-Παπαδημητροπούλου Ερωφίλη Χαραλάμπους', 2, '[{"changed": {"fields": ["Surname"]}}]', 9, 1, '2025-05-11 06:58:26.792410');
INSERT INTO `django_admin_log` VALUES (81, '21', 'Προεστάκη-Χατζονικολάκη Γλυκερία Ιωάννου', 2, '[{"changed": {"fields": ["Surname"]}}]', 9, 1, '2025-05-11 07:01:06.433317');
INSERT INTO `django_admin_log` VALUES (82, '26', 'Ποντικάκης Εμμανουήλ Γεωργίου', 2, '[{"changed": {"fields": ["Name", "Aa"]}}]', 9, 1, '2025-05-11 13:44:21.672186');
INSERT INTO `django_admin_log` VALUES (83, '55', 'Χατζοβασιλάκης Δημήτριος Ιωάννου', 1, '[{"added": {}}]', 9, 1, '2025-05-11 13:45:43.476389');
INSERT INTO `django_admin_log` VALUES (84, '56', 'Παπαδημητρόπουλος Νικηφόρος Χαραλάμπου', 1, '[{"added": {}}]', 9, 1, '2025-05-11 13:46:52.797254');
INSERT INTO `django_admin_log` VALUES (85, '44', 'Μαρουλάκης Νικήτας Νικολάου', 2, '[{"changed": {"fields": ["Aa"]}}]', 9, 1, '2025-05-11 13:47:54.115395');
INSERT INTO `django_admin_log` VALUES (86, '35', 'Πιτροπάκης Γεώργιος Νικολάου', 2, '[{"changed": {"fields": ["Aa"]}}]', 9, 1, '2025-05-11 13:48:18.285504');
INSERT INTO `django_admin_log` VALUES (87, '14', 'Μαρουλάκης Στυλιανός Γεωργίου', 2, '[{"changed": {"fields": ["Name", "Aa"]}}]', 9, 1, '2025-05-11 13:49:19.148337');
INSERT INTO `django_admin_log` VALUES (88, '23', 'Μαργαριτάκης Εμμανουήλ Ιωάννου', 2, '[{"changed": {"fields": ["Name", "Aa"]}}]', 9, 1, '2025-05-11 13:50:42.286973');
INSERT INTO `django_admin_log` VALUES (89, '11', 'Τουλουπάκη Άννα Εμμανουήλ', 2, '[{"changed": {"fields": ["Aa"]}}]', 9, 1, '2025-05-11 13:51:17.196534');
INSERT INTO `django_admin_log` VALUES (90, '45', 'Παπαδημητρόπουλος Μάνθος Νικηφόρου', 2, '[]', 9, 1, '2025-05-11 13:52:08.674663');
INSERT INTO `django_admin_log` VALUES (91, '57', 'Παπαδημητρόπουλος Χαρίδημος Γρηγορίου', 1, '[{"added": {}}]', 9, 1, '2025-05-11 13:53:19.689526');
INSERT INTO `django_admin_log` VALUES (92, '11', 'Τουλουπάκη Άννα Εμμανουήλ', 2, '[]', 9, 1, '2025-05-11 13:53:31.289020');
INSERT INTO `django_admin_log` VALUES (93, '58', 'Χατζονικολάκης Εμμανουήλ Γεωργίου', 1, '[{"added": {}}]', 9, 1, '2025-05-11 13:54:58.812686');
INSERT INTO `django_admin_log` VALUES (94, '59', 'Φραγκάκης Εμμανουήλ Πέτρου', 1, '[{"added": {}}]', 9, 1, '2025-05-11 13:56:27.391114');
INSERT INTO `django_admin_log` VALUES (95, '60', 'Φραγκάκης Γεώργιος Πέτρου', 1, '[{"added": {}}]', 9, 1, '2025-05-11 13:57:28.198498');
INSERT INTO `django_admin_log` VALUES (96, '61', 'Πατιτάκης Δημήτριος Χαραλάμπου', 1, '[{"added": {}}]', 9, 1, '2025-05-11 13:58:22.072815');
INSERT INTO `django_admin_log` VALUES (97, '51', 'Στεφανάκης Μιχαήλ Ιωάννου', 2, '[{"changed": {"fields": ["Name", "Aa"]}}]', 9, 1, '2025-05-11 13:58:56.238192');
INSERT INTO `django_admin_log` VALUES (98, '62', 'Φραγκάκη-Βασιλάκη Μαρία Κωνσταντίνου', 1, '[{"added": {}}]', 9, 1, '2025-05-11 14:31:37.859077');
INSERT INTO `django_admin_log` VALUES (99, '63', 'Παπαδημητρόπουλος Πέτρος Χαραλάμπου', 1, '[{"added": {}}]', 9, 1, '2025-05-11 14:32:44.394926');
INSERT INTO `django_admin_log` VALUES (100, '64', 'Στεφανάκης Χαρίδημος Εμμανουήλ', 1, '[{"added": {}}]', 9, 1, '2025-05-11 14:33:44.494920');
INSERT INTO `django_admin_log` VALUES (101, '41', 'Παπαδημητρόπουλος Ιωάννης Νικολάου', 2, '[{"changed": {"fields": ["Aa"]}}]', 9, 1, '2025-05-11 14:34:02.954795');
INSERT INTO `django_admin_log` VALUES (102, '65', 'Πιτροπάκη Αντωνία Νικολάου', 1, '[{"added": {}}]', 9, 1, '2025-05-11 14:35:37.446037');
INSERT INTO `django_admin_log` VALUES (103, '66', 'Σηφάκης Εμμανουήλ Ματθαίου', 1, '[{"added": {}}]', 9, 1, '2025-05-11 14:36:42.426169');
INSERT INTO `django_admin_log` VALUES (104, '67', 'Λουλάκης Ιωάννης Ελευθερίου', 1, '[{"added": {}}]', 9, 1, '2025-05-11 14:37:41.832917');
INSERT INTO `django_admin_log` VALUES (105, '68', 'Σταυρουλάκης Νικόλαος Γεωργίου', 1, '[{"added": {}}]', 9, 1, '2025-05-11 14:38:23.647019');
INSERT INTO `django_admin_log` VALUES (106, '28', 'Κικάκης Μιχαήλ Εμμανουήλ', 2, '[{"changed": {"fields": ["Aa"]}}]', 9, 1, '2025-05-11 14:38:54.999099');
INSERT INTO `django_admin_log` VALUES (107, '69', 'Παπαδημητρόπουλος Εμμανουήλ Δημητρίου', 1, '[{"added": {}}]', 9, 1, '2025-05-11 14:40:12.320089');
INSERT INTO `django_admin_log` VALUES (108, '25', 'Απώλεια None None', 2, '[{"changed": {"fields": ["Surname"]}}]', 9, 1, '2025-05-11 14:40:44.255613');
INSERT INTO `django_admin_log` VALUES (109, '31', 'Βερβελάκης Εμμανουήλ Νικολάου', 2, '[{"changed": {"fields": ["Name", "Aa"]}}]', 9, 1, '2025-05-11 14:46:34.432694');
INSERT INTO `django_admin_log` VALUES (110, '70', 'Βελημβασάκης Νικόλαος Ελευθερίου', 1, '[{"added": {}}]', 9, 1, '2025-05-11 14:47:41.126566');
INSERT INTO `django_admin_log` VALUES (111, '71', 'Βασιλάκη-Μηλιαράκη Άννα Ιωάννου', 1, '[{"added": {}}]', 9, 1, '2025-05-11 14:49:10.864924');
INSERT INTO `django_admin_log` VALUES (112, '72', 'Βασιλάκης Μιχαήλ Ιωάννου', 1, '[{"added": {}}]', 9, 1, '2025-05-11 14:53:50.580723');
INSERT INTO `django_admin_log` VALUES (113, '13', 'Χατζοβασιλάκη Μαρία Δημητρίου', 2, '[{"changed": {"fields": ["MobilePhone", "Aa", "Place\\u039ff\\u03a1esidence"]}}]', 9, 1, '2025-05-11 14:56:19.866919');
INSERT INTO `django_admin_log` VALUES (114, '73', 'Κοκκινάκης Ιωάννης Χαράλαμπου', 1, '[{"added": {}}]', 9, 1, '2025-05-11 15:12:37.275111');
INSERT INTO `django_admin_log` VALUES (115, '3', 'Μαρουλάκης Ιωάννης Νικολάου', 2, '[{"changed": {"fields": ["MobilePhone", "Aa"]}}]', 9, 1, '2025-05-11 15:14:14.834495');
INSERT INTO `django_admin_log` VALUES (116, '74', 'Κονσολάκης Χαράλαμπος Αθανασίου', 1, '[{"added": {}}]', 9, 1, '2025-05-11 15:15:04.651046');
INSERT INTO `django_admin_log` VALUES (117, '75', 'Θεοδοσάκη-Παπαδημητροπούλου Παναγιώτα Χαράλαμπου', 1, '[{"added": {}}]', 9, 1, '2025-05-11 15:16:09.589463');
INSERT INTO `django_admin_log` VALUES (118, '21', 'Προεστάκη-Χατζονικολάκη Γλυκερία Ιωάννου', 2, '[{"changed": {"fields": ["Aa"]}}]', 9, 1, '2025-05-11 15:17:03.378370');
INSERT INTO `django_admin_log` VALUES (119, '76', 'Φραγκάκη-Χατζογιαννάκη Βασιλική Ζαχαρίου', 1, '[{"added": {}}]', 9, 1, '2025-05-11 15:18:52.209510');
INSERT INTO `django_admin_log` VALUES (120, '29', 'Χατζοβασιλάκη Δανάη Δημητρίου', 2, '[{"changed": {"fields": ["Member"]}}]', 9, 1, '2025-05-11 15:19:09.214458');
INSERT INTO `django_admin_log` VALUES (121, '77', 'Χατζοβασιλάκης Γεώργιος Δημητρίου', 1, '[{"added": {}}]', 9, 1, '2025-05-11 15:20:30.417445');
INSERT INTO `django_admin_log` VALUES (122, '78', 'Λουλάκης Γεώργιος Ελευθερίου', 1, '[{"added": {}}]', 9, 1, '2025-05-11 15:21:49.366213');
INSERT INTO `django_admin_log` VALUES (123, '79', 'Πιτροπάκης Γεώργιος Ιωάννου', 1, '[{"added": {}}]', 9, 1, '2025-05-11 15:23:31.228179');
INSERT INTO `django_admin_log` VALUES (124, '80', 'Πιτροπάκη Ελένη None', 1, '[{"added": {}}]', 9, 1, '2025-05-11 15:26:52.154728');
INSERT INTO `django_admin_log` VALUES (125, '81', 'Θεοδωρίδου Μαρίνα Αναστασίου', 1, '[{"added": {}}]', 9, 1, '2025-05-11 15:28:32.852479');
INSERT INTO `django_admin_log` VALUES (126, '22', 'Παπαδημητρόπουλος Γεώργιος Άγγελου', 2, '[{"changed": {"fields": ["Aa", "Place\\u039ff\\u03a1esidence", "Notes"]}}]', 9, 1, '2025-05-11 15:30:31.046168');
INSERT INTO `django_admin_log` VALUES (127, '82', 'Μηλιαράκη Ιωάννα None', 1, '[{"added": {}}]', 9, 1, '2025-05-11 15:31:34.341916');
INSERT INTO `django_admin_log` VALUES (128, '36', 'Κακλαμάνου-Μηλιαράκη Αικατερίνη Ιωάννου', 2, '[{"changed": {"fields": ["Surname", "Name", "FathersName", "Aa", "Place\\u039ff\\u03a1esidence"]}}]', 9, 1, '2025-05-11 15:32:58.285406');
INSERT INTO `django_admin_log` VALUES (129, '83', 'Παπαδημητροπούλου-Λάιου Ευαγγελία Χρήστου', 1, '[{"added": {}}]', 9, 1, '2025-05-11 15:34:46.114883');
INSERT INTO `django_admin_log` VALUES (130, '84', 'Καπετανάκη Μαρία Ανδρέου', 1, '[{"added": {}}]', 9, 1, '2025-05-11 15:36:36.167650');
INSERT INTO `django_admin_log` VALUES (131, '85', 'Βασιλάκης Ιωάννης Δημητρίου', 1, '[{"added": {}}]', 9, 1, '2025-05-11 15:37:56.387620');
INSERT INTO `django_admin_log` VALUES (132, '86', 'Κικάκης Εμμανουήλ Ιωάννου', 1, '[{"added": {}}]', 9, 1, '2025-05-11 15:39:18.406170');
INSERT INTO `django_admin_log` VALUES (133, '18', 'Πατιτάκης Γεώργιος Εμμανουήλ', 2, '[{"changed": {"fields": ["Name", "Member"]}}]', 9, 1, '2025-05-11 15:39:58.105780');
INSERT INTO `django_admin_log` VALUES (134, '87', 'Πατιτάκη Ειρήνη Ιωάννου', 1, '[{"added": {}}]', 9, 1, '2025-05-11 15:41:37.153169');
INSERT INTO `django_admin_log` VALUES (135, '52', 'Τσαγκαράκη-Αλεξάκη Χαρούλα Εμμανουήλ', 2, '[{"changed": {"fields": ["Surname", "Aa"]}}]', 9, 1, '2025-05-11 15:42:47.274227');
INSERT INTO `django_admin_log` VALUES (136, '34', 'Κοκκινάκης Θεοχάρης Ιωάννου', 2, '[{"changed": {"fields": ["Surname", "Aa", "Notes"]}}]', 9, 1, '2025-05-11 15:43:35.911468');
INSERT INTO `django_admin_log` VALUES (137, '88', 'Τσαγκαράκη-Πετράκη Ιωάννα Εμμανουήλ', 1, '[{"added": {}}]', 9, 1, '2025-05-11 15:44:30.690284');
INSERT INTO `django_admin_log` VALUES (138, '89', 'Θεοδοσάκη-Στεφανάκη Σοφία Χαρίδημου', 1, '[{"added": {}}]', 9, 1, '2025-05-11 15:45:24.227432');
INSERT INTO `django_admin_log` VALUES (139, '90', 'Κονδυλάκη-Κρασά Αικατερίνη Εμμανουήλ', 1, '[{"added": {}}]', 9, 1, '2025-05-11 15:46:51.528067');
INSERT INTO `django_admin_log` VALUES (140, '91', 'Μπεκράκης Μιχαήλ Εμμανουήλ', 1, '[{"added": {}}]', 9, 1, '2025-05-11 15:47:36.483684');
INSERT INTO `django_admin_log` VALUES (141, '92', 'Κόσσυβα-Βραχνάκη Γεωργία Εμμανουήλ', 1, '[{"added": {}}]', 9, 1, '2025-05-11 15:55:47.738411');
INSERT INTO `django_admin_log` VALUES (142, '93', 'Κικάκη-Βασιλάκη Ελένη Ηλία', 1, '[{"added": {}}]', 9, 1, '2025-05-11 15:57:28.250126');
INSERT INTO `django_admin_log` VALUES (143, '2', 'Russi Bilal(Χρήστος) None', 2, '[{"changed": {"fields": ["Member", "PayAsMember"]}}]', 9, 1, '2025-05-11 16:13:46.450693');
INSERT INTO `django_admin_log` VALUES (144, '33', 'Χατζοβασιλάκη Ηρώ Δημητρίου', 2, '[{"changed": {"fields": ["Aa", "Place\\u039ff\\u03a1esidence"]}}]', 9, 1, '2025-05-11 16:14:28.113851');
INSERT INTO `django_admin_log` VALUES (145, '12', 'Γρυσμπολάκης Δημήτρης Εμμανουήλ', 2, '[{"changed": {"fields": ["Aa"]}}]', 9, 1, '2025-05-11 16:15:06.068174');
INSERT INTO `django_admin_log` VALUES (146, '39', 'Σηφάκη-Κοκκινάκη Μαρία Ιωάννου', 2, '[{"changed": {"fields": ["Surname", "Aa"]}}]', 9, 1, '2025-05-11 16:15:51.933824');
INSERT INTO `django_admin_log` VALUES (147, '38', 'Μπετεινάκης Κωνσταντίνος Νικολάου', 2, '[{"changed": {"fields": ["Name", "FathersName", "Member", "Aa"]}}]', 9, 1, '2025-05-11 16:19:57.300470');
INSERT INTO `django_admin_log` VALUES (148, '94', 'Βελημβασάκης Γεώργιος Ελευθερίου', 1, '[{"added": {}}]', 9, 1, '2025-05-11 16:23:19.008561');
INSERT INTO `django_admin_log` VALUES (149, '95', 'Πιτροπάκης Βασίλειος Γεωργίου', 1, '[{"added": {}}]', 9, 1, '2025-05-11 16:24:21.021262');
INSERT INTO `django_admin_log` VALUES (150, '40', 'Κικάκης Νικόλαος Μιχαήλ', 2, '[{"changed": {"fields": ["FathersName", "Member", "Aa"]}}]', 9, 1, '2025-05-11 16:25:20.628605');
INSERT INTO `django_admin_log` VALUES (151, '53', 'Χατζονικολάκης Γεώργιος Δημητρίου', 2, '[{"changed": {"fields": ["Name", "FathersName", "Aa"]}}]', 9, 1, '2025-05-11 16:26:34.563825');
INSERT INTO `django_admin_log` VALUES (152, '96', 'Βασιλάκη Άννα συζ.ΕμμανουήλτουΗλία', 1, '[{"added": {}}]', 9, 1, '2025-05-11 16:31:58.159551');
INSERT INTO `django_admin_log` VALUES (153, '97', 'Πατιτάκης Εμμανουήλ Στυλιανού', 1, '[{"added": {}}]', 9, 1, '2025-05-11 16:33:37.691723');
INSERT INTO `django_admin_log` VALUES (154, '98', 'Παπαδημητρόπουλος Χαράλαμπος Πέτρου', 1, '[{"added": {}}]', 9, 1, '2025-05-11 16:34:40.891007');
INSERT INTO `django_admin_log` VALUES (155, '20', 'Ρεστιβάκη Γεωργία Μιχαήλ', 2, '[{"changed": {"fields": ["FathersName", "Aa"]}}]', 9, 1, '2025-05-11 16:35:24.370648');
INSERT INTO `django_admin_log` VALUES (156, '15', 'Παπαδημητροπούλου Αικατερίνη Εμμανουήλ', 2, '[{"changed": {"fields": ["Name", "Aa", "Place\\u039ff\\u03a1esidence"]}}]', 9, 1, '2025-05-11 16:36:26.146793');
INSERT INTO `django_admin_log` VALUES (157, '99', 'Φραγκάκη Αναστασία Ελευθερίου', 1, '[{"added": {}}]', 9, 1, '2025-05-11 16:39:31.261172');
INSERT INTO `django_admin_log` VALUES (158, '100', 'Πιτροπάκης Σταύρος Γεωργίου', 1, '[{"added": {}}]', 9, 1, '2025-05-11 16:40:27.004531');
INSERT INTO `django_admin_log` VALUES (159, '50', 'Σελί Κατερίνα None', 2, '[]', 9, 1, '2025-05-11 16:40:45.150502');
INSERT INTO `django_admin_log` VALUES (160, '11', 'Τουλουπάκη Άννα Εμμανουήλ', 2, '[{"changed": {"fields": ["Aa"]}}]', 9, 1, '2025-05-11 16:41:15.737642');
INSERT INTO `django_admin_log` VALUES (161, '22', 'Παπαδημητρόπουλος Γεώργιος Άγγελου', 2, '[{"changed": {"fields": ["Aa", "Notes"]}}]', 9, 1, '2025-05-11 16:42:02.201333');
INSERT INTO `django_admin_log` VALUES (162, '101', 'Πιτροπάκη Μαρία Γεωργίου', 1, '[{"added": {}}]', 9, 1, '2025-05-11 16:42:54.601565');
INSERT INTO `django_admin_log` VALUES (163, '17', 'Βαρδάκης Εμμανουήλ Ματθαίου', 2, '[{"changed": {"fields": ["Name", "Aa"]}}]', 9, 1, '2025-05-11 16:43:44.107801');
INSERT INTO `django_admin_log` VALUES (164, '79', 'Πιτροπάκης Γεώργιος Ιωάννου', 2, '[{"changed": {"fields": ["Notes"]}}]', 9, 1, '2025-05-11 16:44:49.253586');
INSERT INTO `django_admin_log` VALUES (165, '102', 'Πιτροπάκης Γεώργιος ΙωάννουκαιΣοφίας', 1, '[{"added": {}}]', 9, 1, '2025-05-11 16:46:54.562916');
INSERT INTO `django_admin_log` VALUES (166, '27', 'Μηλιαράκης Αριστομένης Ιωάννου', 2, '[{"changed": {"fields": ["Aa"]}}]', 9, 1, '2025-05-11 16:47:12.747080');
INSERT INTO `django_admin_log` VALUES (167, '32', 'Μπρότσικας Κώστας None', 2, '[{"changed": {"fields": ["Aa", "Place\\u039ff\\u03a1esidence"]}}]', 9, 1, '2025-05-11 16:47:52.366213');
INSERT INTO `django_admin_log` VALUES (168, '5', 'Βερβελάκης Γεώργιος Νικολάου', 2, '[{"changed": {"fields": ["PayAsMember", "Aa"]}}]', 9, 1, '2025-05-11 16:48:55.379669');
INSERT INTO `django_admin_log` VALUES (169, '103', 'Κικάκης Εμμανουήλ ?Μιχαήλ', 1, '[{"added": {}}]', 9, 1, '2025-05-11 16:50:02.502272');
INSERT INTO `django_admin_log` VALUES (170, '23', 'Μαργαριτάκης Εμμανουήλ Ιωάννου', 2, '[{"changed": {"fields": ["Member", "Aa"]}}]', 9, 1, '2025-05-11 16:50:35.303555');
INSERT INTO `django_admin_log` VALUES (171, '4', 'Παπαδημητροπούλου Μαρία Νικολάου', 2, '[{"changed": {"fields": ["Aa"]}}]', 9, 1, '2025-05-11 16:51:01.766679');
INSERT INTO `django_admin_log` VALUES (172, '42', 'Παπαδημητροπούλου Μαρία Νικηφόρου', 2, '[]', 9, 1, '2025-05-11 16:51:18.305417');
INSERT INTO `django_admin_log` VALUES (173, '17', 'Βαρδάκης Εμμανουήλ Ματθαίου', 2, '[]', 9, 1, '2025-05-11 16:52:34.154189');
INSERT INTO `django_admin_log` VALUES (174, '60', 'Φραγκάκης Γεώργιος Πέτρου', 2, '[{"changed": {"fields": ["Aa"]}}]', 9, 1, '2025-05-11 16:55:31.023598');
INSERT INTO `django_admin_log` VALUES (175, '7', 'Κικάκης Μιχαήλ Ιωάννου', 2, '[{"changed": {"fields": ["Member"]}}]', 9, 1, '2025-05-11 16:57:22.899821');
INSERT INTO `django_admin_log` VALUES (176, '61', 'Πατιτάκης Δημήτριος Χαραλάμπου', 2, '[]', 9, 1, '2025-05-11 16:58:08.949224');
INSERT INTO `django_admin_log` VALUES (177, '49', 'Πατιτάκης Γεώργιος Δημητρίου', 2, '[{"changed": {"fields": ["Member"]}}]', 9, 1, '2025-05-11 16:58:27.587969');
INSERT INTO `django_admin_log` VALUES (178, '9', 'Βασιλάκης Ιω. Νικολάου', 2, '[{"changed": {"fields": ["Member"]}}]', 9, 1, '2025-05-11 20:35:54.929622');
INSERT INTO `django_admin_log` VALUES (179, '9', 'Βασιλάκης Ιω. Νικολάου', 2, '[{"changed": {"fields": ["PayAsMember"]}}]', 9, 1, '2025-05-11 20:36:06.344410');
INSERT INTO `django_admin_log` VALUES (180, '8', 'Πατιτάκης Εμμανουήλ Γεωργίου', 2, '[{"changed": {"fields": ["Name"]}}]', 9, 1, '2025-05-11 20:45:47.150926');
INSERT INTO `django_admin_log` VALUES (181, '87', 'Πατιτάκη Ειρήνη Ιωάννου', 2, '[{"changed": {"fields": ["IsActive"]}}]', 9, 1, '2025-05-11 21:12:01.720310');
INSERT INTO `django_admin_log` VALUES (182, '87', 'Πατιτάκη Ειρήνη Ιωάννου', 2, '[{"changed": {"fields": ["IsActive"]}}]', 9, 1, '2025-05-11 21:13:01.744875');
INSERT INTO `django_admin_log` VALUES (183, '2', '1 Βερβελάκης Γεώργιος Νικολάου 2024-05-01 539 161.70 2024-05-01 161.70', 2, '[{"changed": {"fields": ["Customer", "ReceiptNumber"]}}]', 11, 1, '2025-05-13 18:59:26.633638');
INSERT INTO `django_admin_log` VALUES (184, '1', '1 Βερβελάκης Γεώργιος Νικολάου 2024-04-03 607 182.10 2024-04-03 182.10', 2, '[{"changed": {"fields": ["Customer", "ReceiptNumber"]}}]', 11, 1, '2025-05-13 19:00:10.497815');
INSERT INTO `django_admin_log` VALUES (185, '1', '2 Βερβελάκης Γεώργιος Νικολάου 2024-04-03 607 182.10 2024-04-03 182.10', 2, '[{"changed": {"fields": ["ReceiptNumber"]}}]', 11, 1, '2025-05-13 19:00:40.240695');
INSERT INTO `django_admin_log` VALUES (186, '104', 'Lleshi Denis(Αντώνης) None', 1, '[{"added": {}}]', 9, 1, '2025-05-18 04:36:09.066900');
INSERT INTO `django_admin_log` VALUES (187, '104', 'Lleshi Denis(Αντώνης) Kaplan', 2, '[{"changed": {"fields": ["FathersName"]}}]', 9, 1, '2025-05-18 04:36:49.693980');
INSERT INTO `django_admin_log` VALUES (188, '5', 'Βερβελάκης Γεώργιος Νικολάου 2024-04-03 607 182.10', 2, '[{"changed": {"fields": ["Receipt"]}}]', 12, 1, '2025-05-19 09:25:10.031182');
INSERT INTO `django_admin_log` VALUES (189, '39', 'Βερβελάκης Γεώργιος Νικολάου 2024-05-01 539 161.70', 2, '[{"changed": {"fields": ["Receipt"]}}]', 12, 1, '2025-05-19 09:26:50.280891');
INSERT INTO `django_admin_log` VALUES (190, '105', 'Βασιλάκης Ιωάννης Εμμανουήλ', 1, '[{"added": {}}]', 9, 1, '2025-05-31 14:48:52.049006');
INSERT INTO `django_admin_log` VALUES (191, '36', 'Τσ 536099 Βασιλάκης Ιωάννης Εμμανουήλ', 1, '[{"added": {}}]', 10, 1, '2025-05-31 14:50:10.644934');
INSERT INTO `django_admin_log` VALUES (192, '89', 'Θεοδοσάκη-Στεφανάκη Σοφία Χαρίδημου', 2, '[{"changed": {"fields": ["IsActive"]}}]', 9, 1, '2025-05-31 15:25:00.895540');
INSERT INTO `django_admin_log` VALUES (193, '37', 'Τσ FC010582-02 Θεοδοσάκη-Στεφανάκη Σοφία Χαρίδημου', 1, '[{"added": {}}]', 10, 1, '2025-05-31 15:25:11.142618');
INSERT INTO `django_admin_log` VALUES (194, '38', 'Τσ 536098 Μαρουλάκης Στυλιανός Γεωργίου', 1, '[{"added": {}}]', 10, 1, '2025-06-01 05:45:37.052136');
INSERT INTO `django_admin_log` VALUES (195, '39', 'Γεφ08 02088 Μπετεινάκης Κωνσταντίνος Νικολάου', 1, '[{"added": {}}]', 10, 1, '2025-06-01 06:02:19.424316');
INSERT INTO `django_admin_log` VALUES (196, '40', 'Τσ02 093857CA/95 Παπαδημητρόπουλος Γεώργιος Άγγελου', 1, '[{"added": {}}]', 10, 1, '2025-06-01 08:13:27.147855');
INSERT INTO `django_admin_log` VALUES (197, '41', 'Τσ09 607818 Κακλαμάνου(Μηλιαράκη) Αικατερίνη Ιωάννου', 1, '[{"added": {}}]', 10, 1, '2025-06-01 08:14:43.445393');
INSERT INTO `django_admin_log` VALUES (198, '106', 'Συγγελάκη Αικατερίνη Νικολάου', 1, '[{"added": {}}]', 9, 1, '2025-06-01 08:17:55.080447');
INSERT INTO `django_admin_log` VALUES (199, '42', 'Τσ15 536092 Συγγελάκη Αικατερίνη Νικολάου', 1, '[{"added": {}}]', 10, 1, '2025-06-01 08:18:06.414323');
INSERT INTO `django_admin_log` VALUES (200, '64', 'Στεφανάκης Χαρίδημος Εμμανουήλ', 2, '[{"changed": {"fields": ["IsActive"]}}]', 9, 1, '2025-06-01 08:19:52.582539');
INSERT INTO `django_admin_log` VALUES (201, '43', 'Τσ06 002492CA99 Στεφανάκης Χαρίδημος Εμμανουήλ', 1, '[{"added": {}}]', 10, 1, '2025-06-01 08:20:05.509618');
INSERT INTO `django_admin_log` VALUES (202, '100', 'Πιτροπάκης Σταύρος Γεωργίου', 2, '[]', 9, 1, '2025-06-01 08:29:21.019533');
INSERT INTO `django_admin_log` VALUES (203, '44', 'Γεφ01 536097 Πιτροπάκης Σταύρος Γεωργίου', 1, '[{"added": {}}]', 10, 1, '2025-06-01 08:29:29.361711');
INSERT INTO `django_admin_log` VALUES (204, '107', 'Πιτροπάκης Εμμανουήλ Γεωργίου', 1, '[{"added": {}}]', 9, 1, '2025-06-01 08:36:39.683658');
INSERT INTO `django_admin_log` VALUES (205, '45', 'Γερ10 004137ca/99 Πιτροπάκης Εμμανουήλ Γεωργίου', 1, '[{"added": {}}]', 10, 1, '2025-06-01 08:37:01.480947');
INSERT INTO `django_admin_log` VALUES (206, '45', 'Γεφ10 004137ca/99 Πιτροπάκης Εμμανουήλ Γεωργίου', 2, '[{"changed": {"fields": ["Collecter"]}}]', 10, 1, '2025-06-01 08:37:35.660796');
INSERT INTO `django_admin_log` VALUES (207, '108', 'Στεφανάκης Δημήτριος Γεωργίου', 1, '[{"added": {}}]', 9, 1, '2025-06-01 08:40:12.165071');
INSERT INTO `django_admin_log` VALUES (208, '46', 'Γεφ07 005940ca/99 Στεφανάκης Δημήτριος Γεωργίου', 1, '[{"added": {}}]', 10, 1, '2025-06-01 08:40:21.631062');
INSERT INTO `django_admin_log` VALUES (209, '47', 'Γεφ09 004311ca/99 Βασιλάκης Ιωάννης Δημητρίου', 1, '[{"added": {}}]', 10, 1, '2025-06-01 08:41:53.205847');
INSERT INTO `django_admin_log` VALUES (210, '48', 'Γεφ11 600905 Φραγκάκης Εμμανουήλ Πέτρου', 1, '[{"added": {}}]', 10, 1, '2025-06-01 08:43:22.560609');
INSERT INTO `django_admin_log` VALUES (211, '49', 'Δεξ5 974600-12 Φραγκάκης Γεώργιος Πέτρου', 1, '[{"added": {}}]', 10, 1, '2025-06-01 08:45:30.420934');
INSERT INTO `django_admin_log` VALUES (212, '24', 'Μηλ9 1832012272παλιό νέο? Πατεραντωνάκη Ευαγγελία', 2, '[{"changed": {"fields": ["Counter"]}}]', 10, 1, '2025-06-01 08:48:59.346079');
INSERT INTO `django_admin_log` VALUES (213, '50', 'Παπ02 0002855 Συγγελάκη Αικατερίνη Νικολάου', 1, '[{"added": {}}]', 10, 1, '2025-06-01 08:50:59.048977');
INSERT INTO `django_admin_log` VALUES (214, '51', 'Παπ03 166831 Κονδυλάκη-Κρασά Αικατερίνη Εμμανουήλ', 1, '[{"added": {}}]', 10, 1, '2025-06-01 08:51:41.464130');
INSERT INTO `django_admin_log` VALUES (215, '52', 'Παπ04 004070ca/99 Χατζοβασιλάκης Δημήτριος Ιωάννου', 1, '[{"added": {}}]', 10, 1, '2025-06-01 08:53:17.568001');
INSERT INTO `django_admin_log` VALUES (216, '53', 'Παπ05 006057ca/99 Ποντικάκης Εμμανουήλ Γεωργίου', 1, '[{"added": {}}]', 10, 1, '2025-06-01 08:54:31.934950');
INSERT INTO `django_admin_log` VALUES (217, '54', 'Παπ07 05 0480 Πιτροπάκη Αντωνία Νικολάου', 1, '[{"added": {}}]', 10, 1, '2025-06-01 08:55:52.577528');
INSERT INTO `django_admin_log` VALUES (218, '55', 'Παπ09 003049ca/99 Μπετεινάκης Κωνσταντίνος Νικολάου', 1, '[{"added": {}}]', 10, 1, '2025-06-01 08:56:48.080739');
INSERT INTO `django_admin_log` VALUES (219, '109', 'Βερβελάκη Ευαγγελία Εμμανουήλ', 1, '[{"added": {}}]', 9, 1, '2025-06-07 03:44:28.245768');
INSERT INTO `django_admin_log` VALUES (220, '95', 'Πιτροπάκης Βασίλειος Γεωργίου', 2, '[{"changed": {"fields": ["IsActive"]}}]', 9, 1, '2025-07-08 16:54:49.575483');
INSERT INTO `django_admin_log` VALUES (221, '2', 'xaroula', 1, '[{"added": {}}]', 4, 1, '2025-07-08 18:47:17.712784');
INSERT INTO `django_admin_log` VALUES (222, '2', 'xaroula', 2, '[{"changed": {"fields": ["User permissions"]}}]', 4, 1, '2025-07-08 18:52:47.968101');
INSERT INTO `django_admin_log` VALUES (223, '3', 'spyros', 1, '[{"added": {}}]', 4, 1, '2025-07-11 19:07:16.562990');
INSERT INTO `django_admin_log` VALUES (224, '3', 'spyros', 2, '[{"changed": {"fields": ["User permissions"]}}]', 4, 1, '2025-07-11 19:14:24.764647');
INSERT INTO `django_admin_log` VALUES (225, '3', 'spyros', 2, '[{"changed": {"fields": ["Staff status"]}}]', 4, 1, '2025-07-11 19:17:08.821660');
INSERT INTO `django_admin_log` VALUES (226, '2', 'xaroula', 2, '[{"changed": {"fields": ["Staff status"]}}]', 4, 1, '2025-07-11 19:17:20.713472');

-- Drop table if exists `django_content_type`
DROP TABLE IF EXISTS `django_content_type`;

-- Table structure for `django_content_type`
CREATE TABLE `django_content_type` (`id` INT NOT NULL, `app_label` varchar(100) NOT NULL, `model` varchar(100) NOT NULL) ENGINE=InnoDB DEFAULT CHARSET=utf8mb4 COLLATE=utf8mb4_unicode_ci;
INSERT INTO `django_content_type` VALUES (1, 'admin', 'logentry');
INSERT INTO `django_content_type` VALUES (2, 'auth', 'permission');
INSERT INTO `django_content_type` VALUES (3, 'auth', 'group');
INSERT INTO `django_content_type` VALUES (4, 'auth', 'user');
INSERT INTO `django_content_type` VALUES (5, 'contenttypes', 'contenttype');
INSERT INTO `django_content_type` VALUES (6, 'sessions', 'session');
INSERT INTO `django_content_type` VALUES (7, 'synet', 'waterconsumption');
INSERT INTO `django_content_type` VALUES (8, 'synet', 'fields');
INSERT INTO `django_content_type` VALUES (9, 'synet', 'persons');
INSERT INTO `django_content_type` VALUES (10, 'synet', 'counters');
INSERT INTO `django_content_type` VALUES (11, 'synet', 'paids');
INSERT INTO `django_content_type` VALUES (12, 'synet', 'watercons');
INSERT INTO `django_content_type` VALUES (13, 'synet', 'receivers');

-- Drop table if exists `auth_permission`
DROP TABLE IF EXISTS `auth_permission`;

-- Table structure for `auth_permission`
CREATE TABLE `auth_permission` (`id` INT NOT NULL, `content_type_id` INT NOT NULL, `codename` varchar(100) NOT NULL, `name` varchar(255) NOT NULL) ENGINE=InnoDB DEFAULT CHARSET=utf8mb4 COLLATE=utf8mb4_unicode_ci;
INSERT INTO `auth_permission` VALUES (1, 1, 'add_logentry', 'Can add log entry');
INSERT INTO `auth_permission` VALUES (2, 1, 'change_logentry', 'Can change log entry');
INSERT INTO `auth_permission` VALUES (3, 1, 'delete_logentry', 'Can delete log entry');
INSERT INTO `auth_permission` VALUES (4, 1, 'view_logentry', 'Can view log entry');
INSERT INTO `auth_permission` VALUES (5, 2, 'add_permission', 'Can add permission');
INSERT INTO `auth_permission` VALUES (6, 2, 'change_permission', 'Can change permission');
INSERT INTO `auth_permission` VALUES (7, 2, 'delete_permission', 'Can delete permission');
INSERT INTO `auth_permission` VALUES (8, 2, 'view_permission', 'Can view permission');
INSERT INTO `auth_permission` VALUES (9, 3, 'add_group', 'Can add group');
INSERT INTO `auth_permission` VALUES (10, 3, 'change_group', 'Can change group');
INSERT INTO `auth_permission` VALUES (11, 3, 'delete_group', 'Can delete group');
INSERT INTO `auth_permission` VALUES (12, 3, 'view_group', 'Can view group');
INSERT INTO `auth_permission` VALUES (13, 4, 'add_user', 'Can add user');
INSERT INTO `auth_permission` VALUES (14, 4, 'change_user', 'Can change user');
INSERT INTO `auth_permission` VALUES (15, 4, 'delete_user', 'Can delete user');
INSERT INTO `auth_permission` VALUES (16, 4, 'view_user', 'Can view user');
INSERT INTO `auth_permission` VALUES (17, 5, 'add_contenttype', 'Can add content type');
INSERT INTO `auth_permission` VALUES (18, 5, 'change_contenttype', 'Can change content type');
INSERT INTO `auth_permission` VALUES (19, 5, 'delete_contenttype', 'Can delete content type');
INSERT INTO `auth_permission` VALUES (20, 5, 'view_contenttype', 'Can view content type');
INSERT INTO `auth_permission` VALUES (21, 6, 'add_session', 'Can add session');
INSERT INTO `auth_permission` VALUES (22, 6, 'change_session', 'Can change session');
INSERT INTO `auth_permission` VALUES (23, 6, 'delete_session', 'Can delete session');
INSERT INTO `auth_permission` VALUES (24, 6, 'view_session', 'Can view session');
INSERT INTO `auth_permission` VALUES (25, 7, 'add_waterconsumption', 'Can add water consumption');
INSERT INTO `auth_permission` VALUES (26, 7, 'change_waterconsumption', 'Can change water consumption');
INSERT INTO `auth_permission` VALUES (27, 7, 'delete_waterconsumption', 'Can delete water consumption');
INSERT INTO `auth_permission` VALUES (28, 7, 'view_waterconsumption', 'Can view water consumption');
INSERT INTO `auth_permission` VALUES (29, 8, 'add_fields', 'Can add fields');
INSERT INTO `auth_permission` VALUES (30, 8, 'change_fields', 'Can change fields');
INSERT INTO `auth_permission` VALUES (31, 8, 'delete_fields', 'Can delete fields');
INSERT INTO `auth_permission` VALUES (32, 8, 'view_fields', 'Can view fields');
INSERT INTO `auth_permission` VALUES (33, 9, 'add_customers', 'Can add customers');
INSERT INTO `auth_permission` VALUES (34, 9, 'change_customers', 'Can change customers');
INSERT INTO `auth_permission` VALUES (35, 9, 'delete_customers', 'Can delete customers');
INSERT INTO `auth_permission` VALUES (36, 9, 'view_customers', 'Can view customers');
INSERT INTO `auth_permission` VALUES (37, 10, 'add_counters', 'Can add counters');
INSERT INTO `auth_permission` VALUES (38, 10, 'change_counters', 'Can change counters');
INSERT INTO `auth_permission` VALUES (39, 10, 'delete_counters', 'Can delete counters');
INSERT INTO `auth_permission` VALUES (40, 10, 'view_counters', 'Can view counters');
INSERT INTO `auth_permission` VALUES (41, 11, 'add_paids', 'Can add paids');
INSERT INTO `auth_permission` VALUES (42, 11, 'change_paids', 'Can change paids');
INSERT INTO `auth_permission` VALUES (43, 11, 'delete_paids', 'Can delete paids');
INSERT INTO `auth_permission` VALUES (44, 11, 'view_paids', 'Can view paids');
INSERT INTO `auth_permission` VALUES (45, 12, 'add_watercons', 'Can add water cons');
INSERT INTO `auth_permission` VALUES (46, 12, 'change_watercons', 'Can change water cons');
INSERT INTO `auth_permission` VALUES (47, 12, 'delete_watercons', 'Can delete water cons');
INSERT INTO `auth_permission` VALUES (48, 12, 'view_watercons', 'Can view water cons');
INSERT INTO `auth_permission` VALUES (49, 13, 'add_receivers', 'Can add receivers');
INSERT INTO `auth_permission` VALUES (50, 13, 'change_receivers', 'Can change receivers');
INSERT INTO `auth_permission` VALUES (51, 13, 'delete_receivers', 'Can delete receivers');
INSERT INTO `auth_permission` VALUES (52, 13, 'view_receivers', 'Can view receivers');
INSERT INTO `auth_permission` VALUES (53, 9, 'add_persons', 'Can add persons');
INSERT INTO `auth_permission` VALUES (54, 9, 'change_persons', 'Can change persons');
INSERT INTO `auth_permission` VALUES (55, 9, 'delete_persons', 'Can delete persons');
INSERT INTO `auth_permission` VALUES (56, 9, 'view_persons', 'Can view persons');

-- Drop table if exists `auth_group`
DROP TABLE IF EXISTS `auth_group`;

-- Table structure for `auth_group`
CREATE TABLE `auth_group` (`id` INT NOT NULL, `name` varchar(150) NOT NULL) ENGINE=InnoDB DEFAULT CHARSET=utf8mb4 COLLATE=utf8mb4_unicode_ci;

-- Drop table if exists `auth_user`
DROP TABLE IF EXISTS `auth_user`;

-- Table structure for `auth_user`
CREATE TABLE `auth_user` (`id` INT NOT NULL, `password` varchar(128) NOT NULL, `last_login` datetime NOT NULL, `is_superuser` bool NOT NULL, `username` varchar(150) NOT NULL, `last_name` varchar(150) DEFAULT NULL, `email` varchar(254) DEFAULT NULL, `is_staff` bool NOT NULL, `is_active` bool NOT NULL, `date_joined` datetime NOT NULL, `first_name` varchar(150) DEFAULT NULL) ENGINE=InnoDB DEFAULT CHARSET=utf8mb4 COLLATE=utf8mb4_unicode_ci;
INSERT INTO `auth_user` VALUES (1, 'pbkdf2_sha256$1000000$d8tUgBXDJN81teh2mrdyz6$RHnhZOjpq7YhL0DPicuZ4aS8b3v6uuB2ybXXjZc0FhU=', '2025-07-11 20:12:29.967826', 1, 'gverv', NULL, 'gnverv@gmail.com', 1, 1, '2025-05-01 07:57:14.896513', NULL);
INSERT INTO `auth_user` VALUES (2, 'pbkdf2_sha256$1000000$83E0JtVnijkqx17hC7iF29$Ph/ZjMo5DHiVxN4km+yk0yhdWZi3bK5uYZupbXBnqDQ=', '2025-07-11 20:40:03.987303', 0, 'xaroula', NULL, NULL, 1, 1, '2025-07-08 18:47:16', NULL);
INSERT INTO `auth_user` VALUES (3, 'pbkdf2_sha256$1000000$HBN53aOnPWg6EmGoDOXFP5$0NZpOp7rAbwEezoWCihefOOMx1FonSRogbKTCvjfz40=', '2025-07-14 14:38:27.612041', 0, 'spyros', NULL, NULL, 1, 1, '2025-07-11 19:07:15', NULL);

-- Drop table if exists `django_session`
DROP TABLE IF EXISTS `django_session`;

-- Table structure for `django_session`
CREATE TABLE `django_session` (`session_key` varchar(40) NOT NULL, `session_data` VARCHAR(226) NOT NULL, `expire_date` datetime NOT NULL) ENGINE=InnoDB DEFAULT CHARSET=utf8mb4 COLLATE=utf8mb4_unicode_ci;
INSERT INTO `django_session` VALUES ('0xn0i68e1jh3yvkxmvstwacgqzn6epjv', '.eJxVjEEOwiAQRe_C2hA6IKJL956BDDODVA0kpV0Z726bdKHb_95_bxVxmUtcukxxZHVRgzr8bgnpKXUD_MB6b5panacx6U3RO-361lhe1939CxTsZX2nJIEZIUAWyxnZY85MnGxwxCZkC-LlaJ03OcHadXjyzgzgiYHkrD5fPKM5pA:1uAOoS:wAITovKP2fu-8e-Ccbb54F1_4yA_nKKc_osWSxjqqrc', '2025-05-15 07:58:32.069285');
INSERT INTO `django_session` VALUES ('f48svgov0cn1r6ovcioslxmyp957h3dr', '.eJxVjEEOwiAQRe_C2hA6IKJL956BDDODVA0kpV0Z726bdKHb_95_bxVxmUtcukxxZHVRgzr8bgnpKXUD_MB6b5panacx6U3RO-361lhe1939CxTsZX2nJIEZIUAWyxnZY85MnGxwxCZkC-LlaJ03OcHadXjyzgzgiYHkrD5fPKM5pA:1uGVjT:hL0_1zrFza0WiFxFwJnJau2gv7mBnbrcdKvqTLxjcdA', '2025-06-01 04:34:39.928804');
INSERT INTO `django_session` VALUES ('kv52g684tsd0g6rd4hcu45ip8iuop70o', '.eJxVjEEOwiAQRe_C2hA6IKJL956BDDODVA0kpV0Z726bdKHb_95_bxVxmUtcukxxZHVRgzr8bgnpKXUD_MB6b5panacx6U3RO-361lhe1939CxTsZX2nJIEZIUAWyxnZY85MnGxwxCZkC-LlaJ03OcHadXjyzgzgiYHkrD5fPKM5pA:1uLbUF:5OBnZ63pN_Hz9Yn0Em1W0gWtk2aHYaSqXuvYtHrZGQ8', '2025-06-15 05:43:59.885738');
INSERT INTO `django_session` VALUES ('0cj0uwo0au2dhmsv0fye203u6flnoe2i', '.eJxVjEEOwiAQRe_C2hA6IKJL956BDDODVA0kpV0Z726bdKHb_95_bxVxmUtcukxxZHVRgzr8bgnpKXUD_MB6b5panacx6U3RO-361lhe1939CxTsZX2nJIEZIUAWyxnZY85MnGxwxCZkC-LlaJ03OcHadXjyzgzgiYHkrD5fPKM5pA:1uUFCs:GKe-n-A2r1fJNoq6cpkJ3D-EVEi_4Ur9uI9A_F6y0fU', '2025-07-09 01:45:46.792498');
INSERT INTO `django_session` VALUES ('97vyov35fyz3kref8o0whiwen5w6rmrq', '.eJxVjDsOwjAQBe_iGlnO-gslPWew1l4vDiBHipMKcXdkKQW0b2beW0Tctxr3XtY4k7gILU6_W8L8LG0AemC7LzIvbVvnJIciD9rlbaHyuh7u30HFXkfNZDCA8slBKBoRSiYDjOwpnx0SBDDOMU-qaOOAPSSrJscYiJK14vMFBxE4jw:1ubKK3:yfEXvysSbgXus7rduLpsDouLXbV4f9393vCZLnJGSeM', '2025-07-28 14:38:27.629062');

-- Drop table if exists `synet_receivers`
DROP TABLE IF EXISTS `synet_receivers`;

-- Table structure for `synet_receivers`
CREATE TABLE `synet_receivers` (`id` INT NOT NULL, `receiver` varchar(30) NOT NULL) ENGINE=InnoDB DEFAULT CHARSET=utf8mb4 COLLATE=utf8mb4_unicode_ci;
INSERT INTO `synet_receivers` VALUES (1, 'Τσαγκαράκη Χαρούλα');
INSERT INTO `synet_receivers` VALUES (2, 'Βερβελάκη Άννα');

-- Drop table if exists `synet_counters`
DROP TABLE IF EXISTS `synet_counters`;

-- Table structure for `synet_counters`
CREATE TABLE `synet_counters` (`id` INT NOT NULL, `collecter` varchar(20) NOT NULL, `counter` varchar(20) DEFAULT NULL, `customer_id` bigint NOT NULL, `lastIndication` INT) ENGINE=InnoDB DEFAULT CHARSET=utf8mb4 COLLATE=utf8mb4_unicode_ci;
INSERT INTO `synet_counters` VALUES (1, '1Κεντρικό', NULL, 54, NULL);
INSERT INTO `synet_counters` VALUES (2, '2Γέφυρα', NULL, 54, NULL);
INSERT INTO `synet_counters` VALUES (3, '3Λούτρα', NULL, 54, NULL);
INSERT INTO `synet_counters` VALUES (4, '4Αόρι', NULL, 54, NULL);
INSERT INTO `synet_counters` VALUES (5, 'Παπ01', '004229ca/99', 10, NULL);
INSERT INTO `synet_counters` VALUES (6, 'Μηλ8', 'FD001619-07', 5, NULL);
INSERT INTO `synet_counters` VALUES (7, 'Γεφ15', 'Fd001444-05', 12, NULL);
INSERT INTO `synet_counters` VALUES (8, 'Δεξ1Β', '004242CA/99', 6, NULL);
INSERT INTO `synet_counters` VALUES (9, 'Δεξ3', '1532010239', 6, NULL);
INSERT INTO `synet_counters` VALUES (10, 'Μηλ1', '005303CA/99', 6, NULL);
INSERT INTO `synet_counters` VALUES (11, 'Γεφ20', '004308ca/99', 28, NULL);
INSERT INTO `synet_counters` VALUES (12, 'Μηλ2', '006599CA/98', 43, NULL);
INSERT INTO `synet_counters` VALUES (13, 'Δεξ1', '2032010305', 23, NULL);
INSERT INTO `synet_counters` VALUES (14, 'Γεφ02', '924803', 3, NULL);
INSERT INTO `synet_counters` VALUES (15, 'Μηλ7', '1933003191', 44, NULL);
INSERT INTO `synet_counters` VALUES (16, 'Τσ04', 'FC003280-08', 44, NULL);
INSERT INTO `synet_counters` VALUES (17, 'Γεφ12', '004306ca/99', 14, NULL);
INSERT INTO `synet_counters` VALUES (18, 'Δεξ4Α', 'FC000794-06', 38, NULL);
INSERT INTO `synet_counters` VALUES (19, 'Τσ16', '536096', 32, NULL);
INSERT INTO `synet_counters` VALUES (20, 'Δεξ1Α', '7082411', 45, NULL);
INSERT INTO `synet_counters` VALUES (21, 'Τσ01', '004135CA/99', 15, NULL);
INSERT INTO `synet_counters` VALUES (22, 'Δεξ4', '1532007166', 46, NULL);
INSERT INTO `synet_counters` VALUES (23, 'Γεφ18', '1295-2-528', 4, NULL);
INSERT INTO `synet_counters` VALUES (24, 'Μηλ9', '1832012272παλιό νέο?', 47, NULL);
INSERT INTO `synet_counters` VALUES (25, 'Μηλ3', '16 025968', 48, NULL);
INSERT INTO `synet_counters` VALUES (26, 'Τσ12', '090559BA/95', 49, NULL);
INSERT INTO `synet_counters` VALUES (27, 'Παπ12', '7082650', 21, NULL);
INSERT INTO `synet_counters` VALUES (28, 'Δεξ5Α', '2132002569', 50, NULL);
INSERT INTO `synet_counters` VALUES (29, 'Γεφ16', '1994-ce002848', 39, NULL);
INSERT INTO `synet_counters` VALUES (30, 'Μηλ4', '002587ca/99', 39, NULL);
INSERT INTO `synet_counters` VALUES (31, 'Παπ10', '004230ca/99', 39, NULL);
INSERT INTO `synet_counters` VALUES (32, 'Γεφ17', '44952170', 51, NULL);
INSERT INTO `synet_counters` VALUES (33, 'Γεφ19', '12-023779', 51, NULL);
INSERT INTO `synet_counters` VALUES (34, 'Τσ10', '093241CA/95', 52, NULL);
INSERT INTO `synet_counters` VALUES (35, 'Δεξ2', '16 018269', 53, NULL);
INSERT INTO `synet_counters` VALUES (36, 'Τσ05', '536099', 105, NULL);
INSERT INTO `synet_counters` VALUES (37, 'Τσ07', 'FC010582-02', 89, NULL);
INSERT INTO `synet_counters` VALUES (38, 'Τσ17', '536098', 14, NULL);
INSERT INTO `synet_counters` VALUES (39, 'Γεφ08', '02088', 38, NULL);
INSERT INTO `synet_counters` VALUES (40, 'Τσ02', '093857CA/95', 22, NULL);
INSERT INTO `synet_counters` VALUES (41, 'Τσ09', '607818', 36, NULL);
INSERT INTO `synet_counters` VALUES (42, 'Τσ15', '536092', 106, NULL);
INSERT INTO `synet_counters` VALUES (43, 'Τσ06', '002492CA99', 64, NULL);
INSERT INTO `synet_counters` VALUES (44, 'Γεφ01', '536097', 100, NULL);
INSERT INTO `synet_counters` VALUES (45, 'Γεφ10', '004137ca/99', 107, NULL);
INSERT INTO `synet_counters` VALUES (46, 'Γεφ07', '005940ca/99', 108, NULL);
INSERT INTO `synet_counters` VALUES (47, 'Γεφ09', '004311ca/99', 85, NULL);
INSERT INTO `synet_counters` VALUES (48, 'Γεφ11', '600905', 59, NULL);
INSERT INTO `synet_counters` VALUES (49, 'Δεξ5', '974600-12', 60, NULL);
INSERT INTO `synet_counters` VALUES (50, 'Παπ02', '0002855', 106, NULL);
INSERT INTO `synet_counters` VALUES (51, 'Παπ03', '166831', 90, NULL);
INSERT INTO `synet_counters` VALUES (52, 'Παπ04', '004070ca/99', 55, NULL);
INSERT INTO `synet_counters` VALUES (53, 'Παπ05', '006057ca/99', 26, NULL);
INSERT INTO `synet_counters` VALUES (54, 'Παπ07', '05 0480', 65, NULL);
INSERT INTO `synet_counters` VALUES (55, 'Παπ09', '003049ca/99', 38, NULL);

-- Drop table if exists `synet_persons`
DROP TABLE IF EXISTS `synet_persons`;

-- Table structure for `synet_persons`
CREATE TABLE `synet_persons` (`id` INT NOT NULL, `fathersName` varchar(100) DEFAULT NULL, `name` varchar(100) DEFAULT NULL, `surname` varchar(100) NOT NULL, `member` bool NOT NULL, `payAsMember` bool NOT NULL, `isActive` bool NOT NULL, `aa` INT, `afm` varchar(9) DEFAULT NULL, `placeOfResidence` varchar(20) DEFAULT NULL, `phone` varchar(10) DEFAULT NULL, `notes` varchar(100) DEFAULT NULL) ENGINE=InnoDB DEFAULT CHARSET=utf8mb4 COLLATE=utf8mb4_unicode_ci;
INSERT INTO `synet_persons` VALUES (1, NULL, 'Adem(Ανδρέας)', 'Russi', 0, 1, 1, NULL, NULL, NULL, NULL, NULL);
INSERT INTO `synet_persons` VALUES (2, NULL, 'Bilal(Χρήστος)', 'Russi', 0, 1, 1, NULL, NULL, NULL, NULL, NULL);
INSERT INTO `synet_persons` VALUES (3, 'Νικολάου', 'Ιωάννης', 'Μαρουλάκης', 1, 1, 1, 48, NULL, NULL, '6981805058', NULL);
INSERT INTO `synet_persons` VALUES (4, 'Νικολάου', 'Μαρία', 'Παπαδημητροπούλου(Θαλασσινού)', 1, 1, 1, 107, NULL, NULL, NULL, NULL);
INSERT INTO `synet_persons` VALUES (5, 'Νικολάου', 'Γεώργιος', 'Βερβελάκης', 1, 1, 1, 104, '042952443', NULL, '6955205240', NULL);
INSERT INTO `synet_persons` VALUES (6, NULL, 'Σπύρος', 'Ζώτος', 0, 1, 1, NULL, NULL, NULL, NULL, NULL);
INSERT INTO `synet_persons` VALUES (7, 'Ιωάννου', 'Μιχαήλ', 'Κικάκης', 0, 1, 1, NULL, NULL, NULL, NULL, NULL);
INSERT INTO `synet_persons` VALUES (8, 'Γεωργίου', 'Εμμανουήλ', 'Πατιτάκης', 0, 1, 1, NULL, NULL, NULL, NULL, NULL);
INSERT INTO `synet_persons` VALUES (9, 'Νικολάου', 'Ιωάννης', 'Βασιλάκης', 0, 0, 1, NULL, NULL, NULL, NULL, NULL);
INSERT INTO `synet_persons` VALUES (10, 'Εμμανουήλ', 'Άννα', 'Βερβελάκη(Ψυλάκη)', 0, 1, 1, NULL, NULL, NULL, NULL, NULL);
INSERT INTO `synet_persons` VALUES (11, 'Εμμανουήλ', 'Άννα', 'Τουλουπάκη(Καλέμη)', 1, 1, 1, 97, NULL, NULL, NULL, NULL);
INSERT INTO `synet_persons` VALUES (12, 'Εμμανουήλ', 'Δημήτρης', 'Γρυσμπολάκης', 1, 1, 1, 79, NULL, NULL, NULL, NULL);
INSERT INTO `synet_persons` VALUES (13, 'Δημητρίου', 'Μαρία', 'Χατζοβασιλάκη(Τζώρτζη)', 1, 1, 1, 46, NULL, 'Ηράκλειο', '6972424211', NULL);
INSERT INTO `synet_persons` VALUES (14, 'Γεωργίου', 'Στυλιανός', 'Μαρουλάκης', 1, 1, 1, 18, NULL, NULL, NULL, NULL);
INSERT INTO `synet_persons` VALUES (15, 'Εμμανουήλ', 'Αικατερίνη', 'Παπαδημητροπούλου(Βερβελάκη)', 1, 1, 1, 94, NULL, 'Ηράκλειο', NULL, NULL);
INSERT INTO `synet_persons` VALUES (16, 'Δημητρίου', 'Κατερίνα', 'Χατζοβασιλάκη', 0, 1, 1, NULL, NULL, NULL, NULL, NULL);
INSERT INTO `synet_persons` VALUES (17, 'Ματθαίου', 'Εμμανουήλ', 'Βαρδάκης', 1, 1, 1, 100, NULL, NULL, NULL, NULL);
INSERT INTO `synet_persons` VALUES (18, 'Εμμανουήλ', 'Γεώργιος', 'Πατιτάκης', 0, 1, 1, NULL, NULL, NULL, NULL, NULL);
INSERT INTO `synet_persons` VALUES (19, NULL, 'Nikos', 'Plakut', 0, 0, 1, NULL, NULL, NULL, NULL, NULL);
INSERT INTO `synet_persons` VALUES (20, 'Μιχαήλ', 'Γεωργία', 'Ρεστιβάκη(Παπαδημητροπούλου)', 1, 1, 1, 93, NULL, NULL, NULL, NULL);
INSERT INTO `synet_persons` VALUES (21, 'Ιωάννου', 'Γλυκερία', 'Προεστάκη(Χατζονικολάκη)', 1, 1, 1, 51, NULL, NULL, NULL, NULL);
INSERT INTO `synet_persons` VALUES (22, 'Άγγελου', 'Γεώργιος', 'Παπαδημητρόπουλος', 1, 1, 1, 98, NULL, 'Αθήνα', NULL, NULL);
INSERT INTO `synet_persons` VALUES (23, 'Ιωάννου', 'Εμμανουήλ', 'Μαργαριτάκης', 1, 1, 1, 106, NULL, NULL, NULL, NULL);
INSERT INTO `synet_persons` VALUES (24, NULL, 'Δημήτρης', 'Γρυνιεζάκης', 0, 0, 1, NULL, NULL, NULL, NULL, NULL);
INSERT INTO `synet_persons` VALUES (25, NULL, NULL, 'Απώλεια', 0, 0, 1, NULL, NULL, NULL, NULL, NULL);
INSERT INTO `synet_persons` VALUES (26, 'Γεωργίου', 'Εμμανουήλ', 'Ποντικάκης', 1, 1, 1, 10, NULL, NULL, NULL, NULL);
INSERT INTO `synet_persons` VALUES (27, 'Ιωάννου', 'Αριστομένης', 'Μηλιαράκης', 1, 1, 1, 102, NULL, NULL, NULL, NULL);
INSERT INTO `synet_persons` VALUES (28, 'Εμμανουήλ', 'Μιχαήλ', 'Κικάκης', 1, 1, 1, 39, NULL, NULL, NULL, NULL);
INSERT INTO `synet_persons` VALUES (29, 'Δημητρίου', 'Δανάη', 'Χατζοβασιλάκη', 0, 1, 1, NULL, NULL, NULL, NULL, NULL);
INSERT INTO `synet_persons` VALUES (30, 'Γεωργίου', 'Γιάννα', 'Πατιτάκη', 0, 1, 1, NULL, NULL, NULL, NULL, NULL);
INSERT INTO `synet_persons` VALUES (31, 'Νικολάου', 'Εμμανουήλ', 'Βερβελάκης', 1, 1, 1, 41, NULL, NULL, NULL, NULL);
INSERT INTO `synet_persons` VALUES (32, NULL, 'Κώστας', 'Μπρότσικας', 1, 1, 1, 103, NULL, 'Αθήνα', NULL, NULL);
INSERT INTO `synet_persons` VALUES (33, 'Δημητρίου', 'Ηρώ', 'Χατζοβασιλάκη', 1, 1, 1, 78, NULL, 'Άρβη', NULL, NULL);
INSERT INTO `synet_persons` VALUES (34, 'Ιωάννου', 'Θεοχάρης', 'Κοκκινάκης', 1, 1, 1, 71, NULL, NULL, NULL, 'Απεβίωσε');
INSERT INTO `synet_persons` VALUES (35, 'Νικολάου', 'Γεώργιος', 'Πιτροπάκης', 1, 1, 1, 15, NULL, NULL, NULL, NULL);
INSERT INTO `synet_persons` VALUES (36, 'Ιωάννου', 'Αικατερίνη', 'Κακλαμάνου(Μηλιαράκη)', 1, 1, 1, 63, NULL, 'Ιεράπετρα', NULL, NULL);
INSERT INTO `synet_persons` VALUES (37, 'Ευαγγέλου', 'Μανώλης', 'Αλεξάκης', 0, 1, 1, NULL, NULL, NULL, NULL, NULL);
INSERT INTO `synet_persons` VALUES (38, 'Νικολάου', 'Κωνσταντίνος', 'Μπετεινάκης', 1, 1, 1, 81, NULL, NULL, NULL, NULL);
INSERT INTO `synet_persons` VALUES (39, 'Ιωάννου', 'Μαρία', 'Σηφάκη(Κοκκινάκη)', 1, 1, 1, 80, NULL, NULL, NULL, NULL);
INSERT INTO `synet_persons` VALUES (40, 'Μιχαήλ', 'Νικόλαος', 'Κικάκης', 1, 1, 1, 84, NULL, NULL, NULL, NULL);
INSERT INTO `synet_persons` VALUES (41, 'Νικολάου', 'Ιωάννης', 'Παπαδημητρόπουλος', 1, 1, 1, 30, NULL, NULL, NULL, NULL);
INSERT INTO `synet_persons` VALUES (42, 'Νικηφόρου', 'Μαρία', 'Παπαδημητροπούλου(Χρηστάκη)', 0, 1, 1, NULL, NULL, NULL, NULL, NULL);
INSERT INTO `synet_persons` VALUES (43, 'Γεωργίου', 'Κατινούλα', 'Μαργαριτάκη(Παπαδάκη)', 0, 0, 1, NULL, NULL, NULL, NULL, NULL);
INSERT INTO `synet_persons` VALUES (44, 'Νικολάου', 'Νικήτας', 'Μαρουλάκης', 1, 1, 1, 13, NULL, NULL, NULL, NULL);
INSERT INTO `synet_persons` VALUES (45, 'Νικηφόρου', 'Μάνθος', 'Παπαδημητρόπουλος', 0, 1, 1, NULL, NULL, NULL, NULL, NULL);
INSERT INTO `synet_persons` VALUES (46, 'Χαραλάμπους', 'Ερωφίλη', 'Κιούση(Παπαδημητροπούλου)', 0, 1, 1, NULL, NULL, NULL, NULL, NULL);
INSERT INTO `synet_persons` VALUES (47, NULL, 'Ευαγγελία', 'Πατεραντωνάκη', 0, 0, 1, NULL, NULL, NULL, NULL, NULL);
INSERT INTO `synet_persons` VALUES (48, 'Αποστόλου', 'Μαρία', 'Πατεραντωνάκη(Οικονομάκη)', 0, 0, 1, NULL, NULL, NULL, NULL, NULL);
INSERT INTO `synet_persons` VALUES (49, 'Δημητρίου', 'Γεώργιος', 'Πατιτάκης', 0, 1, 1, NULL, NULL, NULL, NULL, NULL);
INSERT INTO `synet_persons` VALUES (50, '(Σελί)', 'Κατερίνα', 'Τσικρικωνάκη', 0, 0, 1, NULL, NULL, NULL, NULL, NULL);
INSERT INTO `synet_persons` VALUES (51, 'Ιωάννου', 'Μιχαήλ', 'Στεφανάκης', 1, 1, 1, 27, NULL, NULL, NULL, NULL);
INSERT INTO `synet_persons` VALUES (52, 'Εμμανουήλ', 'Χαρούλα', 'Τσαγκαράκη(Αλεξάκη)', 1, 1, 1, 70, NULL, NULL, NULL, NULL);
INSERT INTO `synet_persons` VALUES (53, 'Δημητρίου', 'Γεώργιος', 'Χατζονικολάκης', 1, 1, 1, 86, NULL, NULL, NULL, NULL);
INSERT INTO `synet_persons` VALUES (54, NULL, NULL, 'Συνεταιρισμός', 0, 0, 1, NULL, NULL, NULL, NULL, NULL);
INSERT INTO `synet_persons` VALUES (55, 'Ιωάννου', 'Δημήτριος', 'Χατζοβασιλάκης', 1, 1, 0, 11, NULL, NULL, NULL, NULL);
INSERT INTO `synet_persons` VALUES (56, 'Χαραλάμπου', 'Νικηφόρος', 'Παπαδημητρόπουλος', 1, 1, 0, 14, NULL, NULL, NULL, NULL);
INSERT INTO `synet_persons` VALUES (57, 'Γρηγορίου', 'Χαρίδημος', 'Παπαδημητρόπουλος', 1, 1, 1, 22, NULL, NULL, NULL, NULL);
INSERT INTO `synet_persons` VALUES (58, 'Γεωργίου', 'Εμμανουήλ', 'Χατζονικολάκης', 1, 1, 0, 23, NULL, NULL, NULL, NULL);
INSERT INTO `synet_persons` VALUES (59, 'Πέτρου', 'Εμμανουήλ', 'Φραγκάκης', 1, 1, 0, 24, NULL, NULL, NULL, NULL);
INSERT INTO `synet_persons` VALUES (60, 'Πέτρου', 'Γεώργιος', 'Φραγκάκης', 1, 1, 0, 25, NULL, NULL, NULL, NULL);
INSERT INTO `synet_persons` VALUES (61, 'Χαραλάμπου', 'Δημήτριος', 'Πατιτάκης', 1, 1, 0, 26, NULL, NULL, NULL, NULL);
INSERT INTO `synet_persons` VALUES (62, 'Κωνσταντίνου', 'Μαρία', 'Φραγκάκη-Βασιλάκη', 1, 1, 0, 28, NULL, NULL, NULL, NULL);
INSERT INTO `synet_persons` VALUES (63, 'Χαραλάμπου', 'Πέτρος', 'Παπαδημητρόπουλος', 1, 1, 0, 29, NULL, NULL, NULL, NULL);
INSERT INTO `synet_persons` VALUES (64, 'Εμμανουήλ', 'Χαρίδημος', 'Στεφανάκης', 1, 1, 1, 31, NULL, NULL, NULL, NULL);
INSERT INTO `synet_persons` VALUES (65, 'Νικολάου', 'Αντωνία', 'Πιτροπάκη', 1, 1, 0, 34, NULL, NULL, NULL, NULL);
INSERT INTO `synet_persons` VALUES (66, 'Ματθαίου', 'Εμμανουήλ', 'Σηφάκης', 1, 1, 0, 35, NULL, NULL, NULL, NULL);
INSERT INTO `synet_persons` VALUES (67, 'Ελευθερίου', 'Ιωάννης', 'Λουλάκης', 1, 1, 0, 37, NULL, NULL, NULL, NULL);
INSERT INTO `synet_persons` VALUES (68, 'Γεωργίου', 'Νικόλαος', 'Σταυρουλάκης', 1, 1, 0, 38, NULL, NULL, NULL, NULL);
INSERT INTO `synet_persons` VALUES (69, 'Δημητρίου', 'Εμμανουήλ', 'Παπαδημητρόπουλος', 1, 1, 0, 40, NULL, NULL, NULL, NULL);
INSERT INTO `synet_persons` VALUES (70, 'Ελευθερίου', 'Νικόλαος', 'Βελημβασάκης', 1, 1, 0, 42, NULL, NULL, NULL, NULL);
INSERT INTO `synet_persons` VALUES (71, 'Ιωάννου', 'Άννα', 'Βασιλάκη-Μηλιαράκη', 1, 1, 0, 43, NULL, 'Αθήνα', NULL, NULL);
INSERT INTO `synet_persons` VALUES (72, 'Ιωάννου', 'Μιχαήλ', 'Βασιλάκης', 1, 1, 0, 44, NULL, NULL, NULL, NULL);
INSERT INTO `synet_persons` VALUES (73, 'Χαράλαμπου', 'Ιωάννης', 'Κοκκινάκης', 1, 1, 0, 47, NULL, 'Ηράκλειο', '2810256791', NULL);
INSERT INTO `synet_persons` VALUES (74, 'Αθανασίου', 'Χαράλαμπος', 'Κονσολάκης', 1, 1, 0, 49, NULL, NULL, NULL, NULL);
INSERT INTO `synet_persons` VALUES (75, 'Χαράλαμπου', 'Παναγιώτα', 'Θεοδοσάκη-Παπαδημητροπούλου', 1, 1, 0, 50, NULL, 'Χόνδρος', NULL, NULL);
INSERT INTO `synet_persons` VALUES (76, 'Ζαχαρίου', 'Βασιλική', 'Φραγκάκη-Χατζογιαννάκη', 1, 1, 0, 54, NULL, NULL, NULL, NULL);
INSERT INTO `synet_persons` VALUES (77, 'Δημητρίου', 'Γεώργιος', 'Χατζοβασιλάκης', 1, 1, 0, 55, NULL, NULL, NULL, NULL);
INSERT INTO `synet_persons` VALUES (78, 'Ελευθερίου', 'Γεώργιος', 'Λουλάκης', 1, 1, 0, 56, NULL, NULL, NULL, NULL);
INSERT INTO `synet_persons` VALUES (79, 'Ιωάννου', 'Γεώργιος', 'Πιτροπάκης', 1, 1, 0, 57, NULL, 'Άρβη', NULL, 'Φίλος');
INSERT INTO `synet_persons` VALUES (80, NULL, 'Ελένη', 'Πιτροπάκη', 1, 1, 0, 58, NULL, 'Άρβη', NULL, 'Φίλαινα');
INSERT INTO `synet_persons` VALUES (81, 'Αναστασίου', 'Μαρίνα', 'Θεοδωρίδου', 1, 1, 0, 59, NULL, 'Αθήνα', NULL, NULL);
INSERT INTO `synet_persons` VALUES (82, NULL, 'Ιωάννα', 'Μηλιαράκη', 1, 1, 0, 62, NULL, 'Αθήνα', NULL, NULL);
INSERT INTO `synet_persons` VALUES (83, 'Χρήστου', 'Ευαγγελία', 'Παπαδημητροπούλου-Λάιου', 1, 1, 0, 64, NULL, NULL, NULL, 'Απεβίωσε');
INSERT INTO `synet_persons` VALUES (84, 'Ανδρέου', 'Μαρία', 'Καπετανάκη', 1, 1, 0, 65, NULL, 'Ηράκλειο', NULL, NULL);
INSERT INTO `synet_persons` VALUES (85, 'Δημητρίου', 'Ιωάννης', 'Βασιλάκης', 1, 1, 0, 66, NULL, NULL, NULL, NULL);
INSERT INTO `synet_persons` VALUES (86, 'Ιωάννου', 'Εμμανουήλ', 'Κικάκης', 1, 1, 0, 68, NULL, 'Αθήνα', NULL, NULL);
INSERT INTO `synet_persons` VALUES (87, 'Ιωάννου', 'Ειρήνη', 'Πατιτάκη', 1, 1, 0, 69, NULL, NULL, NULL, 'Ρηνούλα');
INSERT INTO `synet_persons` VALUES (88, 'Εμμανουήλ', 'Ιωάννα', 'Τσαγκαράκη-Πετράκη', 1, 1, 0, 72, NULL, NULL, NULL, NULL);
INSERT INTO `synet_persons` VALUES (89, 'Χαρίδημου', 'Σοφία', 'Θεοδοσάκη-Στεφανάκη', 1, 1, 1, 73, NULL, NULL, NULL, NULL);
INSERT INTO `synet_persons` VALUES (90, 'Εμμανουήλ', 'Αικατερίνη', 'Κονδυλάκη-Κρασά', 1, 1, 0, 74, NULL, NULL, NULL, NULL);
INSERT INTO `synet_persons` VALUES (91, 'Εμμανουήλ', 'Μιχαήλ', 'Μπεκράκης', 1, 1, 0, 75, NULL, 'Αθήνα', NULL, NULL);
INSERT INTO `synet_persons` VALUES (92, 'Εμμανουήλ', 'Γεωργία', 'Κόσσυβα-Βραχνάκη', 1, 1, 0, 76, NULL, NULL, NULL, NULL);
INSERT INTO `synet_persons` VALUES (93, 'Ηλία', 'Ελένη', 'Κικάκη-Βασιλάκη', 1, 1, 0, 77, NULL, 'Αθήνα', NULL, NULL);
INSERT INTO `synet_persons` VALUES (94, 'Ελευθερίου', 'Γεώργιος', 'Βελημβασάκης', 1, 1, 0, 82, NULL, NULL, NULL, NULL);
INSERT INTO `synet_persons` VALUES (95, 'Γεωργίου', 'Βασίλειος', 'Πιτροπάκης', 1, 1, 1, 83, NULL, NULL, NULL, NULL);
INSERT INTO `synet_persons` VALUES (96, 'συζ.ΕμμανουήλτουΗλία', 'Άννα', 'Βασιλάκη', 1, 1, 0, 88, NULL, 'Αθήνα', NULL, NULL);
INSERT INTO `synet_persons` VALUES (97, 'Στυλιανού', 'Εμμανουήλ', 'Πατιτάκης', 1, 1, 0, 89, NULL, 'Αθήνα', NULL, NULL);
INSERT INTO `synet_persons` VALUES (98, 'Πέτρου', 'Χαράλαμπος', 'Παπαδημητρόπουλος', 1, 1, 0, 91, NULL, 'Ρέθυμνο', NULL, NULL);
INSERT INTO `synet_persons` VALUES (99, 'Ελευθερίου', 'Αναστασία', 'Φραγκάκη', 1, 1, 0, 95, NULL, 'Ηράκλειο', NULL, NULL);
INSERT INTO `synet_persons` VALUES (100, 'Γεωργίου', 'Σταύρος', 'Πιτροπάκης', 1, 1, 0, 96, NULL, 'Αθήνα', NULL, NULL);
INSERT INTO `synet_persons` VALUES (101, 'Γεωργίου', 'Μαρία', 'Πιτροπάκη', 1, 1, 0, 99, NULL, NULL, NULL, NULL);
INSERT INTO `synet_persons` VALUES (102, 'ΙωάννουκαιΣοφίας', 'Γεώργιος', 'Πιτροπάκης', 1, 1, 0, 101, NULL, NULL, NULL, NULL);
INSERT INTO `synet_persons` VALUES (103, '?Μιχαήλ', 'Εμμανουήλ', 'Κικάκης', 1, 1, 0, 105, NULL, NULL, NULL, NULL);
INSERT INTO `synet_persons` VALUES (104, 'Kaplan', 'Denis(Αντώνης)', 'Lleshi', 0, 1, 1, NULL, NULL, NULL, NULL, 'Βερβελάκης Γεώργιος');
INSERT INTO `synet_persons` VALUES (105, 'Εμμανουήλ', 'Ιωάννης', 'Βασιλάκης', 1, 1, 1, NULL, NULL, 'Αθήνα', NULL, NULL);
INSERT INTO `synet_persons` VALUES (106, 'Νικολάου', 'Αικατερίνη', 'Συγγελάκη', 0, 0, 1, NULL, NULL, NULL, NULL, NULL);
INSERT INTO `synet_persons` VALUES (107, 'Γεωργίου', 'Εμμανουήλ', 'Πιτροπάκης', 0, 1, 0, NULL, NULL, NULL, NULL, NULL);
INSERT INTO `synet_persons` VALUES (108, 'Γεωργίου', 'Δημήτριος', 'Στεφανάκης', 0, 0, 0, NULL, NULL, NULL, NULL, NULL);
INSERT INTO `synet_persons` VALUES (109, 'Εμμανουήλ', 'Ευαγγελία', 'Βερβελάκη', 0, 1, 1, NULL, NULL, 'Αθήνα', '6973806357', NULL);

-- Drop table if exists `synet_fields`
DROP TABLE IF EXISTS `synet_fields`;

-- Table structure for `synet_fields`
CREATE TABLE `synet_fields` (`id` INT NOT NULL, `field` varchar(20) DEFAULT NULL, `olivesNumber` INT, `customer_id` bigint NOT NULL) ENGINE=InnoDB DEFAULT CHARSET=utf8mb4 COLLATE=utf8mb4_unicode_ci;
INSERT INTO `synet_fields` VALUES (1, NULL, NULL, 1);
INSERT INTO `synet_fields` VALUES (2, NULL, NULL, 2);
INSERT INTO `synet_fields` VALUES (3, NULL, NULL, 3);
INSERT INTO `synet_fields` VALUES (4, NULL, NULL, 4);
INSERT INTO `synet_fields` VALUES (5, NULL, NULL, 5);
INSERT INTO `synet_fields` VALUES (6, NULL, NULL, 6);
INSERT INTO `synet_fields` VALUES (7, NULL, NULL, 7);
INSERT INTO `synet_fields` VALUES (8, NULL, NULL, 8);
INSERT INTO `synet_fields` VALUES (9, NULL, NULL, 9);
INSERT INTO `synet_fields` VALUES (10, NULL, NULL, 10);
INSERT INTO `synet_fields` VALUES (11, NULL, NULL, 11);
INSERT INTO `synet_fields` VALUES (12, NULL, NULL, 12);
INSERT INTO `synet_fields` VALUES (13, NULL, NULL, 13);
INSERT INTO `synet_fields` VALUES (14, NULL, NULL, 14);
INSERT INTO `synet_fields` VALUES (15, NULL, NULL, 15);
INSERT INTO `synet_fields` VALUES (16, NULL, NULL, 16);
INSERT INTO `synet_fields` VALUES (17, NULL, NULL, 17);
INSERT INTO `synet_fields` VALUES (18, 'Αργουλίδα', NULL, 6);
INSERT INTO `synet_fields` VALUES (19, 'Σπίθοι', 300, 1);
INSERT INTO `synet_fields` VALUES (20, 'Γριάς Πλάγια', 300, 8);
INSERT INTO `synet_fields` VALUES (21, 'Πετσοκόλι', 130, 18);
INSERT INTO `synet_fields` VALUES (22, 'Ηρώ', 350, 2);
INSERT INTO `synet_fields` VALUES (23, 'Σοφοκλή', 150, 19);
INSERT INTO `synet_fields` VALUES (24, 'Λούτρα', 100, 20);
INSERT INTO `synet_fields` VALUES (25, NULL, NULL, 21);
INSERT INTO `synet_fields` VALUES (26, NULL, NULL, 22);
INSERT INTO `synet_fields` VALUES (27, 'Κεφάλα', 160, 4);
INSERT INTO `synet_fields` VALUES (28, 'Σμαϊλη', NULL, 15);
INSERT INTO `synet_fields` VALUES (29, 'Κεφάλα-Κόρνια', 500, 23);
INSERT INTO `synet_fields` VALUES (30, 'Καμπιά', 400, 20);
INSERT INTO `synet_fields` VALUES (31, NULL, 100, 23);
INSERT INTO `synet_fields` VALUES (32, 'Κομάτα', 160, 16);
INSERT INTO `synet_fields` VALUES (33, 'Κουφωτός', 200, 8);
INSERT INTO `synet_fields` VALUES (34, 'Χαμετιανά', NULL, 15);
INSERT INTO `synet_fields` VALUES (35, 'Συνοικισμός', NULL, 20);
INSERT INTO `synet_fields` VALUES (36, 'Συνοικισμός', NULL, 21);
INSERT INTO `synet_fields` VALUES (37, NULL, 390, 3);
INSERT INTO `synet_fields` VALUES (38, 'Χατζ. Αργουλίδα', 100, 6);
INSERT INTO `synet_fields` VALUES (39, 'Κεφάλα', 300, 7);
INSERT INTO `synet_fields` VALUES (40, 'Αντωνία', NULL, 6);
INSERT INTO `synet_fields` VALUES (41, 'Συνοικισμός', 80, 24);
INSERT INTO `synet_fields` VALUES (42, 'Αργουλίδα', NULL, 10);
INSERT INTO `synet_fields` VALUES (43, 'Πετσοκόλι', NULL, 14);
INSERT INTO `synet_fields` VALUES (44, 'Κατσικαντάρι', NULL, 10);
INSERT INTO `synet_fields` VALUES (45, 'Τσιγαράς', NULL, 1);
INSERT INTO `synet_fields` VALUES (46, NULL, NULL, 23);
INSERT INTO `synet_fields` VALUES (47, NULL, NULL, 25);
INSERT INTO `synet_fields` VALUES (48, 'Περδικόσελο', NULL, 14);
INSERT INTO `synet_fields` VALUES (49, 'Περδικόσελο-Γεώτρηση', NULL, 14);
INSERT INTO `synet_fields` VALUES (50, 'Αμυγδαλές', NULL, 10);
INSERT INTO `synet_fields` VALUES (51, 'Λούτρα', NULL, 10);
INSERT INTO `synet_fields` VALUES (52, 'Χαμετιανά', NULL, 26);
INSERT INTO `synet_fields` VALUES (53, NULL, NULL, 27);
INSERT INTO `synet_fields` VALUES (54, NULL, NULL, 28);
INSERT INTO `synet_fields` VALUES (55, NULL, NULL, 20);
INSERT INTO `synet_fields` VALUES (56, NULL, NULL, 29);
INSERT INTO `synet_fields` VALUES (57, NULL, NULL, 30);
INSERT INTO `synet_fields` VALUES (58, NULL, NULL, 26);
INSERT INTO `synet_fields` VALUES (59, NULL, NULL, 19);
INSERT INTO `synet_fields` VALUES (60, NULL, NULL, 31);
INSERT INTO `synet_fields` VALUES (61, NULL, NULL, 32);
INSERT INTO `synet_fields` VALUES (62, NULL, NULL, 24);
INSERT INTO `synet_fields` VALUES (63, NULL, NULL, 33);
INSERT INTO `synet_fields` VALUES (64, NULL, NULL, 34);
INSERT INTO `synet_fields` VALUES (65, NULL, NULL, 35);
INSERT INTO `synet_fields` VALUES (66, NULL, NULL, 36);
INSERT INTO `synet_fields` VALUES (67, NULL, NULL, 37);
INSERT INTO `synet_fields` VALUES (68, NULL, NULL, 38);
INSERT INTO `synet_fields` VALUES (69, NULL, NULL, 39);
INSERT INTO `synet_fields` VALUES (70, NULL, NULL, 40);
INSERT INTO `synet_fields` VALUES (71, NULL, NULL, 41);
INSERT INTO `synet_fields` VALUES (72, NULL, NULL, 42);
INSERT INTO `synet_fields` VALUES (73, NULL, NULL, 43);
INSERT INTO `synet_fields` VALUES (74, NULL, NULL, 44);
INSERT INTO `synet_fields` VALUES (75, NULL, NULL, 45);
INSERT INTO `synet_fields` VALUES (76, NULL, NULL, 46);
INSERT INTO `synet_fields` VALUES (77, NULL, NULL, 47);
INSERT INTO `synet_fields` VALUES (78, NULL, NULL, 48);
INSERT INTO `synet_fields` VALUES (79, NULL, NULL, 49);
INSERT INTO `synet_fields` VALUES (80, NULL, NULL, 50);
INSERT INTO `synet_fields` VALUES (81, NULL, NULL, 51);
INSERT INTO `synet_fields` VALUES (82, NULL, NULL, 52);
INSERT INTO `synet_fields` VALUES (83, NULL, NULL, 53);

-- Drop table if exists `synet_watercons`
DROP TABLE IF EXISTS `synet_watercons`;

-- Table structure for `synet_watercons`
CREATE TABLE `synet_watercons` (`id` INT NOT NULL, `serialNumber` INT NOT NULL, `date` date NOT NULL, `finalIndication` INT NOT NULL, `initialIndication` INT NOT NULL, `intermediateIndication` INT, `cubicMeters` INT NOT NULL, `billableCubicMeters` INT, `hydronomistsCubicMeters` decimal DEFAULT NULL, `costPerMeter` decimal NOT NULL, `cost` decimal DEFAULT NULL, `hydronomistsRight` decimal DEFAULT NULL, `viberMsg` varchar(200) DEFAULT NULL, `notes` TEXT DEFAULT NULL, `counter_id` bigint NOT NULL, `field_id` bigint DEFAULT NULL, `receipt_id` bigint DEFAULT NULL, `customer_id` bigint NOT NULL) ENGINE=InnoDB DEFAULT CHARSET=utf8mb4 COLLATE=utf8mb4_unicode_ci;
INSERT INTO `synet_watercons` VALUES (1, 1, '2024-03-12', 516416, 516216, NULL, 200, 200, NULL, 0.3, 60, NULL, NULL, NULL, 1, 1, 3, 1);
INSERT INTO `synet_watercons` VALUES (2, 2, '2024-03-13', 516532, 516416, NULL, 116, 116, NULL, 0.3, 34.8, NULL, NULL, NULL, 1, 2, 4, 2);
INSERT INTO `synet_watercons` VALUES (3, 3, '2024-03-13', 516674, 516532, NULL, 142, 142, NULL, 0.3, 42.6, NULL, NULL, NULL, 1, 3, 5, 3);
INSERT INTO `synet_watercons` VALUES (4, 4, '2024-03-30', 516865, 516674, NULL, 191, 191, NULL, 0.3, 57.3, NULL, NULL, NULL, 1, 4, 11, 4);
INSERT INTO `synet_watercons` VALUES (5, 5, '2024-04-03', 517472, 516865, NULL, 607, 607, NULL, 0.3, 182.1, NULL, NULL, NULL, 1, 5, 1, 5);
INSERT INTO `synet_watercons` VALUES (6, 6, '2024-04-04', 517770, 517472, NULL, 298, 298, NULL, 0.3, 89.4, NULL, NULL, NULL, 1, 6, 6, 6);
INSERT INTO `synet_watercons` VALUES (7, 7, '2024-04-05', 517980, 517770, NULL, 210, 210, NULL, 0.3, 63, NULL, NULL, NULL, 1, 7, 7, 7);
INSERT INTO `synet_watercons` VALUES (8, 8, '2024-04-06', 518158, 517980, NULL, 178, 178, NULL, 0.3, 53.4, NULL, NULL, NULL, 1, 8, 8, 8);
INSERT INTO `synet_watercons` VALUES (9, 9, '2024-04-06', 518244, 518158, NULL, 86, 86, NULL, 0.3, 25.8, NULL, NULL, NULL, 1, 7, 9, 7);
INSERT INTO `synet_watercons` VALUES (10, 10, '2024-04-07', 998, 775, NULL, 223, 223, NULL, 0.3, 66.9, NULL, NULL, NULL, 2, 9, 10, 9);
INSERT INTO `synet_watercons` VALUES (11, 11, '2024-04-08', 518329, 518244, NULL, 85, 85, NULL, 0.3, 25.5, NULL, NULL, NULL, 1, 6, 12, 6);
INSERT INTO `synet_watercons` VALUES (12, 12, '2024-04-09', 518629, 518329, NULL, 300, 300, NULL, 0.3, 90, NULL, NULL, NULL, 1, 10, 13, 10);
INSERT INTO `synet_watercons` VALUES (13, 13, '2024-04-10', 518980, 518629, NULL, 351, 351, NULL, 0.3, 105.3, NULL, NULL, NULL, 1, 8, 14, 8);
INSERT INTO `synet_watercons` VALUES (14, 14, '2024-04-11', 519180, 518980, NULL, 200, 200, NULL, 0.3, 60, NULL, NULL, NULL, 1, 11, 15, 11);
INSERT INTO `synet_watercons` VALUES (15, 15, '2024-04-11', 519370, 519180, NULL, 190, 190, NULL, 0.3, 57, NULL, NULL, NULL, 1, 12, 16, 12);
INSERT INTO `synet_watercons` VALUES (16, 16, '2024-04-12', 16158, 16103, NULL, 55, 55, NULL, 0.3, 16.5, NULL, NULL, NULL, 3, 10, 17, 10);
INSERT INTO `synet_watercons` VALUES (17, 17, '2024-04-13', 519613, 519370, NULL, 243, 243, NULL, 0.3, 72.9, NULL, NULL, NULL, 1, 3, 18, 3);
INSERT INTO `synet_watercons` VALUES (18, 18, '2024-04-14', 519959, 519613, NULL, 346, 346, NULL, 0.3, 103.8, NULL, NULL, NULL, 1, 13, 19, 13);
INSERT INTO `synet_watercons` VALUES (19, 19, '2024-04-15', 520024, 519959, NULL, 65, 65, NULL, 0.3, 19.5, NULL, NULL, NULL, 1, 14, 20, 14);
INSERT INTO `synet_watercons` VALUES (20, 20, '2024-04-15', 520112, 520024, NULL, 88, 88, NULL, 0.3, 26.4, NULL, NULL, NULL, 1, 10, 21, 10);
INSERT INTO `synet_watercons` VALUES (21, 21, '2024-04-16', 520297, 520112, NULL, 185, 185, NULL, 0.3, 55.5, NULL, NULL, NULL, 1, 14, 22, 14);
INSERT INTO `synet_watercons` VALUES (22, 22, '2024-04-17', 520576, 520297, NULL, 279, 279, NULL, 0.3, 83.7, NULL, NULL, NULL, 1, 15, 23, 15);
INSERT INTO `synet_watercons` VALUES (23, 23, '2024-04-18', 520772, 520576, NULL, 196, 196, NULL, 0.3, 58.8, NULL, NULL, NULL, 1, 16, 24, 16);
INSERT INTO `synet_watercons` VALUES (24, 24, '2024-04-18', 520834, 520772, NULL, 62, 62, NULL, 0.3, 18.6, NULL, NULL, NULL, 1, 1, 25, 1);
INSERT INTO `synet_watercons` VALUES (25, 25, '2024-04-19', 520903, 520834, NULL, 69, 69, NULL, 0.3, 20.7, NULL, NULL, NULL, 1, 7, 26, 7);
INSERT INTO `synet_watercons` VALUES (26, 26, '2024-04-20', 521089, 520903, NULL, 186, 186, NULL, 0.3, 55.8, NULL, NULL, NULL, 1, 11, 27, 11);
INSERT INTO `synet_watercons` VALUES (27, 27, '2024-04-21', 521408, 521089, NULL, 319, 319, NULL, 0.3, 95.7, NULL, NULL, NULL, 1, 17, 28, 17);
INSERT INTO `synet_watercons` VALUES (28, 28, '2024-04-22', 521563, 521408, NULL, 155, 155, NULL, 0.3, 46.5, NULL, NULL, NULL, 1, 18, 29, 6);
INSERT INTO `synet_watercons` VALUES (29, 29, '2024-04-23', 521907, 521563, NULL, 344, 344, NULL, 0.3, 103.2, NULL, NULL, NULL, 1, 19, 30, 1);
INSERT INTO `synet_watercons` VALUES (30, 30, '2024-04-24', 522187, 521907, NULL, 280, 280, NULL, 0.3, 84, NULL, NULL, NULL, 1, 20, 31, 8);
INSERT INTO `synet_watercons` VALUES (31, 31, '2024-04-25', 522271, 522187, NULL, 84, 84, NULL, 0.3, 25.2, NULL, NULL, NULL, 1, 14, 32, 14);
INSERT INTO `synet_watercons` VALUES (32, 32, '2024-04-25', 522373, 522271, NULL, 102, 102, NULL, 0.3, 30.6, NULL, NULL, NULL, 1, 6, 33, 6);
INSERT INTO `synet_watercons` VALUES (33, 33, '2024-04-25', 522451, 522373, NULL, 78, 78, NULL, 0.3, 23.4, NULL, NULL, NULL, 1, 21, 34, 18);
INSERT INTO `synet_watercons` VALUES (34, 34, '2024-04-26', 522624, 522451, NULL, 173, 173, NULL, 0.3, 51.9, NULL, NULL, NULL, 1, 10, 35, 10);
INSERT INTO `synet_watercons` VALUES (35, 35, '2024-04-27', 522956, 522624, NULL, 332, 332, NULL, 0.3, 99.6, NULL, NULL, NULL, 1, 22, 36, 2);
INSERT INTO `synet_watercons` VALUES (36, 36, '2024-04-28', 523100, 522956, NULL, 144, 144, NULL, 0.3, 57.6, NULL, NULL, NULL, 1, 23, 37, 19);
INSERT INTO `synet_watercons` VALUES (37, 37, '2024-04-28', 523201, 523100, NULL, 101, 101, NULL, 0.3, 30.3, NULL, NULL, NULL, 1, 24, 38, 57);
INSERT INTO `synet_watercons` VALUES (38, 39, '2024-04-29', 523376, 523230, NULL, 146, 146, NULL, 0.3, 43.8, NULL, NULL, NULL, 1, 13, 39, 13);
INSERT INTO `synet_watercons` VALUES (39, 40, '2024-05-01', 523915, 523376, NULL, 539, 539, NULL, 0.3, 161.7, NULL, NULL, NULL, 1, 5, 2, 5);
INSERT INTO `synet_watercons` VALUES (40, 41, '2024-05-02', 1148, 998, NULL, 150, 150, NULL, 0.3, 45, NULL, NULL, NULL, 2, 25, 40, 21);
INSERT INTO `synet_watercons` VALUES (41, 42, '2024-05-03', 523964, 523915, NULL, 49, 49, NULL, 0.3, 14.7, NULL, NULL, NULL, 1, 26, 41, 22);
INSERT INTO `synet_watercons` VALUES (42, 43, '2024-05-04', 1373, 1148, NULL, 225, 225, NULL, 0.3, 67.5, NULL, NULL, NULL, 2, 9, 42, 9);
INSERT INTO `synet_watercons` VALUES (43, 44, '2024-05-06', 524119, 523964, NULL, 155, 155, NULL, 0.3, 46.5, NULL, NULL, NULL, 1, 27, 43, 4);
INSERT INTO `synet_watercons` VALUES (44, 45, '2024-05-07', 524440, 524119, NULL, 321, 321, NULL, 0.3, 96.3, NULL, NULL, NULL, 1, 28, 44, 15);
INSERT INTO `synet_watercons` VALUES (45, 46, '2024-05-08', 524895, 524440, NULL, 455, 455, NULL, 0.3, 136.5, NULL, NULL, NULL, 1, 29, 45, 23);
INSERT INTO `synet_watercons` VALUES (46, 47, '2024-05-09', 10141, 9936, NULL, 205, 205, NULL, 0.3, 82, NULL, NULL, NULL, 4, 30, 46, 57);
INSERT INTO `synet_watercons` VALUES (47, 48, '2024-05-09', 524993, 524895, NULL, 98, 98, NULL, 0.3, 29.4, NULL, NULL, NULL, 1, 31, 47, 23);
INSERT INTO `synet_watercons` VALUES (48, 49, '2024-05-10', 525096, 524993, NULL, 103, 103, NULL, 0.3, 30.9, NULL, NULL, NULL, 1, 32, 48, 16);
INSERT INTO `synet_watercons` VALUES (49, 50, '2024-05-11', 525340, 525096, NULL, 244, 244, NULL, 0.3, 73.2, NULL, NULL, NULL, 1, 18, 49, 6);
INSERT INTO `synet_watercons` VALUES (50, 51, '2024-05-12', 525561, 525340, NULL, 221, 221, NULL, 0.3, 66.3, NULL, NULL, NULL, 1, 33, 50, 8);
INSERT INTO `synet_watercons` VALUES (51, 52, '2024-05-13', 1422, 1373, NULL, 49, 49, NULL, 0.3, 14.7, NULL, NULL, NULL, 2, 34, 51, 15);
INSERT INTO `synet_watercons` VALUES (52, 53, '2024-05-13', 525640, 525561, NULL, 79, 79, NULL, 0.3, 23.7, NULL, NULL, NULL, 1, 35, 52, 20);
INSERT INTO `synet_watercons` VALUES (53, 54, '2024-05-13', 525727, 525640, NULL, 87, 87, NULL, 0.3, 26.1, NULL, NULL, NULL, 1, 36, 53, 21);
INSERT INTO `synet_watercons` VALUES (54, 56, '2024-05-14', 526086, 525981, NULL, 105, 105, NULL, 0.3, 31.5, NULL, NULL, NULL, 1, 37, 54, 3);
INSERT INTO `synet_watercons` VALUES (55, 57, '2024-05-14', 526111, 526086, NULL, 25, 25, NULL, 0.3, 7.5, NULL, NULL, NULL, 1, 38, 55, 6);
INSERT INTO `synet_watercons` VALUES (56, 58, '2024-05-15', 526432, 526111, NULL, 321, 321, NULL, 0.3, 96.3, NULL, NULL, NULL, 1, 39, 56, 7);
INSERT INTO `synet_watercons` VALUES (57, 59, '2024-05-16', 526655, 526432, NULL, 223, 223, NULL, 0.3, 66.9, NULL, NULL, NULL, 1, 40, 57, 6);
INSERT INTO `synet_watercons` VALUES (58, 60, '2024-05-17', 526792, 526655, NULL, 137, 137, NULL, 0.3, 41.1, NULL, NULL, NULL, 1, 35, 58, 20);
INSERT INTO `synet_watercons` VALUES (59, 61, '2024-05-18', 526867, 526792, NULL, 75, 75, NULL, 0.3, 30, NULL, NULL, NULL, 1, 41, 59, 24);
INSERT INTO `synet_watercons` VALUES (60, 62, '2024-05-19', 527191, 526867, NULL, 324, 324, NULL, 0.3, 97.2, NULL, NULL, NULL, 1, 42, 60, 10);
INSERT INTO `synet_watercons` VALUES (61, 63, '2024-05-20', 527259, 527191, NULL, 68, 68, NULL, 0.3, 20.4, NULL, NULL, NULL, 1, 43, 61, 14);
INSERT INTO `synet_watercons` VALUES (62, 64, '2024-05-20', 527342, 527259, NULL, 83, 83, NULL, 0.3, 24.9, NULL, NULL, NULL, 1, 44, 62, 10);
INSERT INTO `synet_watercons` VALUES (63, 65, '2024-05-21', 527572, 527342, NULL, 230, 230, NULL, 0.3, 69, NULL, NULL, NULL, 1, 1, 63, 1);
INSERT INTO `synet_watercons` VALUES (64, 66, '2024-05-21', 1505, 1422, NULL, 83, 83, NULL, 0.3, 24.9, NULL, NULL, NULL, 2, 45, 64, 1);
INSERT INTO `synet_watercons` VALUES (65, 67, '2024-05-22', 527913, 527572, NULL, 341, 341, NULL, 0.3, 102.3, NULL, NULL, NULL, 1, 46, 65, 23);
INSERT INTO `synet_watercons` VALUES (66, 68, '2024-05-23', 528008, 527913, NULL, 95, NULL, NULL, 0, NULL, NULL, NULL, NULL, 1, 47, 82, 25);
INSERT INTO `synet_watercons` VALUES (67, 69, '2024-05-23', 528110, 528008, NULL, 102, 55, NULL, 0.3, 16.5, NULL, NULL, NULL, 1, 48, 66, 14);
INSERT INTO `synet_watercons` VALUES (68, 70, '2024-05-24', 528210, 528110, NULL, 100, 110, NULL, 0.3, 33, NULL, NULL, NULL, 1, 49, 71, 14);
INSERT INTO `synet_watercons` VALUES (69, 71, '2024-05-24', 528269, 528210, NULL, 59, 59, NULL, 0.3, 17.7, NULL, NULL, NULL, 1, 50, 72, 10);
INSERT INTO `synet_watercons` VALUES (70, 72, '2024-05-25', 528277, 528269, NULL, 8, NULL, NULL, 0, NULL, NULL, NULL, NULL, 1, 47, 83, 25);
INSERT INTO `synet_watercons` VALUES (71, 73, '2024-05-25', 528760, 528277, NULL, 483, 483, NULL, 0.3, 144.9, NULL, NULL, NULL, 1, 13, 73, 13);
INSERT INTO `synet_watercons` VALUES (72, 74, '2024-05-26', 16245, 16158, NULL, 87, 87, NULL, 0.3, 26.1, NULL, NULL, NULL, 3, 51, 74, 10);
INSERT INTO `synet_watercons` VALUES (73, 75, '2024-05-27', 528951, 528760, NULL, 191, 191, NULL, 0.3, 57.3, NULL, NULL, NULL, 1, 52, 68, 26);
INSERT INTO `synet_watercons` VALUES (74, 76, '2024-05-28', 529212, 528951, NULL, 261, 261, NULL, 0.3, 78.3, NULL, NULL, NULL, 1, 2, 75, 2);
INSERT INTO `synet_watercons` VALUES (75, 77, '2024-05-28', 1557, 1505, NULL, 52, 52, NULL, 0.3, 15.6, NULL, NULL, NULL, 2, 2, 76, 2);
INSERT INTO `synet_watercons` VALUES (76, 78, '2024-05-29', 529847, 529212, NULL, 635, 635, NULL, 0.3, 190.5, NULL, NULL, NULL, 1, 5, 77, 5);
INSERT INTO `synet_watercons` VALUES (77, 79, '2024-05-30', 10322, 10172, NULL, 150, 150, NULL, 0.3, 60, NULL, NULL, NULL, 4, 53, 67, 27);
INSERT INTO `synet_watercons` VALUES (78, 80, '2024-06-01', 530189, 529847, 529847, 342, 342, 342, 0.3, 102.6, 17.1, NULL, NULL, 1, 17, 78, 17);
INSERT INTO `synet_watercons` VALUES (79, 81, '2024-06-02', 530320, 530189, 530189, 131, 131, 131, 0.3, 39.3, 6.55, NULL, NULL, 1, 54, 69, 28);
INSERT INTO `synet_watercons` VALUES (80, 82, '2024-06-03', 530567, 530320, 530320, 247, 247, 247, 0.3, 74.1, 12.35, NULL, NULL, 1, 55, 79, 20);
INSERT INTO `synet_watercons` VALUES (81, 83, '2024-06-04', 530708, 530567, 530567, 141, 141, 141, 0.3, 42.3, 7.05, NULL, NULL, 1, 56, 80, 29);
INSERT INTO `synet_watercons` VALUES (82, 84, '2024-06-05', 531013, 530708, 530708, 305, 305, 305, 0.3, 91.5, 15.25, NULL, NULL, 1, 57, 81, 30);
INSERT INTO `synet_watercons` VALUES (83, 85, '2024-06-06', 531350, 531013, 531013, 337, 337, 337, 0.3, 101.1, 16.85, NULL, NULL, 1, 11, 89, 11);
INSERT INTO `synet_watercons` VALUES (84, 86, '2024-06-07', 531410, 531350, 531350, 60, 60, 60, 0.3, 18, 3, NULL, NULL, 1, 26, 90, 22);
INSERT INTO `synet_watercons` VALUES (85, 87, '2024-06-07', 531659, 531410, 531410, 249, 249, 249, 0.3, 74.7, 12.45, NULL, NULL, 1, 6, 91, 6);
INSERT INTO `synet_watercons` VALUES (86, 88, '2024-06-08', 531901, 531659, 531659, 242, 242, 242, 0.3, 72.6, 12.1, NULL, NULL, 1, 58, 92, 26);
INSERT INTO `synet_watercons` VALUES (87, 89, '2024-06-09', 532060, 531901, 531901, 159, 159, 159, 0.3, 47.7, 7.95, NULL, NULL, 1, 4, 93, 4);
INSERT INTO `synet_watercons` VALUES (88, 90, '2024-06-09', 532194, 532060, 532060, 134, 134, 134, 0.3, 40.2, 6.7, NULL, NULL, 1, 1, 94, 1);
INSERT INTO `synet_watercons` VALUES (89, 91, '2024-06-10', 532401, 532194, 532194, 207, 207, 207, 0.3, 62.1, 10.35, NULL, NULL, 1, 16, 88, 16);
INSERT INTO `synet_watercons` VALUES (90, 92, '2024-06-11', 532613, 532401, 532401, 212, 212, 212, 0.3, 84.8, 10.6, NULL, NULL, 1, 59, 86, 19);
INSERT INTO `synet_watercons` VALUES (91, 93, '2024-06-12', 1727, 1557, 1557, 170, 170, 170, 0.3, 51, 8.5, NULL, NULL, 2, 9, 84, 9);
INSERT INTO `synet_watercons` VALUES (92, 94, '2024-06-13', 1970, 1727, 1727, 243, 243, 243, 0.3, 72.9, 12.15, NULL, NULL, 2, 25, 85, 21);
INSERT INTO `synet_watercons` VALUES (93, 95, '2024-06-13', 532939, 532613, 532613, 326, 326, 326, 0.3, 97.8, 16.3, NULL, NULL, 1, 7, 87, 7);
INSERT INTO `synet_watercons` VALUES (94, 96, '2024-06-14', 532999, 532939, 532939, 60, 60, 60, 0.3, 18, 3, '14/06/24 Ρεστιβάκη Γεωργία Παπαδημητρόπουλος Χαρίδημος 60 κυβικά 18€', NULL, 1, 55, 95, 20);
INSERT INTO `synet_watercons` VALUES (95, 97, '2024-06-14', 10435, 10322, 10322, 113, 113, 113, 0.3, 45.2, 5.65, '14/06/24 Ρεστιβάκη Γεωργία Παπαδημητρόπουλος Χαρίδημος 113 κυβικά 45,2€', NULL, 4, 55, 96, 20);
INSERT INTO `synet_watercons` VALUES (96, 98, '2024-06-15', 533336, 532999, 532999, 337, 337, 337, 0.3, 101.1, 16.85, '15/06/24 Παπαδημητροπούλου Καίτη 337 κυβικά 101,1€', NULL, 1, 15, 97, 15);
INSERT INTO `synet_watercons` VALUES (97, 99, '2024-06-16', 533505, 533336, 533336, 169, 169, 169, 0.3, 50.7, 8.45, '16/06/24 Γρυσμπολάκης Δημήτρης 169 κυβικά 50,7€', NULL, 1, 12, 98, 12);
INSERT INTO `synet_watercons` VALUES (98, 100, '2024-06-16', 533565, 533505, 533505, 60, 60, 60, 0.3, 18, 3, '16/06/24 Προεστάκη Γλυκερία 60 κυβικά 18€', NULL, 1, 25, 99, 21);
INSERT INTO `synet_watercons` VALUES (99, 101, '2024-06-17', 533726, 533565, 533565, 161, 161, 161, 0.3, 48.3, 8.05, '17/06/24 Μαρουλάκης Ιωάννης 161 κυβικά 48,3€', NULL, 1, 3, 100, 3);
INSERT INTO `synet_watercons` VALUES (100, 102, '2024-06-18', 534164, 533726, 533726, 438, 438, 438, 0.3, 131.4, 21.9, '18/06/24 Μαργαριτάκης Μανώλης 438 κυβικά 131,4€', NULL, 1, 46, 101, 23);
INSERT INTO `synet_watercons` VALUES (101, 103, '2024-06-19', 534291, 534164, 534164, 127, 127, 127, 0.3, 38.1, 6.35, '19/06/24 Ρεστιβάκη Γεωργία Παπαδημητρόπουλος Χαρίδημος 127 κυβικά 38,1€', NULL, 1, 55, 102, 20);
INSERT INTO `synet_watercons` VALUES (102, 104, '2024-06-20', 534625, 534291, 534291, 334, 334, 334, 0.3, 100.2, 16.7, '20/06/24 Βερβελάκης Μανώλης 334 κυβικά 100,2€', NULL, 1, 60, 103, 31);
INSERT INTO `synet_watercons` VALUES (103, 105, '2024-06-21', 534697, 534625, 534625, 72, 72, 72, 0.3, 21.6, 3.6, '21/06/24 Βερβελάκης Μανώλης 72 κυβικά 21,6€', NULL, 1, 60, 104, 31);
INSERT INTO `synet_watercons` VALUES (104, 106, '2024-06-21', 534771, 534697, 534697, 74, 74, 74, 0.3, 22.2, 3.7, '21/06/24 Μαρουλάκης Στέλιος 74 κυβικά 22,2€', NULL, 1, 14, 105, 14);
INSERT INTO `synet_watercons` VALUES (105, 107, '2024-06-22', 535022, 534771, 534771, 251, 251, 251, 0.3, 75.3, 12.55, '22/06/24 Russi Bilal ( Χρήστος) 251 κυβικά 75,3€', NULL, 1, 2, 106, 2);
INSERT INTO `synet_watercons` VALUES (106, 108, '2024-06-22', 2037, 1970, 1970, 67, 67, 67, 0.3, 20.1, 3.35, '22/06/24 Russi Bilal ( Χρήστος) 67 κυβικά 20,1€', NULL, 2, 2, 107, 2);
INSERT INTO `synet_watercons` VALUES (107, 109, '2024-06-19', 10564, 10435, 10435, 129, 129, 129, 0.3, 51.6, 6.45, '19/06/24 Ρεστιβάκη Γεωργία Παπαδημητρόπουλος Χαρίδημος 129 κυβικά 51,6€', NULL, 4, 55, 108, 20);
INSERT INTO `synet_watercons` VALUES (108, 110, '2024-06-23', 535225, 535022, 535022, 203, 203, 203, 0.3, 60.9, 10.15, '23/06/24 Russi Adem( Ανδρέας) 203 κυβικά 60,9€', NULL, 1, 1, 109, 1);
INSERT INTO `synet_watercons` VALUES (109, 111, '2024-06-23', 2134, 2037, 2037, 97, 97, 97, 0.3, 29.1, 4.85, '23/06/24 Russi Adem( Ανδρέας) 97 κυβικά 29,1€', NULL, 2, 1, 110, 1);
INSERT INTO `synet_watercons` VALUES (110, 112, '2024-06-24', 535297, 535225, 535225, 72, 72, 72, 0.3, 21.6, 3.6, '24/06/24 Ποντικάκης Μανώλης 72 κυβικά 21,6€', NULL, 1, 58, 111, 26);
INSERT INTO `synet_watercons` VALUES (111, 113, '2024-06-25', 535674, 535297, 535297, 377, 377, 377, 0.3, 113.1, 18.85, '25/06/24 Πατιτάκης Μανώλης 377 κυβικά 113,1€', NULL, 1, 8, 112, 8);
INSERT INTO `synet_watercons` VALUES (112, 114, '2024-06-27', 536357, 535674, 535674, 683, 683, 683, 0.3, 204.9, 34.15, '27/06/24 Βερβελάκης Γεώργιος 683 κυβικά 204,9€', NULL, 1, 5, 113, 5);
INSERT INTO `synet_watercons` VALUES (113, 115, '2024-06-04', 16281, 16245, 16245, 36, 36, 36, 0.3, 10.8, 1.8, '04/06/24 Μπρότσικας Κώστας 36 κυβικά 10,8€', NULL, 3, 61, 114, 32);
INSERT INTO `synet_watercons` VALUES (114, 116, '2024-06-24', 16354, 16281, 16281, 73, 73, 73, 0.3, 21.9, 3.65, '24/06/24 Βερβελάκης Μανώλης 73 κυβικά 21,9€', NULL, 3, 60, 115, 31);
INSERT INTO `synet_watercons` VALUES (115, 117, '2024-06-28', 536491, 536357, 536357, 134, 134, 134, 0.3, 40.2, 6.7, '28/06/24 Μαρουλάκης Στέλιος 134 κυβικά 40,2€', NULL, 1, 14, 117, 14);
INSERT INTO `synet_watercons` VALUES (116, 118, '2024-06-28', 536546, 536491, 536491, 55, 55, 55, 0.3, 16.5, 2.75, '28/06/24 Χατζοβασιλάκη Μαρία 55 κυβικά 16,5€', NULL, 1, 13, 116, 13);
INSERT INTO `synet_watercons` VALUES (117, 119, '2024-06-29', 536665, 536546, 536546, 119, 119, 119, 0.3, 35.7, 5.95, '29/06/24 Μαρουλάκης Στέλιος 119 κυβικά 35,7€', NULL, 1, 14, 118, 14);
INSERT INTO `synet_watercons` VALUES (118, 120, '2024-06-29', 536725, 536665, 536665, 60, 60, 60, 0.3, 18, 3, '29/06/24 Κικάκης Μιχ. τ. Ιωάννου 60 κυβικά 18€', NULL, 1, 7, 119, 7);
INSERT INTO `synet_watercons` VALUES (119, 121, '2024-06-30', 536863, 536725, 536725, 138, 138, 138, 0.3, 41.4, 6.9, '30/06/24 Κικάκης Μιχ. τ. Εμμ. 138 κυβικά 41,4€', NULL, 1, 54, 120, 28);
INSERT INTO `synet_watercons` VALUES (120, 122, '2024-07-01', 537213, 536863, 536863, 350, 350, 350, 0.3, 105, 17.5, '01/07/24 Ποντικάκης Μανώλης 350 κυβικά 105€', NULL, 1, 58, 122, 26);
INSERT INTO `synet_watercons` VALUES (121, 123, '2024-07-02', 537475, 537213, 537213, 262, 262, 262, 0.3, 78.6, 13.1, '02/07/24 Χατζοβασιλάκη Κατερίνα 262 κυβικά 78,6€', NULL, 1, 16, 123, 16);
INSERT INTO `synet_watercons` VALUES (122, 124, '2024-07-03', 537851, 537475, 537475, 376, 376, 376, 0.3, 112.8, 18.8, '03/07/24 Χατζοβασιλάκη Μαρία 376 κυβικά 112,8€', NULL, 1, 13, 124, 13);
INSERT INTO `synet_watercons` VALUES (123, 125, '2024-07-04', 538126, 537851, 537851, 275, 275, 275, 0.3, 82.5, 13.75, '04/07/24 Βαρδάκης Μανώλης Ματθαίου 275 κυβικά 82,5€', NULL, 1, 17, 125, 17);
INSERT INTO `synet_watercons` VALUES (124, 126, '2024-07-05', 538273, 538126, 538126, 147, 147, 147, 0.3, 44.1, 7.35, '05/07/24 Παπαδημητροπούλου Μαρία Θαλασσινός Γιώργος 147 κυβικά 44,1€', NULL, 1, 4, 126, 4);
INSERT INTO `synet_watercons` VALUES (125, 127, '2024-07-06', 538407, 538273, 538273, 134, 134, 134, 0.3, 40.2, 6.7, '06/07/24 Ρεστιβάκη Γεωργία Παπαδημητρόπουλος Χαρίδημος 134 κυβικά 40,2€', NULL, 1, 55, 127, 20);
INSERT INTO `synet_watercons` VALUES (126, 128, '2024-07-06', 10688, 10564, 10564, 124, 124, 124, 0.3, 49.6, 6.2, '06/07/24 Ρεστιβάκη Γεωργία Παπαδημητρόπουλος Χαρίδημος 124 κυβικά 49,6€', NULL, 4, 55, 128, 20);
INSERT INTO `synet_watercons` VALUES (127, 129, '2024-07-07', 538499, 538407, 538407, 92, 92, 92, 0.3, 36.8, 4.6, '07/07/24 Γρυνιεζάκης Δημήτρης 92 κυβικά 36,8€', NULL, 1, 62, 129, 24);
INSERT INTO `synet_watercons` VALUES (128, 130, '2024-07-07', 538531, 538499, 538499, 32, 32, 32, 0.3, 9.6, 1.6, '07/07/24 Παπαδημητρόπουλος Γεώργιος Άγγελου 32 κυβικά 9,6€', NULL, 1, 26, 130, 22);
INSERT INTO `synet_watercons` VALUES (129, 131, '2024-07-08', 538612, 538531, 538531, 81, 81, 81, 0.3, 24.3, 4.05, '08/07/24 Χατζοβασιλάκη Ηρώ 81 κυβικά 24,3€', NULL, 1, 63, 131, 33);
INSERT INTO `synet_watercons` VALUES (130, 132, '2024-07-09', 538775, 538612, 538612, 163, 163, 163, 0.3, 48.9, 8.15, '09/07/24 Κοκινάκης Θεοχάρης 163 κυβικά 48,9€', NULL, 1, 64, 133, 34);
INSERT INTO `synet_watercons` VALUES (131, 133, '2024-07-09', 10793, 10688, 10688, 105, 105, 105, 0.3, 42, 5.25, '09/07/24 Κοκινάκης Θεοχάρης 105 κυβικά 42€', NULL, 4, 64, 132, 34);
INSERT INTO `synet_watercons` VALUES (132, 134, '2024-07-10', 539098, 538775, 538775, 323, 323, 323, 0.3, 96.9, 16.15, '10/07/24 Πατιτάκη Γιάννα 323 κυβικά 96,9€', NULL, 1, 57, 134, 30);
INSERT INTO `synet_watercons` VALUES (133, 135, '2024-07-11', 539326, 539098, 539098, 228, 228, 228, 0.3, 68.4, 11.4, '11/07/24 Πιτροπάκης Γεώργιος Νικολάου 228 κυβικά 68,4€', NULL, 1, 65, 135, 35);
INSERT INTO `synet_watercons` VALUES (134, 136, '2024-07-13', 539653, 539326, 539326, 327, 327, 327, 0.3, 98.1, 16.35, '13/07/24 Ζώτος Σπύρος 327 κυβικά 98,1€', NULL, 1, 6, 136, 6);
INSERT INTO `synet_watercons` VALUES (135, 137, '2024-07-13', 539815, 539653, 539653, 162, 162, 162, 0.3, 48.6, 8.1, '13/07/24 Κικάκης Μιχ. τ. Εμμ. 162 κυβικά 48,6€', NULL, 1, 54, 137, 28);
INSERT INTO `synet_watercons` VALUES (136, 138, '2024-07-14', 2346, 2037, 2037, 309, 309, 309, 0.3, 92.7, 15.45, '14/07/24 Προεστάκη Γλυκερία 309 κυβικά 92,70€', NULL, 2, 25, 138, 21);
INSERT INTO `synet_watercons` VALUES (137, 139, '2024-07-15', 539900, 539815, 539815, 85, 85, 85, 0.3, 25.5, 4.25, '15/07/24 Ποντικάκης Μανώλης 85 κυβικά 25,50€', NULL, 1, 58, 139, 26);
INSERT INTO `synet_watercons` VALUES (138, 140, '2024-07-16', 540084, 539900, 539900, 184, 184, 184, 0.3, 55.2, 9.2, '16/07/24 Μαρουλάκης Ιωάννης 184 κυβικά 55,20€', NULL, 1, 3, 140, 3);
INSERT INTO `synet_watercons` VALUES (139, 141, '2024-07-16', 540194, 540084, 540084, 110, 110, 110, 0.3, 33, 5.5, '16/07/24 Russi Adem( Ανδρέας) 110 κυβικά 33,00€', NULL, 1, 1, 141, 1);
INSERT INTO `synet_watercons` VALUES (140, 142, '2024-07-17', 540496, 540194, 540194, 302, 302, 302, 0.3, 90.6, 15.1, '17/07/24 Τουλουπάκη Άννα 302 κυβικά 90,60€', NULL, 1, 11, 142, 11);
INSERT INTO `synet_watercons` VALUES (141, 143, '2024-07-18', 540783, 540496, 540496, 287, 287, 287, 0.3, 86.1, 14.35, '18/07/24 Russi Bilal ( Χρήστος) 287 κυβικά 86,10€', NULL, 1, 2, 143, 2);
INSERT INTO `synet_watercons` VALUES (142, 144, '2024-07-19', 540897, 540783, 540783, 114, 114, 114, 0.3, 34.2, 5.7, '19/07/24 Κακλαμάνος Ανδρέας 114 κυβικά 34,20€', NULL, 1, 66, 144, 36);
INSERT INTO `synet_watercons` VALUES (143, 145, '2024-07-20', 541167, 540897, 540897, 270, 270, 270, 0.3, 81, 13.5, '20/07/24 Παπαδημητροπούλου Καίτη 270 κυβικά 81,00€', NULL, 1, 15, 145, 15);
INSERT INTO `synet_watercons` VALUES (144, 146, '2024-07-21', 541429, 541167, 541167, 262, 262, 262, 0.3, 78.6, 13.1, '21/07/24 Κικάκης Μιχ. τ. Εμμ. 262 κυβικά 78,60€', NULL, 1, 54, 146, 28);
INSERT INTO `synet_watercons` VALUES (145, 147, '2024-07-22', 541550, 541429, 541429, 121, 121, 121, 0.3, 36.3, 6.05, '22/07/24 Παπαδημητροπούλου Μαρία Θαλασσινός Γιώργος 121 κυβικά 36,30€', NULL, 1, 4, 147, 4);
INSERT INTO `synet_watercons` VALUES (146, 148, '2024-07-23', 541838, 541550, 541550, 288, 288, 288, 0.3, 86.4, 14.4, '23/07/24 Βερβελάκης Μανώλης 288 κυβικά 86,40€', NULL, 1, 60, 148, 31);
INSERT INTO `synet_watercons` VALUES (147, 149, '2024-07-25', 542081, 541838, 541838, 243, 243, 243, 0.3, 72.9, 12.15, '25/07/24 Μαρουλάκης Στέλιος 243 κυβικά 72,90€', NULL, 1, 14, 149, 14);
INSERT INTO `synet_watercons` VALUES (148, 150, '2024-07-25', 542126, 542081, 542081, 45, 45, 45, 0.3, 13.5, 2.25, '25/07/24 Βερβελάκης Μανώλης 45 κυβικά 13,50€', NULL, 1, 60, 150, 31);
INSERT INTO `synet_watercons` VALUES (149, 151, '2024-07-25', 16396, 16354, 16354, 42, 42, 42, 0.3, 12.6, 2.1, '25/07/24 Αλεξάκης Μανώλης 42 κυβικά 12,60€', NULL, 3, 67, 151, 37);
INSERT INTO `synet_watercons` VALUES (150, 152, '2024-07-26', 16487, 16396, 16396, 91, 91, 91, 0.3, 27.3, 4.55, '26/07/24 Βερβελάκης Μανώλης 91 κυβικά 27,30€', NULL, 3, 60, 152, 31);
INSERT INTO `synet_watercons` VALUES (151, 153, '2024-07-25', 542179, 542126, 542126, 53, 53, 53, 0.3, 15.9, 2.65, '25/07/24 Προεστάκη Γλυκερία 53 κυβικά 15,90€', NULL, 1, 25, 153, 21);
INSERT INTO `synet_watercons` VALUES (152, 154, '2024-07-28', 542803, 542179, 542179, 624, 624, 624, 0.3, 187.2, 31.2, '28/07/24 Βερβελάκης Γεώργιος 624 κυβικά 187,20€', NULL, 1, 5, 154, 5);
INSERT INTO `synet_watercons` VALUES (153, 155, '2024-07-30', 10958, 10793, 10793, 165, 165, 165, 0.3, 66, 8.25, '30/07/24 Μπετεινάκης Κωστής 165 κυβικά 66,00€', NULL, 4, 68, 155, 38);
INSERT INTO `synet_watercons` VALUES (154, 156, '2024-07-31', 543141, 542803, 542803, 338, 338, 338, 0.3, 101.4, 16.9, '31/07/24 Russi Adem( Ανδρέας) 338 κυβικά 101,40€', NULL, 1, 1, 156, 1);
INSERT INTO `synet_watercons` VALUES (155, 157, '2024-08-01', 543358, 543141, 543141, 217, 217, 217, 0.3, 65.1, 10.85, '01/08/24 Χατζοβασιλάκη Κατερίνα 217 κυβικά 65,10€', NULL, 1, 16, 157, 16);
INSERT INTO `synet_watercons` VALUES (156, 158, '2024-08-02', 16520, 16487, 16487, 33, 33, 33, 0.3, 9.9, 1.65, '02/08/24 Κικάκης Μιχ. τ. Ιωάννου 33 κυβικά 9,90€', NULL, 3, 7, 158, 7);
INSERT INTO `synet_watercons` VALUES (157, 159, '2024-08-03', 543725, 543358, 543358, 367, 367, 367, 0.3, 110.1, 18.35, '03/08/24 Χατζοβασιλάκη Μαρία 367 κυβικά 110,10€', NULL, 1, 13, 159, 13);
INSERT INTO `synet_watercons` VALUES (158, 160, '2024-08-04', 544006, 543725, 543725, 281, 281, 281, 0.3, 84.3, 14.05, '04/08/24 Βαρδάκης Μανώλης Ματθαίου 281 κυβικά 84,30€', NULL, 1, 17, 160, 17);
INSERT INTO `synet_watercons` VALUES (159, 161, '2024-08-05', 544105, 544006, 544006, 99, 99, 99, 0.3, 29.7, 4.95, '05/08/24 Σηφάκη Μαρία 99 κυβικά 29,70€', NULL, 1, 69, 161, 39);
INSERT INTO `synet_watercons` VALUES (160, 162, '2024-08-06', 544173, 544105, 544105, 68, 68, 68, 0.3, 20.4, 3.4, '06/08/24 Ζώτος Σπύρος 68 κυβικά 20,40€', NULL, 1, 6, 162, 6);
INSERT INTO `synet_watercons` VALUES (161, 163, '2024-08-06', 544304, 544173, 544173, 131, 131, 131, 0.3, 52.4, 6.55, '06/08/24 Plakut Nikos 131 κυβικά 52,40€', NULL, 1, 59, 163, 19);
INSERT INTO `synet_watercons` VALUES (162, 164, '2024-08-06', 544334, 544304, 544304, 30, 30, 30, 0.3, 9, 1.5, '06/08/24 Παπαδημητρόπουλος Γεώργιος Άγγελου 30 κυβικά 9,00€', NULL, 1, 26, 164, 22);
INSERT INTO `synet_watercons` VALUES (163, 165, '2024-08-07', 544750, 544334, 544334, 416, 416, 416, 0.3, 124.8, 20.8, '07/08/24 Πατιτάκης Μανώλης 416 κυβικά 124,80€', NULL, 1, 8, 165, 8);
INSERT INTO `synet_watercons` VALUES (164, 166, '2024-08-08', 545124, 544750, 544750, 374, 374, 374, 0.3, 112.2, 18.7, '08/08/24 Ζώτος Σπύρος 374 κυβικά 112,20€', NULL, 1, 6, 166, 6);
INSERT INTO `synet_watercons` VALUES (165, 167, '2024-08-10', 2548, 2346, 2346, 202, 202, 202, 0.3, 60.6, 10.1, '10/08/24 Βασιλάκης Ιω. τ. Νικολάου 202 κυβικά 60,60€', NULL, 2, 9, 167, 9);
INSERT INTO `synet_watercons` VALUES (166, 168, '2024-08-11', 545415, 545124, 545124, 291, 291, 291, 0.3, 87.3, 14.55, '11/08/24 Μαργαριτάκης Μανώλης 291 κυβικά 87,30€', NULL, 1, 46, 168, 23);
INSERT INTO `synet_watercons` VALUES (167, 169, '2024-08-13', 545744, 545415, 545415, 329, 329, 329, 0.3, 98.7, 16.45, '13/08/24 Κικάκης Νικόλαος 329 κυβικά 98,70€', NULL, 1, 70, 169, 40);
INSERT INTO `synet_watercons` VALUES (168, 170, '2024-08-14', 545895, 545744, 545744, 151, 151, 151, 0.3, 45.3, 7.55, '14/08/24 Πιτροπάκης Γεώργιος Νικολάου 151 κυβικά 45,30€', NULL, 1, 65, 170, 35);
INSERT INTO `synet_watercons` VALUES (169, 171, '2024-08-15', 546055, 545895, 545895, 160, 160, 160, 0.3, 48, 8, '15/08/24 Παπαδημητρόπουλος Ιωάννης Νικολάου 160 κυβικά 48,00€', NULL, 1, 71, 171, 41);
INSERT INTO `synet_watercons` VALUES (170, 172, '2024-08-16', 546190, 546055, 546055, 135, 135, 135, 0.3, 40.5, 6.75, '16/08/24 Κακλαμάνος Ανδρέας 135 κυβικά 40,50€', NULL, 1, 66, 172, 36);
INSERT INTO `synet_watercons` VALUES (171, 173, '2024-08-17', 546473, 546190, 546190, 283, 283, 283, 0.3, 84.9, 14.15, '17/08/24 Κικάκης Μιχ. τ. Ιωάννου 283 κυβικά 84,90€', NULL, 1, 7, 173, 7);
INSERT INTO `synet_watercons` VALUES (172, 174, '2024-08-18', 546775, 546473, 546473, 302, 302, 302, 0.3, 90.6, 15.1, '18/08/24 Russi Bilal ( Χρήστος) 302 κυβικά 90,60€', NULL, 1, 2, 174, 2);
INSERT INTO `synet_watercons` VALUES (173, 175, '2024-08-20', 547069, 546775, 546775, 294, 294, 294, 0.3, 88.2, 14.7, '20/08/24 Russi Adem( Ανδρέας) 294 κυβικά 88,20€', NULL, 1, 1, 175, 1);
INSERT INTO `synet_watercons` VALUES (174, 176, '2024-08-21', 547239, 547069, 547069, 170, 170, 170, 0.3, 51, 8.5, '21/08/24 Μαρουλάκης Ιωάννης 170 κυβικά 51,00€', NULL, 1, 3, 176, 3);
INSERT INTO `synet_watercons` VALUES (175, 177, '2024-08-21', 547310, 547239, 547239, 71, 71, 71, 0.3, 21.3, 3.55, '21/08/24 Ποντικάκης Μανώλης 71 κυβικά 21,30€', NULL, 1, 58, 177, 26);
INSERT INTO `synet_watercons` VALUES (176, 178, '2024-08-22', 547547, 547310, 547310, 237, 237, 237, 0.3, 71.1, 11.85, '22/08/24 Τουλουπάκη Άννα 237 κυβικά 71,10€', NULL, 1, 11, 178, 11);
INSERT INTO `synet_watercons` VALUES (177, 179, '2024-08-23', 547625, 547547, 547547, 78, 78, 78, 0.3, 31.2, 3.9, 'Παρ 23/08/24 Γρυνιεζάκης Δημήτρης 78 κυβικά 31,20€', NULL, 1, 62, 179, 24);
INSERT INTO `synet_watercons` VALUES (178, 180, '2024-08-24', 547779, 547625, 547625, 154, 154, 154, 0.3, 46.2, 7.7, 'Σάβ 24/08/24 Παπαδημητροπούλου Μαρία Θαλασσινός Γιώργος 154 κυβικά 46,20€', NULL, 1, 4, 180, 4);
INSERT INTO `synet_watercons` VALUES (179, 181, '2024-08-24', 547893, 547779, 547779, 114, 114, 114, 0.3, 34.2, 5.7, 'Σάβ 24/08/24 Παπαδημητροπούλου Καίτη 114 κυβικά 34,20€', NULL, 1, 15, 181, 15);
INSERT INTO `synet_watercons` VALUES (180, 182, '2024-08-25', 548255, 547893, 547893, 362, 362, 362, 0.3, 108.6, 18.1, 'Κυρ 25/08/24 Βερβελάκης Γεώργιος 362 κυβικά 108,60€', NULL, 1, 5, 182, 5);
INSERT INTO `synet_watercons` VALUES (181, 183, '2024-08-26', 548314, 548255, 548255, 59, 59, 59, 0.3, 17.7, 2.95, 'Δευ 26/08/24 Βερβελάκης Μανώλης 59 κυβικά 17,70€', NULL, 1, 60, 183, 31);
INSERT INTO `synet_watercons` VALUES (182, 184, '2024-08-27', 548567, 548314, 548314, 253, 253, 253, 0.3, 75.9, 12.65, 'Τρί 27/08/24 Μαρουλάκης Στέλιος 253 κυβικά 75,90€', NULL, 1, 14, 184, 14);
INSERT INTO `synet_watercons` VALUES (183, 185, '2024-08-28', 2749, 2548, 2548, 201, 201, 201, 0.3, 60.3, 10.05, 'Τετ 28/08/24 Προεστάκη Γλυκερία 201 κυβικά 60,30€', NULL, 2, 25, 186, 21);
INSERT INTO `synet_watercons` VALUES (184, 186, '2024-08-29', 548918, 548567, 548567, 351, 351, 351, 0.3, 105.3, 17.55, 'Πέμ 29/08/24 Ποντικάκης Μανώλης 351 κυβικά 105,30€', NULL, 1, 58, 187, 26);
INSERT INTO `synet_watercons` VALUES (185, 187, '2024-08-29', 549013, 548918, 548918, 95, 95, 95, 0.3, 28.5, 4.75, 'Πέμ 29/08/24 Μαρουλάκης Στέλιος 95 κυβικά 28,50€', NULL, 1, 14, 185, 14);
INSERT INTO `synet_watercons` VALUES (186, 188, '2024-09-01', 549210, 549013, 549013, 197, 197, 197, 0.3, 59.1, 9.85, 'Κυρ 01/09/24 Ρεστιβάκη Γεωργία Παπαδημητρόπουλος Χαρίδημος 197 κυβικά 59,10€', NULL, 1, 55, 188, 20);
INSERT INTO `synet_watercons` VALUES (187, 189, '2024-09-01', 11206, 10958, 10958, 248, 248, 248, 0.3, 99.2, 12.4, 'Κυρ 01/09/24 Ρεστιβάκη Γεωργία Παπαδημητρόπουλος Χαρίδημος 248 κυβικά 99,20€', NULL, 4, 55, 189, 20);
INSERT INTO `synet_watercons` VALUES (188, 190, '2024-09-02', 549305, 549210, 549210, 95, 95, 95, 0.3, 28.5, 4.75, 'Δευ 02/09/24 Βερβελάκης Μανώλης 95 κυβικά 28,50€', NULL, 1, 60, 190, 31);
INSERT INTO `synet_watercons` VALUES (189, 191, '2024-09-02', 549481, 549305, 549305, 176, 176, 176, 0.3, 52.8, 8.8, 'Δευ 02/09/24 Ζώτος Σπύρος 176 κυβικά 52,80€', NULL, 1, 6, 192, 6);
INSERT INTO `synet_watercons` VALUES (190, 192, '2024-09-03', 549753, 549481, 549481, 272, 272, 272, 0.3, 81.6, 13.6, 'Τρί 03/09/24 Κικάκης Μιχ. τ. Εμμ. 272 κυβικά 81,60€', NULL, 1, 54, 191, 28);
INSERT INTO `synet_watercons` VALUES (191, 193, '2024-09-05', 550260, 549753, 549753, 507, 507, 507, 0.3, 152.1, 25.35, 'Πέμ 05/09/24 Βερβελάκης Γεώργιος 507 κυβικά 152,10€', NULL, 1, 5, 193, 5);
INSERT INTO `synet_watercons` VALUES (192, 194, '2024-09-06', 550377, 550260, 550260, 117, 117, 117, 0.3, 35.1, 5.85, 'Παρ 06/09/24 Κακλαμάνος Ανδρέας 117 κυβικά 35,10€', NULL, 1, 66, 194, 36);
INSERT INTO `synet_watercons` VALUES (193, 195, '2024-09-07', 550541, 550377, 550377, 164, 164, 164, 0.3, 49.2, 8.2, 'Σάβ 07/09/24 Βερβελάκης Μανώλης 164 κυβικά 49,20€', NULL, 1, 60, 195, 31);
INSERT INTO `synet_watercons` VALUES (194, 196, '2024-09-07', 16584, 16520, 16520, 64, 64, 64, 0.3, 19.2, 3.2, 'Σάβ 07/09/24 Βερβελάκης Μανώλης 64 κυβικά 19,20€', NULL, 3, 60, 196, 31);
INSERT INTO `synet_watercons` VALUES (195, 197, '2024-09-08', 550834, 550541, 550541, 293, 293, 293, 0.3, 87.9, 14.65, 'Κυρ 08/09/24 Βαρδάκης Μανώλης Ματθαίου 293 κυβικά 87,90€', NULL, 1, 17, 197, 17);
INSERT INTO `synet_watercons` VALUES (196, 198, '2024-09-10', 551077, 550834, 550834, 243, 243, 243, 0.3, 72.9, 12.15, 'Τρί 10/09/24 Χατζοβασιλάκη Μαρία 243 κυβικά 72,90€', NULL, 1, 13, 198, 13);
INSERT INTO `synet_watercons` VALUES (197, 199, '2024-09-12', 551596, 551077, 551077, 519, 519, 519, 0.3, 155.7, 25.95, 'Πέμ 12/09/24 Πατιτάκη Γιάννα 519 κυβικά 155,70€', NULL, 1, 57, 199, 30);
INSERT INTO `synet_watercons` VALUES (198, 200, '2024-09-13', 551745, 551596, 551596, 149, 149, 149, 0.3, 44.7, 7.45, 'Παρ 13/09/24 Ποντικάκης Μανώλης 149 κυβικά 44,70€', NULL, 1, 58, 200, 26);
INSERT INTO `synet_watercons` VALUES (199, 201, '2024-09-14', 2952, 2749, 2749, 203, 203, 203, 0.3, 60.9, 10.15, 'Σάβ 14/09/24 Βασιλάκης Ιω. τ. Νικολάου 203 κυβικά 60,90€', NULL, 2, 9, 201, 9);
INSERT INTO `synet_watercons` VALUES (200, 202, '2024-09-15', 551977, 551745, 551745, 232, 232, 232, 0.3, 69.6, 11.6, 'Κυρ 15/09/24 Μαργαριτάκης Μανώλης 232 κυβικά 69,60€', NULL, 1, 46, 202, 23);
INSERT INTO `synet_watercons` VALUES (201, 203, '2024-09-15', 11264, 11206, 11206, 58, 58, 58, 0.3, 23.2, 2.9, 'Κυρ 15/09/24 Μαργαριτάκης Μανώλης 58 κυβικά 23,20€', NULL, 4, 46, 203, 23);
INSERT INTO `synet_watercons` VALUES (202, 204, '2024-09-17', 552130, 551977, 551977, 153, 153, 153, 0.3, 45.9, 7.65, 'Τρί 17/09/24 Μαρουλάκης Ιωάννης 153 κυβικά 45,90€', NULL, 1, 3, 209, 3);
INSERT INTO `synet_watercons` VALUES (203, 205, '2024-09-18', 552363, 552130, 552130, 233, 233, 233, 0.3, 69.9, 11.65, 'Τετ 18/09/24 Ζώτος Σπύρος 233 κυβικά 69,90€', NULL, 1, 6, 210, 6);
INSERT INTO `synet_watercons` VALUES (204, 206, '2024-09-19', 552505, 552130, 552130, 375, 142, 142, 0.3, 42.6, 7.1, 'Πέμ 19/09/24 Russi Bilal ( Χρήστος) 375 κυβικά 112,50€', NULL, 1, 2, 204, 2);
INSERT INTO `synet_watercons` VALUES (205, 207, '2024-09-21', 3102, 2952, 2952, 150, 150, 150, 0.3, 45, 7.5, 'Σάβ 21/09/24 Προεστάκη Γλυκερία 150 κυβικά 45,00€', NULL, 2, 25, 205, 21);
INSERT INTO `synet_watercons` VALUES (206, 208, '2024-09-22', 552617, 552505, 552505, 112, 112, 112, 0.3, 33.6, 5.6, 'Κυρ 22/09/24 Παπαδημητροπούλου Μαρία Θαλασσινός Γιώργος 112 κυβικά 33,60€', NULL, 1, 4, 206, 4);
INSERT INTO `synet_watercons` VALUES (207, 209, '2024-09-24', 552782, 552617, 552617, 165, 165, 165, 0.3, 49.5, 8.25, 'Τρί 24/09/24 Κικάκης Μιχ. τ. Εμμ. 165 κυβικά 49,50€', NULL, 1, 54, 207, 28);
INSERT INTO `synet_watercons` VALUES (208, 210, '2024-09-25', 552942, 552782, 552782, 160, 160, 160, 0.3, 48, 8, 'Τετ 25/09/24 Χατζοβασιλάκη Δανάη 160 κυβικά 48,00€', NULL, 1, 56, 208, 29);
INSERT INTO `synet_watercons` VALUES (209, 211, '2024-09-26', 553126, 552942, 552942, 184, 166, 184, 0.3, 49.8, 8.3, 'Πέμ 26/09/24 Κικάκης Μιχ. τ. Ιωάννου 166 κυβικά 49,80€', NULL, 1, 7, 211, 7);
INSERT INTO `synet_watercons` VALUES (210, 212, '2024-09-28', 553221, 553126, 553126, 95, 140, 95, 0.3, 42, 7, 'Σάβ 28/09/24 Βερβελάκης Γεώργιος 140 κυβικά 42,00€', NULL, 1, 5, 212, 5);
INSERT INTO `synet_watercons` VALUES (211, 213, '2024-09-29', 553261, 553221, 553221, 40, 110, 40, 0.3, 33, 5.5, 'Κυρ 29/09/24 Russi Adem( Ανδρέας) 110 κυβικά 33,00€', NULL, 1, 1, 213, 1);
INSERT INTO `synet_watercons` VALUES (212, 214, '2024-10-01', 10, 0, 0, 10, 60, 10, 0.3, 18, 3, 'Τρί 01/10/24 Βερβελάκης Μανώλης 60 κυβικά 18,00€', NULL, 1, 60, 214, 31);
INSERT INTO `synet_watercons` VALUES (213, 215, '2024-10-02', 224, 10, 10, 214, 214, 214, 0.3, 64.2, 10.7, 'Τετ 02/10/24 Βερβελάκης Γεώργιος 214 κυβικά 64,20€', NULL, 1, 5, 215, 5);
INSERT INTO `synet_watercons` VALUES (214, 216, '2024-10-02', 267, 224, 224, 43, 43, 43, 0.3, 12.9, 2.15, 'Τετ 02/10/24 Βερβελάκης Μανώλης 43 κυβικά 12,90€', NULL, 1, 60, 217, 31);
INSERT INTO `synet_watercons` VALUES (215, 217, '2024-10-03', 458, 267, 267, 191, 191, 191, 0.3, 57.3, 9.55, 'Πέμ 03/10/24 Ποντικάκης Μανώλης 191 κυβικά 57,30€', NULL, 1, 58, 219, 26);
INSERT INTO `synet_watercons` VALUES (216, 218, '2024-10-05', 647, 458, 458, 189, 189, 189, 0.3, 56.7, 9.45, 'Σάβ 05/10/24 Βερβελάκης Μανώλης 189 κυβικά 56,70€', NULL, 1, 60, 216, 31);
INSERT INTO `synet_watercons` VALUES (217, 219, '2024-10-05', 16621, 16584, 16584, 37, 37, 37, 0.3, 11.1, 1.85, 'Σάβ 05/10/24 Βερβελάκης Μανώλης 37 κυβικά 11,10€', NULL, 3, 60, 218, 31);
INSERT INTO `synet_watercons` VALUES (218, 220, '2024-10-06', 914, 647, 647, 267, 267, 267, 0.3, 80.1, 13.35, 'Κυρ 06/10/24 Τουλουπάκη Άννα 267 κυβικά 80,10€', NULL, 1, 11, 220, 11);
INSERT INTO `synet_watercons` VALUES (219, 221, '2024-10-06', 950, 914, 914, 36, 36, 36, 0.3, 10.8, 1.8, 'Κυρ 06/10/24 Παπαδημητρόπουλος Γεώργιος Άγγελου 36 κυβικά 10,80€', NULL, 1, 26, 221, 22);
INSERT INTO `synet_watercons` VALUES (220, 222, '2024-10-07', 1088, 950, 950, 138, 138, 138, 0.3, 41.4, 6.9, 'Δευ 07/10/24 Ποντικάκης Μανώλης 138 κυβικά 41,40€', NULL, 1, 58, 222, 26);
INSERT INTO `synet_watercons` VALUES (221, 223, '2024-10-08', 1294, 1088, 1088, 206, 206, 206, 0.3, 61.8, 10.3, 'Τρί 08/10/24 Προεστάκη Γλυκερία 206 κυβικά 61,80€', NULL, 1, 25, 223, 21);
INSERT INTO `synet_watercons` VALUES (222, 224, '2024-10-08', 1387, 1294, 1294, 93, 93, 93, 0.3, 27.9, 4.65, 'Τρί 08/10/24 Russi Adem( Ανδρέας) 93 κυβικά 27,90€', NULL, 1, 1, 224, 1);
INSERT INTO `synet_watercons` VALUES (223, 225, '2024-10-09', 1690, 1387, 1387, 303, 303, 303, 0.3, 90.9, 15.15, 'Τετ 09/10/24 Μαρουλάκης Στέλιος 303 κυβικά 90,90€', NULL, 1, 14, 225, 14);
INSERT INTO `synet_watercons` VALUES (224, 226, '2024-10-10', 2050, 1690, 1690, 360, 360, 360, 0.3, 108, 18, 'Πέμ 10/10/24 Βαρδάκης Μανώλης Ματθαίου 360 κυβικά 108,00€', NULL, 1, 17, 226, 17);
INSERT INTO `synet_watercons` VALUES (225, 227, '2024-10-11', 2180, 2050, 2050, 130, 130, 130, 0.3, 39, 6.5, 'Παρ 11/10/24 Κακλαμάνος Ανδρέας 130 κυβικά 39,00€', NULL, 1, 66, 227, 36);
INSERT INTO `synet_watercons` VALUES (226, 228, '2024-10-12', 2443, 2180, 2180, 263, 263, 263, 0.3, 78.9, 13.15, 'Σάβ 12/10/24 Βερβελάκης Μανώλης 263 κυβικά 78,90€', NULL, 1, 60, 228, 31);
INSERT INTO `synet_watercons` VALUES (227, 229, '2024-10-12', 2566, 2443, 2443, 123, 123, 123, 0.3, 36.9, 6.15, 'Σάβ 12/10/24 Βερβελάκης Γεώργιος 123 κυβικά 36,90€', NULL, 1, 5, 229, 5);
INSERT INTO `synet_watercons` VALUES (228, 230, '2024-10-13', 2843, 2566, 2566, 277, 277, 277, 0.3, 83.1, 13.85, 'Κυρ 13/10/24 Κικάκης Μιχ. τ. Εμμ. 277 κυβικά 83,10€', NULL, 1, 54, 230, 28);
INSERT INTO `synet_watercons` VALUES (229, 231, '2024-10-14', 2983, 2843, 2843, 140, 140, 140, 0.3, 42, 7, 'Δευ 14/10/24 Ζώτος Σπύρος 140 κυβικά 42,00€', NULL, 1, 6, 231, 6);
INSERT INTO `synet_watercons` VALUES (230, 232, '2024-10-15', 11554, 11264, 11264, 290, 290, 290, 0.3, 116, 14.5, 'Τρί 15/10/24 Ρεστιβάκη Γεωργία Παπαδημητρόπουλος Χαρίδημος 290 κυβικά 116,00€', NULL, 4, 55, 232, 20);
INSERT INTO `synet_watercons` VALUES (231, 233, '2024-10-16', 3133, 2983, 2983, 150, 150, 150, 0.3, 45, 7.5, 'Τετ 16/10/24 Russi Adem( Ανδρέας) 150 κυβικά 45,00€', NULL, 1, 1, 233, 1);
INSERT INTO `synet_watercons` VALUES (232, 234, '2024-10-16', 3204, 3133, 3133, 71, 71, 71, 0.3, 21.3, 3.55, 'Τετ 16/10/24 Russi Bilal ( Χρήστος) 71 κυβικά 21,30€', NULL, 1, 2, 234, 2);
INSERT INTO `synet_watercons` VALUES (233, 235, '2024-10-16', 3301, 3204, 3204, 97, 97, 97, 0.3, 29.1, 4.85, 'Τετ 16/10/24 Μαργαριτάκης Μανώλης 97 κυβικά 29,10€', NULL, 1, 46, 235, 23);
INSERT INTO `synet_watercons` VALUES (234, 236, '2024-10-17', 3586, 3301, 3301, 285, 285, 285, 0.3, 85.5, 14.25, 'Πέμ 17/10/24 Ρεστιβάκη Γεωργία Παπαδημητρόπουλος Χαρίδημος 285 κυβικά 85,50€', NULL, 1, 55, 236, 20);
INSERT INTO `synet_watercons` VALUES (235, 237, '2024-10-18', 3781, 3586, 3586, 195, 195, 195, 0.3, 58.5, 9.75, 'Παρ 18/10/24 Μαρουλάκης Ιωάννης 195 κυβικά 58,50€', NULL, 1, 3, 237, 3);
INSERT INTO `synet_watercons` VALUES (236, 238, '2024-10-19', 4259, 3781, 3781, 478, 478, 478, 0.3, 143.4, 23.9, 'Σάβ 19/10/24 Πατιτάκης Μανώλης 478 κυβικά 143,40€', NULL, 1, 8, 238, 8);
INSERT INTO `synet_watercons` VALUES (237, 239, '2024-10-20', 4430, 4259, 4259, 171, 171, 171, 0.3, 51.3, 8.55, 'Κυρ 20/10/24 Παπαδημητροπούλου Μαρία Θαλασσινός Γιώργος 171 κυβικά 51,30€', NULL, 1, 4, 239, 4);
INSERT INTO `synet_watercons` VALUES (238, 240, '2024-10-20', 4580, 4430, 4430, 150, 150, 150, 0.3, 45, 7.5, 'Κυρ 20/10/24 Πατιτάκη Γιάννα 150 κυβικά 45,00€', NULL, 1, 57, 240, 30);
INSERT INTO `synet_watercons` VALUES (239, 241, '2024-10-21', 4690, 4580, 4580, 110, 110, 110, 0.3, 33, 5.5, 'Δευ 21/10/24 Ζώτος Σπύρος 110 κυβικά 33,00€', NULL, 1, 6, 241, 6);
INSERT INTO `synet_watercons` VALUES (240, 242, '2024-10-22', 4924, 4690, 4690, 234, 234, 234, 0.3, 70.2, 11.7, 'Τρί 22/10/24 Ποντικάκης Μανώλης 234 κυβικά 70,20€', NULL, 1, 58, 242, 26);
INSERT INTO `synet_watercons` VALUES (241, 243, '2024-10-22', 5092, 4924, 4924, 168, 168, 168, 0.3, 50.4, 8.4, 'Τρί 22/10/24 Ζώτος Σπύρος 168 κυβικά 50,40€', NULL, 1, 6, 243, 6);
INSERT INTO `synet_watercons` VALUES (242, 244, '2024-10-23', 5463, 5092, 5092, 371, 371, 371, 0.3, 111.3, 18.55, 'Τετ 23/10/24 Παπαδημητροπούλου Μαρία Νικηφόρου 371 κυβικά 111,30€', NULL, 1, 72, 244, 42);
INSERT INTO `synet_watercons` VALUES (243, 245, '2024-10-24', 5813, 5463, 5463, 350, 350, 350, 0.3, 105, 17.5, 'Πέμ 24/10/24 Βαρδάκης Μανώλης Ματθαίου 350 κυβικά 105,00€', NULL, 1, 17, 245, 17);
INSERT INTO `synet_watercons` VALUES (244, 246, '2024-10-25', 3228, 3102, 3102, 126, 126, 126, 0.3, 37.8, 6.3, 'Παρ 25/10/24 Προεστάκη Γλυκερία 126 κυβικά 37,80€', NULL, 2, 25, 246, 21);
INSERT INTO `synet_watercons` VALUES (245, 247, '2024-10-26', 6143, 5813, 5813, 330, 330, 330, 0.3, 99, 16.5, 'Σάβ 26/10/24 Βερβελάκης Γεώργιος 330 κυβικά 99,00€', NULL, 1, 5, 247, 5);
INSERT INTO `synet_watercons` VALUES (246, 248, '2024-10-27', 6415, 6143, 6143, 272, 272, 272, 0.3, 81.6, 13.6, 'Κυρ 27/10/24 Κικάκης Μιχ. τ. Εμμ. 272 κυβικά 81,60€', NULL, 1, 54, 248, 28);
INSERT INTO `synet_watercons` VALUES (247, 249, '2024-10-27', 6538, 6415, 6415, 123, 123, 123, 0.3, 49.2, 6.15, 'Κυρ 27/10/24 Plakut Nikos 123 κυβικά 49,20€', NULL, 1, 59, 249, 19);
INSERT INTO `synet_watercons` VALUES (248, 250, '2024-10-29', 6733, 6538, 6538, 195, 195, 195, 0.3, 58.5, 9.75, 'Τρί 29/10/24 Χατζοβασιλάκη Δανάη 195 κυβικά 58,50€', NULL, 1, 56, 250, 29);
INSERT INTO `synet_watercons` VALUES (249, 251, '2024-10-30', 7093, 6733, 6733, 360, 360, 360, 0.3, 108, 18, 'Τετ 30/10/24 Russi Bilal ( Χρήστος) 360 κυβικά 108,00€', NULL, 1, 2, 251, 2);
INSERT INTO `synet_watercons` VALUES (250, 252, '2024-10-31', 3392, 3228, 3228, 164, 164, 164, 0.3, 49.2, 8.2, 'Πέμ 31/10/24 Βασιλάκης Ιω. τ. Νικολάου 164 κυβικά 49,20€', NULL, 2, 9, 252, 9);
INSERT INTO `synet_watercons` VALUES (251, 253, '2024-11-02', 3482, 3392, 3392, 90, 90, 90, 0.3, 27, 4.5, 'Σάβ 02/11/24 Βερβελάκης Γεώργιος 90 κυβικά 27,00€', NULL, 2, 5, 253, 5);
INSERT INTO `synet_watercons` VALUES (252, 254, '2024-11-02', 7389, 7093, 7093, 296, 296, 296, 0.3, 88.8, 14.8, 'Σάβ 02/11/24 Βερβελάκης Γεώργιος 296 κυβικά 88,80€', NULL, 1, 5, 254, 5);
INSERT INTO `synet_watercons` VALUES (253, 255, '2024-11-03', 11833, 11554, 11554, 279, 279, 279, 0.3, 111.6, 13.95, 'Κυρ 03/11/24 Ρεστιβάκη Γεωργία Παπαδημητρόπουλος Χαρίδημος 279 κυβικά 111,60€', NULL, 4, 55, 255, 20);
INSERT INTO `synet_watercons` VALUES (254, 256, '2024-11-04', 16697, 16621, 16621, 76, 76, 76, 0.3, 22.8, 3.8, 'Δευ 04/11/24 Βερβελάκης Μανώλης 76 κυβικά 22,80€', NULL, 3, 60, 256, 31);
INSERT INTO `synet_watercons` VALUES (255, 257, '2024-11-05', 7657, 7389, 7389, 268, 268, 268, 0.3, 80.4, 13.4, 'Τρί 05/11/24 Ποντικάκης Μανώλης 268 κυβικά 80,40€', NULL, 1, 58, 257, 26);
INSERT INTO `synet_watercons` VALUES (256, 258, '2024-11-06', 7912, 7657, 7657, 255, 255, 255, 0.3, 76.5, 12.75, 'Τετ 06/11/24 Τουλουπάκη Άννα 255 κυβικά 76,50€', NULL, 1, 11, 258, 11);
INSERT INTO `synet_watercons` VALUES (257, 259, '2024-11-07', 11977, 11833, 11833, 144, 144, 144, 0.3, 57.6, 7.2, 'Πέμ 07/11/24 Ρεστιβάκη Γεωργία Παπαδημητρόπουλος Χαρίδημος 144 κυβικά 57,60€', NULL, 4, 55, 259, 20);
INSERT INTO `synet_watercons` VALUES (258, 260, '2024-11-07', 8040, 7912, 7912, 128, 128, 128, 0.3, 38.4, 6.4, 'Πέμ 07/11/24 Ρεστιβάκη Γεωργία Παπαδημητρόπουλος Χαρίδημος 128 κυβικά 38,40€', NULL, 1, 55, 260, 20);
INSERT INTO `synet_watercons` VALUES (259, 261, '2024-11-08', 8175, 8040, 8040, 135, 135, 135, 0.3, 40.5, 6.75, 'Παρ 08/11/24 Ζώτος Σπύρος 135 κυβικά 40,50€', NULL, 1, 6, 261, 6);
INSERT INTO `synet_watercons` VALUES (260, 262, '2024-11-09', 8310, 8175, 8175, 135, 135, 135, 0.3, 40.5, 6.75, 'Σάβ 09/11/24 Προεστάκη Γλυκερία 135 κυβικά 40,50€', NULL, 1, 25, 262, 21);
INSERT INTO `synet_watercons` VALUES (261, 263, '2024-11-10', 8620, 8310, 8310, 310, 310, 310, 0.3, 93, 15.5, 'Κυρ 10/11/24 Βερβελάκης Μανώλης 310 κυβικά 93,00€', NULL, 1, 60, 263, 31);
INSERT INTO `synet_watercons` VALUES (262, 264, '2024-11-12', 8840, 8620, 8620, 220, 220, 220, 0.3, 66, 11, 'Τρί 12/11/24 Κικάκης Μιχ. τ. Εμμ. 220 κυβικά 66,00€', NULL, 1, 54, 264, 28);
INSERT INTO `synet_watercons` VALUES (263, 265, '2024-11-13', 9167, 8840, 8840, 327, 327, 327, 0.3, 98.1, 16.35, 'Τετ 13/11/24 Παπαδημητροπούλου Μαρία Νικηφόρου 327 κυβικά 98,10€', NULL, 1, 72, 265, 42);
INSERT INTO `synet_watercons` VALUES (264, 266, '2024-11-14', 9373, 9167, 9167, 206, 206, 206, 0.3, 61.8, 10.3, 'Πέμ 14/11/24 Μαργαριτάκης Μανώλης 206 κυβικά 61,80€', NULL, 1, 46, 266, 23);
INSERT INTO `synet_watercons` VALUES (265, 267, '2024-11-14', 12059, 11977, 11977, 82, 82, 82, 0.3, 32.8, 4.1, 'Πέμ 14/11/24 Μαργαριτάκης Μανώλης 82 κυβικά 32,80€', NULL, 4, 46, 267, 23);
INSERT INTO `synet_watercons` VALUES (266, 268, '2024-11-15', 16741, 16697, 16697, 44, 44, 44, 0.3, 13.2, 2.2, 'Παρ 15/11/24 Αλεξάκης Μανώλης 44 κυβικά 13,20€', NULL, 3, 67, 268, 37);
INSERT INTO `synet_watercons` VALUES (267, 269, '2024-11-16', 9485, 9373, 9373, 112, 112, 112, 0.3, 33.6, 5.6, 'Σάβ 16/11/24 Παπαδημητροπούλου Μαρία Θαλασσινός Γιώργος 112 κυβικά 33,60€', NULL, 1, 4, 269, 4);
INSERT INTO `synet_watercons` VALUES (268, 270, '2024-11-17', 9618, 9485, 9485, 133, 133, 133, 0.3, 39.9, 6.65, 'Κυρ 17/11/24 Ρεστιβάκη Γεωργία Παπαδημητρόπουλος Χαρίδημος 133 κυβικά 39,90€', NULL, 1, 55, 270, 20);
INSERT INTO `synet_watercons` VALUES (269, 271, '2024-11-17', 12159, 12059, 12059, 100, 100, 100, 0.3, 40, 5, 'Κυρ 17/11/24 Ρεστιβάκη Γεωργία Παπαδημητρόπουλος Χαρίδημος 100 κυβικά 40,00€', NULL, 4, 55, 271, 20);
INSERT INTO `synet_watercons` VALUES (270, 272, '2024-11-19', 9883, 9618, 9618, 265, 265, 265, 0.3, 79.5, 13.25, 'Τρί 19/11/24 Μαρουλάκης Στέλιος 265 κυβικά 79,50€', NULL, 1, 14, 272, 14);
INSERT INTO `synet_watercons` VALUES (271, 273, '2024-11-20', 12277, 12159, 12159, 118, 118, 118, 0.3, 47.2, 5.9, 'Τετ 20/11/24 Ρεστιβάκη Γεωργία Παπαδημητρόπουλος Χαρίδημος 118 κυβικά 47,20€', NULL, 4, 55, 273, 20);
INSERT INTO `synet_watercons` VALUES (272, 274, '2024-11-20', 10044, 9883, 9883, 161, 161, 161, 0.3, 48.3, 8.05, 'Τετ 20/11/24 Ρεστιβάκη Γεωργία Παπαδημητρόπουλος Χαρίδημος Μετρητής: Κεντρικό  10044-9883=161 κυβικά 48,30€', NULL, 1, 55, 274, 20);
INSERT INTO `synet_watercons` VALUES (273, 275, '2024-11-21', 10129, 10044, 10044, 85, 85, 85, 0.3, 25.5, 4.25, 'Πέμ 21/11/24 Μαρουλάκης Ιωάννης Μετρητής: Κεντρικό  10129-10044=85 κυβικά 25,50€', NULL, 1, 3, 275, 3);
INSERT INTO `synet_watercons` VALUES (274, 276, '2024-12-01', 3779, 3482, 3482, 297, 297, 297, 0.3, 89.1, 14.85, 'Κυρ 01/12/24 Παπαδημητροπούλου Μαρία Νικηφόρου Μετρητής: Γέφυρα  3779-3482=297 κυβικά 89,10€', NULL, 2, 72, 276, 42);
INSERT INTO `synet_watercons` VALUES (275, 277, '2024-12-06', 19769, 19268, 19387, 501, 501, 382, 0.3, 150.3, 19.1, 'Παρ 06/12/24 Βερβελάκη Άννα Μετρητής: Παπ1 004229ca/99 19769-19268=501 κυβικά 150,30€', NULL, 5, 10, 300, 10);
INSERT INTO `synet_watercons` VALUES (276, 278, '2024-12-06', 2558, 2274, 2369, 284, 284, 189, 0.3, 85.2, 9.45, 'Παρ 06/12/24 Βερβελάκης Γεώργιος Μετρητής: Μηλ8 FD001619-07 2558-2274=284 κυβικά 85,20€', NULL, 6, 5, 301, 5);
INSERT INTO `synet_watercons` VALUES (277, 279, '2024-12-06', 1312, 1023, 1173, 289, 289, 139, 0.3, 86.7, 6.95, 'Παρ 06/12/24 Γρυσμπολάκης Δημήτρης Μετρητής: Γεφ15 Fd001444-05 1312-1023=289 κυβικά 86,70€', NULL, 7, 12, 303, 12);
INSERT INTO `synet_watercons` VALUES (278, 280, '2024-12-06', 229, 0, 0, 229, 229, 229, 0.3, 68.7, 11.45, 'Παρ 06/12/24 Ζώτος Σπύρος Μετρητής: Δεξ1Β 004242CA/99 229-0=229 κυβικά 68,70€', NULL, 8, 6, 304, 6);
INSERT INTO `synet_watercons` VALUES (279, 281, '2024-12-06', 929, 847, 848, 82, 82, 81, 0.3, 24.6, 4.05, 'Παρ 06/12/24 Ζώτος Σπύρος Μετρητής: Δεξ3 1532010239 929-847=82 κυβικά 24,60€', NULL, 9, 6, 305, 6);
INSERT INTO `synet_watercons` VALUES (280, 282, '2024-12-06', 651, 138, 263, 513, 513, 388, 0.3, 153.9, 19.4, 'Παρ 06/12/24 Ζώτος Σπύρος Μετρητής: Μηλ1 005303CA/99 651-138=513 κυβικά 153,90€', NULL, 10, 6, 306, 6);
INSERT INTO `synet_watercons` VALUES (281, 283, '2024-12-06', 6842, 6420, 6500, 422, 422, 342, 0.3, 126.6, 17.1, 'Παρ 06/12/24 Κικάκης Μιχ. τ. Εμμ. Μετρητής: Γεφ20 004308ca/99 6842-6420=422 κυβικά 126,60€', NULL, 11, 54, 307, 28);
INSERT INTO `synet_watercons` VALUES (282, 284, '2024-12-06', 212, 0, 38, 212, 212, 174, 0.3, 84.8, 8.7, 'Παρ 06/12/24 Μαργαριτάκη Κατινούλα Μετρητής: Μηλ2 006599CA/98 212-0=212 κυβικά 84,80€', NULL, 12, 73, 308, 43);
INSERT INTO `synet_watercons` VALUES (283, 285, '2024-12-06', 1300, 1267, 1267, 33, 33, 33, 0.3, 9.9, 1.65, 'Παρ 06/12/24 Μαργαριτάκης Μανώλης Μετρητής: Δεξ1 2032010305 1300-1267=33 κυβικά 9,90€', NULL, 13, 46, 309, 23);
INSERT INTO `synet_watercons` VALUES (284, 286, '2024-12-06', 2172, 2022, 2074, 150, 150, 98, 0.3, 45, 4.9, 'Παρ 06/12/24 Μαρουλάκης Ιωάννης Μετρητής: Γεφ2 924803 2172-2022=150 κυβικά 45,00€', NULL, 14, 3, 310, 3);
INSERT INTO `synet_watercons` VALUES (285, 287, '2024-12-06', 1806, 1528, 1566, 278, 278, 240, 0.3, 83.4, 12, 'Παρ 06/12/24 Μαρουλάκης Νικήτας Μετρητής: Μηλ7 1933003191 1806-1528=278 κυβικά 83,40€', NULL, 15, 74, 311, 44);
INSERT INTO `synet_watercons` VALUES (286, 288, '2024-12-06', 8747, 8735, 8735, 12, 12, 12, 0.3, 3.6, 0.6, 'Παρ 06/12/24 Μαρουλάκης Νικήτας Μετρητής: Τσ4 FC003280-08 8747-8735=12 κυβικά 3,60€', NULL, 16, 74, 312, 44);
INSERT INTO `synet_watercons` VALUES (287, 289, '2024-12-06', 424, 391, 395, 33, 33, 29, 0.3, 9.9, 1.45, 'Παρ 06/12/24 Μαρουλάκης Στέλιος Μετρητής: Γεφ12 004306ca/99 424-391=33 κυβικά 9,90€', NULL, 17, 14, 313, 14);
INSERT INTO `synet_watercons` VALUES (288, 290, '2024-12-06', 1765, 1553, 1577, 212, 212, 188, 0.3, 63.6, 9.4, 'Παρ 06/12/24 Μπετεινάκης Κωστής Μετρητής: Δεξ4Α FC000794-06 1765-1553=212 κυβικά 63,60€', NULL, 18, 68, 314, 38);
INSERT INTO `synet_watercons` VALUES (289, 291, '2024-12-06', 3348, 3250, 3250, 98, 98, 98, 0.3, 29.4, 4.9, 'Παρ 06/12/24 Μπρότσικας Κώστας Μετρητής: Τσ16 536096 3348-3250=98 κυβικά 29,40€', NULL, 19, 61, 315, 32);
INSERT INTO `synet_watercons` VALUES (290, 292, '2024-12-06', 759, 544, 584, 215, 215, 175, 0.3, 64.5, 8.75, 'Παρ 06/12/24 Παπαδημητρόπουλος Μάνθος Μετρητής: Δεξ1Α 7082411 759-544=215 κυβικά 64,50€', NULL, 20, 75, 316, 45);
INSERT INTO `synet_watercons` VALUES (291, 293, '2024-12-06', 9404, 9128, 9128, 276, 276, 276, 0.3, 82.8, 13.8, 'Παρ 06/12/24 Παπαδημητροπούλου Καίτη Μετρητής: Τσ1 004135CA/99 9404-9128=276 κυβικά 82,80€', NULL, 21, 15, 317, 15);
INSERT INTO `synet_watercons` VALUES (292, 294, '2024-12-06', 791, 697, 713, 94, 94, 78, 0.3, 28.2, 3.9, 'Παρ 06/12/24 Παπαδημητροπούλου Κιούση Ερωφίλη Μετρητής: Δεξ4 1532007166 791-697=94 κυβικά 28,20€', NULL, 22, 76, 318, 46);
INSERT INTO `synet_watercons` VALUES (293, 295, '2024-12-06', 5045, 5040, 5040, 5, 5, 5, 0.3, 1.5, 0.25, 'Παρ 06/12/24 Παπαδημητροπούλου Μαρία Θαλασσινός Γιώργος Μετρητής: Γεφ18 1295-2-528 5045-5040=5 κυβικά 1,50€', NULL, 23, 4, 319, 4);
INSERT INTO `synet_watercons` VALUES (294, 296, '2024-12-06', 340, 305, 317, 35, 35, 23, 0.4, 14, 1.15, 'Παρ 06/12/24 Πατεραντωνάκη Ευαγγελία Μετρητής: Μηλ9 1832012272παλιόνέο 340-305=35 κυβικά 14,00€', NULL, 24, 77, 320, 47);
INSERT INTO `synet_watercons` VALUES (295, 297, '2024-12-06', 668, 529, 589, 139, 139, 79, 0.3, 55.6, 3.95, 'Παρ 06/12/24 Πατεραντωνάκη Μαρία Μετρητής: Μηλ3 16 025968 668-529=139 κυβικά 55,60€', NULL, 25, 78, 321, 48);
INSERT INTO `synet_watercons` VALUES (296, 298, '2024-12-06', 890, 692, 692, 198, 198, 198, 0.3, 59.4, 9.9, 'Παρ 06/12/24 Πατιτάκης Γεώργιος Δημητρίου Μετρητής: Τσ12 090559BA/95 890-692=198 κυβικά 59,40€', NULL, 26, 79, 322, 49);
INSERT INTO `synet_watercons` VALUES (297, 299, '2024-12-06', 1524, 1257, 1372, 267, 267, 152, 0.3, 80.1, 7.6, 'Παρ 06/12/24 Προεστάκη Γλυκερία Μετρητής: Παπ12 7082650 1524-1257=267 κυβικά 80,10€', NULL, 27, 25, 323, 21);
INSERT INTO `synet_watercons` VALUES (298, 300, '2024-12-06', 393, 98, 202, 295, 295, 191, 0.3, 118, 9.55, 'Παρ 06/12/24 Σελί Κατερίνα Μετρητής: Δεξ5Α 2132002569 393-98=295 κυβικά 118,00€', NULL, 28, 80, 324, 50);
INSERT INTO `synet_watercons` VALUES (299, 301, '2024-12-06', 2446, 2371, 2429, 75, 75, 17, 0.3, 22.5, 0.85, 'Παρ 06/12/24 Σηφάκη Μαρία Μετρητής: Γεφ16 1994-ce002848 2446-2371=75 κυβικά 22,50€', NULL, 29, 69, 325, 39);
INSERT INTO `synet_watercons` VALUES (300, 302, '2024-12-06', 133, 107, 116, 26, 26, 17, 0.3, 7.8, 0.85, 'Παρ 06/12/24 Σηφάκη Μαρία Μετρητής: Μηλ4 002587ca/99 133-107=26 κυβικά 7,80€', NULL, 30, 69, 326, 39);
INSERT INTO `synet_watercons` VALUES (301, 303, '2024-12-06', 26259, 25965, 26033, 294, 294, 226, 0.3, 88.2, 11.3, 'Παρ 06/12/24 Σηφάκη Μαρία Μετρητής: Παπ10 004230ca/99 26259-25965=294 κυβικά 88,20€', NULL, 31, 69, 327, 39);
INSERT INTO `synet_watercons` VALUES (302, 304, '2024-12-06', 687, 576, 609, 111, 111, 78, 0.3, 33.3, 3.9, 'Παρ 06/12/24 Στεφανάκης Μιχάλης Μετρητής: Γεφ17 44952170 687-576=111 κυβικά 33,30€', NULL, 32, 81, 328, 51);
INSERT INTO `synet_watercons` VALUES (303, 305, '2024-12-06', 1643, 1344, 1452, 299, 299, 191, 0.3, 89.7, 9.55, 'Παρ 06/12/24 Στεφανάκης Μιχάλης Μετρητής: Γεφ19 12-023779 1643-1344=299 κυβικά 89,70€', NULL, 33, 81, 329, 51);
INSERT INTO `synet_watercons` VALUES (304, 306, '2024-12-06', 5478, 5368, 5368, 110, 110, 110, 0.3, 33, 5.5, 'Παρ 06/12/24 Τσαγκαράκη Χαρούλα Μετρητής: Τσ10 093241CA/95 5478-5368=110 κυβικά 33,00€', NULL, 34, 82, 330, 52);
INSERT INTO `synet_watercons` VALUES (305, 307, '2024-12-06', 3444, 3078, 3148, 366, 366, 296, 0.3, 109.8, 14.8, 'Παρ 06/12/24 Χατζονικολάκης Δημήτριος Γεωργίου Μετρητής: Δεξ2 16 018269 3444-3078=366 κυβικά 109,80€', NULL, 35, 83, 331, 53);
INSERT INTO `synet_watercons` VALUES (306, 308, '2024-04-29', 523230, 523201, NULL, 29, NULL, NULL, 0, NULL, NULL, 'ΑΠΩΛΕΙΑ, 2024-04-29, 523230 - 523201 = 29 κυβικά, 0.00€', NULL, 1, NULL, 333, 25);
INSERT INTO `synet_watercons` VALUES (307, 309, '2024-05-13', 525981, 525727, NULL, 254, NULL, NULL, 0, NULL, NULL, 'ΑΠΩΛΕΙΑ, 2024-05-13, 525981 - 525727 = 254 κυβικά, 0.00€', NULL, 1, NULL, 332, 25);
INSERT INTO `synet_watercons` VALUES (308, 310, '2025-05-04', 10320, 10129, NULL, 191, 191, 191, 0.3, 57.3, 9.55, 'Τουλουπάκη Άννα Εμμανουήλ, 2025-05-04, 10320 - 10129 = 191 κυβικά, 57.30€', NULL, 1, NULL, 277, 11);
INSERT INTO `synet_watercons` VALUES (309, 311, '2025-05-07', 10480, 10320, NULL, 160, 160, 160, 0.3, 48, 8, 'Russi Bilal(Χρήστος), 2025-05-07, 10480 - 10320 = 160 κυβικά, 48.00€', NULL, 1, NULL, 278, 2);
INSERT INTO `synet_watercons` VALUES (310, 312, '2025-05-09', 10780, 10480, NULL, 300, 300, 300, 0.3, 90, 15, 'Κικάκης Μιχ. Ιωάννου, 2025-05-09, 10780 - 10480 = 300 κυβικά, 90.00€', NULL, 1, NULL, 279, 7);
INSERT INTO `synet_watercons` VALUES (311, 313, '2025-05-10', 11038, 10870, NULL, 168, 168, 168, 0.3, 50.4, 8.4, 'Βερβελάκης Γεώργιος Νικολάου, 2025-05-10, 11038 - 10870 = 168 κυβικά, 50.40€', NULL, 1, NULL, 281, 5);
INSERT INTO `synet_watercons` VALUES (312, 314, '2025-05-09', 10870, 10780, NULL, 90, 90, 90, 0.3, 27, 4.5, 'Σηφάκη-Κοκινάκη Μαρία Ιωάννου, 2025-05-09, 10870 - 10780 = 90 κυβικά, 27.00€', NULL, 1, NULL, 280, 39);
INSERT INTO `synet_watercons` VALUES (313, 315, '2025-05-12', 11410, 11038, NULL, 372, 372, 372, 0.3, 111.6, 18.6, 'Χατζοβασιλάκη(Τζώρτζη) Μαρία Δημητρίου, 2025-05-12, 11410 - 11038 = 372 κυβικά, 111.60€', NULL, 1, NULL, 282, 13);
INSERT INTO `synet_watercons` VALUES (314, 316, '2025-05-13', 11550, 11410, NULL, 140, 140, 140, 0.3, 42, 7, 'Μαρουλάκης Ιωάννης Νικολάου, 2025-05-13, 11550 - 11410 = 140 κυβικά, 42.00€', NULL, 1, NULL, 283, 3);
INSERT INTO `synet_watercons` VALUES (315, 317, '2025-05-15', 12130, 11550, NULL, 580, 580, 580, 0.3, 174, 29, 'Βαρδάκης Εμμανουήλ Ματθαίου, 2025-05-18, 12130 - 11550 = 580 κυβικά, 174.00€', NULL, 1, NULL, 284, 17);
INSERT INTO `synet_watercons` VALUES (316, 318, '2025-05-16', 12240, 12130, NULL, 110, 110, 110, 0.3, 33, 5.5, 'Lleshi Denis(Αντώνης) Kaplan, 2025-05-16, 12240 - 12130 = 110 κυβικά, 33.00€', NULL, 1, NULL, 285, 104);
INSERT INTO `synet_watercons` VALUES (317, 319, '2025-05-16', 12310, 12240, NULL, 70, 70, 70, 0.3, 21, 3.5, 'Μαργαριτάκης Εμμανουήλ Ιωάννου, 2025-05-16, 12240 - 12130 = 70 κυβικά, 21.00€', NULL, 1, NULL, 286, 23);
INSERT INTO `synet_watercons` VALUES (318, 320, '2025-05-17', 3934, 3779, NULL, 155, 155, 155, 0.3, 46.5, 7.75, 'Προεστάκη(Χατζονικολάκη) Γλυκερία Ιωάννου, 2025-05-17, 3934 - 3779 = 155 κυβικά, 46.50€', NULL, 2, NULL, 287, 21);
INSERT INTO `synet_watercons` VALUES (319, 321, '2025-05-19', 12570, 12240, NULL, 330, 330, 330, 0.3, 99, 16.5, 'Πατιτάκης Εμμανουήλ Γεωργίου, 2025-05-19, 12570 - 12240 = 330 κυβικά, 99.00€', NULL, 1, NULL, 288, 8);
INSERT INTO `synet_watercons` VALUES (320, 322, '2025-05-20', 12650, 12570, NULL, 80, 80, 80, 0.3, 24, 4, 'Russi Bilal(Χρήστος) None, 2025-05-20, 12650 - 12570 = 80 κυβικά, 24.00€', NULL, 1, NULL, 289, 2);
INSERT INTO `synet_watercons` VALUES (321, 323, '2025-05-21', 4027, 3934, NULL, 93, 93, 93, 0.3, 27.9, 4.65, 'Βασιλάκη-Μηλιαράκη Άννα Ιωάννου, 2025-05-21, 4027 - 3934 = 93 κυβικά, 27.90€', NULL, 2, NULL, 290, 71);
INSERT INTO `synet_watercons` VALUES (322, 324, '2025-05-22', 12926, 12650, NULL, 276, 276, 276, 0.3, 82.8, 13.8, 'Βερβελάκης Γεώργιος Νικολάου, 2025-05-22, 12926 - 12650 = 276 κυβικά, 82.80€', NULL, 1, NULL, 291, 5);
INSERT INTO `synet_watercons` VALUES (323, 325, '2025-05-25', 13060, 12926, NULL, 134, 134, 134, 0.3, 40.2, 6.7, 'Πατιτάκης Γεώργιος Εμμανουήλ, 2025-05-25, 13060 - 12926 = 134 κυβικά, 40.20€', NULL, 1, NULL, 292, 18);
INSERT INTO `synet_watercons` VALUES (324, 326, '2025-05-26', 13130, 13060, NULL, 70, 70, 70, 0.3, 21, 3.5, 'Βερβελάκης Εμμανουήλ Νικολάου, 2025-05-26, 13130 - 13060 = 70 κυβικά, 21.00€', NULL, 1, NULL, 293, 31);
INSERT INTO `synet_watercons` VALUES (325, 327, '2025-05-26', 16820, 16741, NULL, 79, 79, 79, 0.3, 23.7, 3.95, 'Βερβελάκης Εμμανουήλ Νικολάου, 2025-05-26, 16820 - 16741 = 79 κυβικά, 23.70€', NULL, 3, NULL, 294, 31);
INSERT INTO `synet_watercons` VALUES (326, 328, '2025-05-26', 4120, 4027, NULL, 93, 93, 93, 0.3, 27.9, 4.65, 'Russi Bilal(Χρήστος) None, 2025-05-26, 4120 - 4027 = 93 κυβικά, 27.90€', NULL, 2, NULL, 295, 2);
INSERT INTO `synet_watercons` VALUES (327, 329, '2025-05-27', 13320, 13130, NULL, 190, 190, 190, 0.3, 57, 9.5, 'Russi Adem(Ανδρέας) None, 2025-05-27, 13320 - 13130 = 190 κυβικά, 57.00€', NULL, 1, NULL, 296, 1);
INSERT INTO `synet_watercons` VALUES (328, 330, '2024-05-23', 13320, 13320, NULL, 0, 55, 0, 0.3, 16.5, 0, 'Μαρουλάκης Στυλιανός Γεωργίου, 2024-05-23, 13320 - 13320 = 55 κυβικά, 16.5€', NULL, 1, NULL, 70, 14);
INSERT INTO `synet_watercons` VALUES (329, 331, '2024-05-25', 13320, 13320, NULL, 0, 8, 0, 0.3, 2.4, 0, 'Χατζοβασιλάκη(Τζώρτζη) Μαρία Δημητρίου, 2024-05-25, 13320 - 13320 = 8 κυβικά, 2.4€', NULL, 1, NULL, 121, 13);
INSERT INTO `synet_watercons` VALUES (330, 332, '2025-05-28', 13550, 13320, NULL, 230, 230, 230, 0.3, 69, 11.5, 'Προεστάκη(Χατζονικολάκη) Γλυκερία Ιωάννου, 2025-05-28, 13550 - 13320 = 230 κυβικά, 69.00€', NULL, 1, NULL, 297, 21);
INSERT INTO `synet_watercons` VALUES (331, 333, '2025-05-29', 13840, 13550, NULL, 290, 290, 290, 0.3, 87, 14.5, 'Ρεστιβάκη(Παπαδημητροπούλου) Γεωργία Μιχαήλ, 2025-05-29, 13840 - 13550 = 290 κυβικά, 87.00€', NULL, 1, NULL, 298, 20);
INSERT INTO `synet_watercons` VALUES (332, 334, '2025-05-30', 13970, 13840, NULL, 130, 130, 130, 0.5, 65, 6.5, 'Plakut Nikos None, 2025-05-30, 13970 - 13840 = 130 κυβικά, 65.00€', NULL, 1, NULL, 299, 19);
INSERT INTO `synet_watercons` VALUES (333, 335, '2023-12-31', 2274, 2067, NULL, 207, 207, 207, 0.25, 57.47, NULL, 'Βερβελάκης Γεώργιος Νικολάου, 2023-12-31, 2274 - 2067 = 207 κυβικά, 57.47€', NULL, 6, NULL, 302, 5);
INSERT INTO `synet_watercons` VALUES (334, 336, '2023-12-31', 4120, 4120, NULL, 0, 1159, 0, 0.2, 231.8, 0, NULL, NULL, 2, NULL, 334, 71);
INSERT INTO `synet_watercons` VALUES (335, 337, '2023-12-31', 3078, 1254, NULL, 1824, 1824, 1824, 0.25, 309.9, NULL, NULL, NULL, 35, NULL, 335, 53);
INSERT INTO `synet_watercons` VALUES (336, 338, '2023-12-31', 305, 133, NULL, 172, 172, 172, 0.35, 57.67, NULL, 'Πατεραντωνάκη Ευαγγελία, 2023-12-31, 305 - 133 = 172 κυβικά, 57.67€', NULL, 24, NULL, 336, 47);
INSERT INTO `synet_watercons` VALUES (337, 339, '2023-12-31', 529, 274, NULL, 255, 255, 255, 0.35, 85, NULL, 'Πατεραντωνάκη(Οικονομάκη) Μαρία Αποστόλου, 2023-12-31, 529 - 274 = 255 κυβικά, 85€', NULL, 25, NULL, 337, 48);
INSERT INTO `synet_watercons` VALUES (338, 340, '2023-12-31', 1347, 1327, NULL, 20, 20, 20, 0.2, 4, NULL, 'Βασιλάκης Ιωάννης Εμμανουήλ, 2023-12-31, 1347 - 1327 = 20 κυβικά, 4.00€', NULL, 36, NULL, 338, 105);
INSERT INTO `synet_watercons` VALUES (339, 341, '2024-04-08', 19268, 13316, NULL, 5952, 5952, 5952, 0.25, 1305.6, NULL, 'Βερβελάκη(Ψυλάκη) Άννα Εμμανουήλ, 2024-04-08, 19268 - 13316 = 5952 κυβικά, 1305.6€', NULL, 5, NULL, 365, 10);
INSERT INTO `synet_watercons` VALUES (340, 342, '2024-04-06', 1023, 302, NULL, 721, 721, 721, 0.22, 91.37, NULL, 'Γρυσμπολάκης Δημήτρης Εμμανουήλ, 2024-04-06, 1023 - 302 = 721 κυβικά, 91.37€ πλήρωσε και με την 5159', NULL, 7, NULL, 364, 12);
INSERT INTO `synet_watercons` VALUES (341, 343, '2024-06-10', 1549, 1476, NULL, 73, 73, 73, 0.2, 14.85, NULL, 'Θεοδοσάκη-Στεφανάκη Σοφία Χαρίδημου, 2024-06-10, 1549 - 1476 = 73 κυβικά, 14.85€', NULL, 37, NULL, 363, 89);
INSERT INTO `synet_watercons` VALUES (342, 344, '2024-04-06', 6420, 4444, NULL, 1976, 1976, 1976, 0.23, 444.25, NULL, 'Κικάκης Μιχαήλ Εμμανουήλ, 2024-04-06, 6420 - 4444 = 1976 κυβικά, 444.25€', NULL, 11, NULL, 362, 28);
INSERT INTO `synet_watercons` VALUES (343, 345, '2024-04-08', 1267, 1056, NULL, 211, 211, NULL, 0.3, 63.3, NULL, 'Μαργαριτάκης Εμμανουήλ Ιωάννου, 2024-04-08, 1267 - 1056 = 211 κυβικά, 63.30€', NULL, 13, NULL, 361, 23);
INSERT INTO `synet_watercons` VALUES (344, 346, '2024-04-06', 2022, 1679, NULL, 343, 343, 343, 0.25, 85.17, NULL, 'Μαρουλάκης Ιωάννης Νικολάου, 2024-4-6, 2022 - 1679 = 343 κυβικά, 85.17€', NULL, 14, NULL, 360, 3);
INSERT INTO `synet_watercons` VALUES (345, 347, '2024-04-08', 1528, 943, NULL, 585, 585, 585, 0.27, 159.1, NULL, 'Μαρουλάκης Νικήτας Νικολάου, 2024-4-8, 1528 - 943 = 585 κυβικά, 159.1€', NULL, 15, NULL, 359, 44);
INSERT INTO `synet_watercons` VALUES (346, 348, '2024-06-10', 8735, 4850, NULL, 3885, 3885, NULL, 0.23, 893.55, NULL, 'Μαρουλάκης Νικήτας Νικολάου, 2024-6-10, 8735 - 4850 = 3885 κυβικά, 893.55€', NULL, 16, NULL, 358, 44);
INSERT INTO `synet_watercons` VALUES (347, 349, '2024-04-06', 391, 386, NULL, 5, 5, 5, 0.28, 1.4, NULL, 'Μαρουλάκης Στυλιανός Γεωργίου, 2024-4-6, 391 - 386 = 5 κυβικά, 1.40€', NULL, 17, NULL, 357, 14);
INSERT INTO `synet_watercons` VALUES (348, 350, '2024-06-10', 4366, 4333, NULL, 33, 33, 33, 0.25, 8.1, NULL, 'Μαρουλάκης Στυλιανός Γεωργίου, 2024-6-10, 4366 - 4333 = 33 κυβικά, 8.1€', NULL, 38, NULL, 356, 14);
INSERT INTO `synet_watercons` VALUES (349, 351, '2024-04-08', 1553, 1549, NULL, 4, 4, NULL, 0.3, 1.2, NULL, 'Μπετεινάκης Κωνσταντίνος Νικολάου, 2024-4-8, 1553 - 1549 = 4 κυβικά, 1.20€', NULL, 18, NULL, 355, 38);
INSERT INTO `synet_watercons` VALUES (350, 352, '2024-04-06', 182, 145, NULL, 37, 37, 37, 0.2, 7.4, NULL, 'Μπετεινάκης Κωνσταντίνος Νικολάου, 2024-4-6, 182 - 145 = 37 κυβικά, 7.40€', NULL, 39, NULL, 354, 38);
INSERT INTO `synet_watercons` VALUES (351, 353, '2024-06-10', 3250, 2698, NULL, 552, 552, 552, 0.25, 139.6, NULL, 'Μπρότσικας Κώστας None, 2024-6-10, 3250 - 2698 = 552 κυβικά, 139.6€', NULL, 19, NULL, 353, 32);
INSERT INTO `synet_watercons` VALUES (352, 354, '2024-04-08', 544, 400, NULL, 144, 144, 144, 0.25, 35.27, NULL, 'Παπαδημητρόπουλος Μάνθος Νικηφόρου, 2024-4-8, 544 - 400 = 144 κυβικά, 35.27€', NULL, 20, NULL, 352, 45);
INSERT INTO `synet_watercons` VALUES (353, 355, '2024-06-10', 692, 248, NULL, 444, 444, 444, 0.25, 112.37, NULL, 'Πατιτάκης Γεώργιος Εμμανουήλ, 2024-6-10, 692 - 248 = 444 κυβικά, 112.37€', NULL, 26, NULL, 351, 18);
INSERT INTO `synet_watercons` VALUES (354, 356, '2024-04-08', 98, 290, NULL, 248, 248, NULL, 0.4, 74.4, NULL, 'Τσικρικωνάκη Κατερίνα (Σελί), 2024-4-8, 98νέο + 150παλιό ρολόι = 248 κυβικά, 74.4€', NULL, 28, NULL, 350, 50);
INSERT INTO `synet_watercons` VALUES (355, 357, '2024-04-08', 847, 0, NULL, 847, 847, NULL, 0.23, 195.1, NULL, 'Ζώτος Σπύρος, 2024-4-8, 847 - 0 = 847 κυβικά, 195.10€', NULL, 9, NULL, 349, 6);
INSERT INTO `synet_watercons` VALUES (356, 358, '2024-04-08', 138, 0, NULL, 138, 138, 138, 0.28, 38.8, NULL, 'Ζώτος Σπύρος, 2024-4-8, 138 - 0 = 138 κυβικά, 38.80€', NULL, 8, NULL, 348, 6);
INSERT INTO `synet_watercons` VALUES (357, 359, '2024-04-08', 25965, 24376, NULL, 1589, 1589, NULL, 0.22, 350.47, NULL, 'Σηφάκη(Κοκκινάκη) Μαρία Ιωάννου, 2024-4-8, 25965 - 24376 = 1589 κυβικά, 350.47€', NULL, 31, NULL, 347, 39);
INSERT INTO `synet_watercons` VALUES (358, 360, '2024-04-08', 107, 58, NULL, 49, 49, NULL, 0.27, 13.07, NULL, 'Σηφάκη(Κοκκινάκη) Μαρία Ιωάννου, 2024-4-8, 107 - 58 = 49 κυβικά, 13.07€', NULL, 30, NULL, 346, 39);
INSERT INTO `synet_watercons` VALUES (359, 361, '2024-04-06', 2371, 2019, NULL, 352, 352, 352, 0.23, 81.65, NULL, 'Σηφάκη(Κοκκινάκη) Μαρία Ιωάννου, 2024-4-6, 2371 - 2019 = 352 κυβικά, 81.65€', NULL, 29, NULL, 345, 39);
INSERT INTO `synet_watercons` VALUES (360, 362, '2024-04-06', 576, 160, NULL, 416, 416, 416, 0.25, 104.4, NULL, 'Στεφανάκης Μιχαήλ Ιωάννου, 2024-4-6, 576 - 160 = 416 κυβικά, 104.40€', NULL, 32, NULL, 344, 51);
INSERT INTO `synet_watercons` VALUES (361, 363, '2024-04-06', 1344, 1025, NULL, 319, 319, 319, 0.26, 82.55, NULL, 'Στεφανάκης Μιχαήλ Ιωάννου, 2024-4-6, 1344 - 1025 = 319 κυβικά, 82.55€', NULL, 33, NULL, 343, 51);
INSERT INTO `synet_watercons` VALUES (362, 364, '2024-06-10', 4767, 4756, NULL, 11, 11, 11, 0.2, 2.2, NULL, 'Στεφανάκης Χαρίδημος Εμμανουήλ, 2024-6-10, 4767 - 4756 = 11 κυβικά, 2.20€', NULL, 43, NULL, 342, 64);
INSERT INTO `synet_watercons` VALUES (363, 365, '2024-06-10', 166, 139, NULL, 27, 27, 27, 0.25, 6.75, NULL, 'Συγγελάκη Αικατερίνη Νικολάου, 2024-06-10, 166 - 139 = 27 κυβικά, 6.75€', NULL, 42, NULL, 341, 106);
INSERT INTO `synet_watercons` VALUES (364, 366, '2024-06-10', 5368, 5271, NULL, 97, 97, NULL, 0.3, 29.1, NULL, 'Τσαγκαράκη(Αλεξάκη) Χαρούλα Εμμανουήλ, 2024-06-10, 5368 - 5271 = 97 κυβικά, 29.10€', NULL, 34, NULL, 340, 52);
INSERT INTO `synet_watercons` VALUES (365, 367, '2024-04-08', 1045, 859, NULL, 186, 186, 186, 0.2, 37.2, NULL, 'Χατζοβασιλάκης Δημήτριος Ιωάννου, 2024-04-08, 1045 - 859 = 186 κυβικά, 37.20€', NULL, 52, NULL, 339, 55);
INSERT INTO `synet_watercons` VALUES (366, 368, '2025-05-31', 14160, 13970, NULL, 190, 190, 190, 0.3, 57, 9.5, 'Κακλαμάνου(Μηλιαράκη) Αικατερίνη Ιωάννου, 2025-05-31, 14160 - 13970 = 190 κυβικά, 57.00€', NULL, 1, NULL, 366, 36);
INSERT INTO `synet_watercons` VALUES (367, 369, '2025-06-01', 14401, 14160, NULL, 241, 241, 241, 0.3, 72.3, 12.05, 'Τουλουπάκη(Καλέμη) Άννα Εμμανουήλ, 2025-06-01, 14401 - 14160 = 241 κυβικά, 72.30€', NULL, 1, NULL, 367, 11);
INSERT INTO `synet_watercons` VALUES (368, 370, '2025-06-04', 15080, 14401, NULL, 679, 679, 679, 0.3, 203.7, 33.95, 'Βερβελάκη Ευαγγελία Εμμανουήλ, 2025-06-04, 15080 - 14401 = 679 κυβικά, 203.70€', NULL, 1, NULL, 368, 109);
INSERT INTO `synet_watercons` VALUES (369, 371, '2025-06-05', 15274, 15080, NULL, 194, 194, 194, 0.3, 58.2, 9.7, 'Βερβελάκης Γεώργιος Νικολάου, 2025-06-05, 15274 - 15080 = 194 κυβικά, 58.20€', NULL, 1, NULL, 369, 5);
INSERT INTO `synet_watercons` VALUES (370, 372, '2025-06-06', 4188, 4120, NULL, 68, 68, 68, 0.3, 20.4, 3.4, 'Russi Adem(Ανδρέας) None, 2025-06-06, 4188 - 4120 = 68 κυβικά, 20.40€', NULL, 2, NULL, 370, 1);
INSERT INTO `synet_watercons` VALUES (371, 373, '2025-06-07', 15581, 15274, NULL, 307, 307, 307, 0.3, 92.1, 15.35, 'Russi Bilal(Χρήστος) None, 2025-06-07, 15581 - 15274 = 307 κυβικά, 92.10€', NULL, 1, NULL, 371, 2);
INSERT INTO `synet_watercons` VALUES (372, 374, '2025-06-08', 15840, 15581, NULL, 259, 259, 259, 0.3, 77.7, 12.95, 'Πατιτάκης Γεώργιος Εμμανουήλ, 2025-06-08, 15840 - 15581 = 259 κυβικά, 77.70€', NULL, 1, NULL, 372, 18);
INSERT INTO `synet_watercons` VALUES (373, 375, '2025-06-09', 15980, 15840, NULL, 140, 140, 140, 0.3, 42, 7, 'Παπαδημητροπούλου(Θαλασσινού) Μαρία Νικολάου, 2025-06-09, 15980 - 15840 = 140 κυβικά, 42.00€', NULL, 1, NULL, 373, 4);
INSERT INTO `synet_watercons` VALUES (374, 376, '2025-06-09', 16050, 15980, NULL, 70, 70, 70, 0.3, 21, 3.5, 'Παπαδημητρόπουλος Γεώργιος Άγγελου, 2025-06-09, 16050 - 15980 = 70 κυβικά, 21.00€', NULL, 1, NULL, 374, 22);
INSERT INTO `synet_watercons` VALUES (375, 377, '2025-06-10', 16282, 16050, NULL, 232, 232, 232, 0.3, 69.6, 11.6, 'Κικάκης Μιχαήλ Ιωάννου, 2025-06-10, 16282 - 16050 = 232 κυβικά, 69.60€', NULL, 1, NULL, 375, 7);
INSERT INTO `synet_watercons` VALUES (376, 378, '2025-06-11', 16580, 16282, NULL, 298, 298, 298, 0.3, 89.4, 14.9, 'Μαρουλάκης Στυλιανός Γεωργίου, 2025-06-11, 16580 - 16282 = 298 κυβικά, 89.40€', NULL, 1, NULL, 376, 14);
INSERT INTO `synet_watercons` VALUES (377, 379, '2025-06-12', 16776, 16580, NULL, 196, 196, 196, 0.3, 58.8, 9.8, 'Μαρουλάκης Ιωάννης Νικολάου, 2025-06-12, 16776 - 16580 = 196 κυβικά, 58.80€', NULL, 1, NULL, 377, 3);
INSERT INTO `synet_watercons` VALUES (378, 380, '2025-06-13', 16846, 16776, NULL, 70, 70, 70, 0.3, 21, 3.5, 'Χατζοβασιλάκη Δανάη Δημητρίου, 2025-06-13, 16846 - 16776 = 70 κυβικά, 21.00€', NULL, 1, NULL, 378, 29);
INSERT INTO `synet_watercons` VALUES (379, 381, '2025-06-14', 17119, 16846, NULL, 273, 273, 273, 0.3, 81.9, 13.65, 'Πατιτάκης Γεώργιος Εμμανουήλ, 2025-06-14, 17119 - 16846 = 273 κυβικά, 81.90€', NULL, 1, NULL, 379, 18);
INSERT INTO `synet_watercons` VALUES (380, 382, '2025-06-15', 17480, 17119, NULL, 361, 361, 361, 0.3, 108.3, 18.05, 'Παπαδημητροπούλου(Χρηστάκη) Μαρία Νικηφόρου, 2025-06-15, 17480 - 17119 = 361 κυβικά, 108.30€', NULL, 1, NULL, 380, 42);
INSERT INTO `synet_watercons` VALUES (381, 383, '2025-06-16', 17503, 17480, NULL, 23, 23, 23, 0.3, 6.9, 1.15, 'Ζώτος Σπύρος, 2025-06-16, 17503 - 17480 = 23 κυβικά, 6.90€', NULL, 1, NULL, 381, 6);
INSERT INTO `synet_watercons` VALUES (382, 384, '2025-06-16', 17573, 17503, NULL, 70, 70, 70, 0.5, 35, 3.5, 'Γρυνιεζάκης Δημήτρης, 2025-06-16, 17573 - 17503 = 70 κυβικά, 35.00€', NULL, 1, NULL, 382, 24);
INSERT INTO `synet_watercons` VALUES (383, 385, '2025-06-17', 17731, 17573, NULL, 158, 158, 158, 0.3, 47.4, 7.9, 'Ζώτος Σπύρος, 2025-06-17, 17731 - 17573 = 158 κυβικά, 47.40€', NULL, 1, NULL, 383, 6);
INSERT INTO `synet_watercons` VALUES (384, 386, '2025-06-17', 17833, 17731, NULL, 102, 102, 102, 0.3, 30.6, 5.1, 'Σηφάκη(Κοκκινάκη) Μαρία Ιωάννου, 2025-06-17, 17833 - 17731 = 102 κυβικά, 30.60€', NULL, 1, NULL, 384, 39);
INSERT INTO `synet_watercons` VALUES (385, 387, '2025-06-17', 17954, 17833, NULL, 121, 121, 121, 0.3, 36.3, 6.05, 'Lleshi Denis(Αντώνης) Kaplan, 2025-06-17, 17954 - 17833 = 121 κυβικά, 36.30€', NULL, 1, NULL, 385, 104);
INSERT INTO `synet_watercons` VALUES (386, 388, '2025-06-18', 18160, 17954, NULL, 206, 206, 206, 0.3, 61.8, 10.3, 'Ζώτος Σπύρος, 2025-06-18, 18160 - 17954 = 206 κυβικά, 61.80€', NULL, 1, NULL, 386, 6);
INSERT INTO `synet_watercons` VALUES (387, 389, '2025-06-18', 18231, 18160, NULL, 71, 71, 71, 0.3, 21.3, 3.55, 'Μαργαριτάκης Εμμανουήλ Ιωάννου, 2025-06-18, 18231 - 18160 = 71 κυβικά, 21.30€', NULL, 1, NULL, 387, 23);
INSERT INTO `synet_watercons` VALUES (388, 390, '2025-06-19', 18458, 18231, NULL, 227, 227, 227, 0.3, 68.1, 11.35, 'Βερβελάκης Γεώργιος Νικολάου, 2025-06-24, 18458 - 18231 = 227 κυβικά, 68.10€', NULL, 1, NULL, 388, 5);
INSERT INTO `synet_watercons` VALUES (389, 391, '2025-06-20', 18496, 18458, NULL, 38, 38, 38, 0.3, 11.4, 1.9, 'Βερβελάκη Ευαγγελία Εμμανουήλ, 2025-06-20, 18496 - 18458 = 38 κυβικά, 11.40€', NULL, 1, NULL, 389, 109);
INSERT INTO `synet_watercons` VALUES (390, 392, '2025-06-21', 18851, 18496, NULL, 355, 355, 355, 0.3, 106.5, 17.75, 'Χατζοβασιλάκη(Τζώρτζη) Μαρία Δημητρίου, 2025-06-21, 18851 - 18496 = 355 κυβικά, 106.50€', NULL, 1, NULL, 390, 13);
INSERT INTO `synet_watercons` VALUES (391, 393, '2025-06-22', 19310, 18851, NULL, 459, 459, 459, 0.3, 137.7, 22.95, 'Βαρδάκης Εμμανουήλ Ματθαίου, 2025-06-22, 19310 - 18851 = 459 κυβικά, 137.70€', NULL, 1, NULL, 391, 17);
INSERT INTO `synet_watercons` VALUES (392, 394, '2025-06-23', 12145, 11924, NULL, 221, 221, 221, 0.4, 88.4, 11.05, 'Ρεστιβάκη(Παπαδημητροπούλου) Γεωργία Μιχαήλ, 2025-06-23, 12145 - 11924 = 221 κυβικά, 88.40€', NULL, 4, NULL, 392, 20);
INSERT INTO `synet_watercons` VALUES (393, 395, '2025-06-24', 19583, 19310, NULL, 273, 273, 273, 0.3, 81.9, 13.65, 'Χατζοβασιλάκη Κατερίνα Δημητρίου, 2025-06-24, 19583 - 19310 = 273 κυβικά, 81.90€', NULL, 1, NULL, 393, 16);
INSERT INTO `synet_watercons` VALUES (394, 396, '2025-06-25', 19851, 19583, NULL, 268, 268, 268, 0.3, 80.4, 13.4, 'Κακλαμάνου(Μηλιαράκη) Αικατερίνη Ιωάννου, 2025-06-25, 19851 - 19583 = 268 κυβικά, 80.40€', NULL, 1, NULL, 394, 36);
INSERT INTO `synet_watercons` VALUES (395, 397, '2025-06-26', 20066, 19851, NULL, 215, 215, 215, 0.3, 64.5, 10.75, 'Τουλουπάκη(Καλέμη) Άννα Εμμανουήλ, 2025-06-26, 20066 - 19851 = 215 κυβικά, 64.50€', NULL, 1, NULL, 395, 11);
INSERT INTO `synet_watercons` VALUES (396, 398, '2025-06-27', 20265, 20066, NULL, 199, 199, 199, 0.3, 59.7, 9.95, 'Προεστάκη(Χατζονικολάκη) Γλυκερία Ιωάννου, 27-06-2025, 20265 - 20066 = 199 κυβικά, 59.70€', NULL, 1, NULL, 396, 21);
INSERT INTO `synet_watercons` VALUES (397, 399, '2025-06-27', 4378, 4188, NULL, 190, 190, 190, 0.3, 57, 9.5, 'Παπαδημητροπούλου(Βερβελάκη) Αικατερίνη Εμμανουήλ, 27-06-2025, 4378 - 4188 = 190 κυβικά, 57.00€', NULL, 2, NULL, 397, 15);
INSERT INTO `synet_watercons` VALUES (398, 400, '2025-06-28', 20561, 20265, NULL, 296, 296, 296, 0.3, 88.8, 14.8, 'Ρεστιβάκη(Παπαδημητροπούλου) Γεωργία Μιχαήλ, 28-06-2025, 20561 - 20265 = 296 κυβικά, 88.80€', NULL, 1, NULL, 398, 20);
INSERT INTO `synet_watercons` VALUES (399, 401, '2025-06-29', 20879, 20561, NULL, 318, 318, 318, 0.3, 95.4, 15.9, 'Russi Bilal(Χρήστος) None, 29-06-2025, 20879 - 20561 = 318 κυβικά, 95.40€', NULL, 1, NULL, NULL, 2);
INSERT INTO `synet_watercons` VALUES (400, 402, '2025-06-30', 21119, 20879, NULL, 240, 240, 240, 0.3, 72, 12, 'Russi Adem(Ανδρέας) None, 30-06-2025, 21119 - 20879 = 240 κυβικά, 72.00€', NULL, 1, NULL, NULL, 1);
INSERT INTO `synet_watercons` VALUES (401, 403, '2025-06-30', 21287, 21119, NULL, 168, 168, 168, 0.3, 50.4, 8.4, 'Πατιτάκης Εμμανουήλ Γεωργίου, 30-06-2025, 21287 - 21119 = 168 κυβικά, 50.40€', NULL, 1, NULL, NULL, 8);
INSERT INTO `synet_watercons` VALUES (402, 404, '2025-07-02', 22017, 21287, NULL, 730, 730, 730, 0.3, 219, 36.5, 'Βερβελάκη Ευαγγελία Εμμανουήλ, 02-07-2025, 22017 - 21287 = 730 κυβικά, 219.00€', NULL, 1, NULL, NULL, 109);
INSERT INTO `synet_watercons` VALUES (403, 405, '2025-07-03', 22295, 22017, NULL, 278, 278, 278, 0.3, 83.4, 13.9, 'Βερβελάκης Γεώργιος Νικολάου, 03-07-2025, 22295 - 22017 = 278 κυβικά, 83.40€', NULL, 1, NULL, 399, 5);
INSERT INTO `synet_watercons` VALUES (404, 406, '2025-07-04', 22399, 22295, NULL, 104, 104, 104, 0.3, 31.2, 5.2, 'Ζώτος Σπύρος, 04-07-2025, 22399 - 22295 = 104 κυβικά, 31.20€', NULL, 1, NULL, NULL, 6);
INSERT INTO `synet_watercons` VALUES (405, 407, '2025-07-04', 22534, 22399, NULL, 135, 135, 135, 0.3, 40.5, 6.75, 'Μαργαριτάκης Εμμανουήλ Ιωάννου, 04-07-2025, 22534 - 22399 = 135 κυβικά, 40.50€', NULL, 1, NULL, NULL, 23);
INSERT INTO `synet_watercons` VALUES (406, 408, '2025-07-05', 22844, 22534, NULL, 310, 310, 310, 0.3, 93, 15.5, 'Ζώτος Σπύρος, 05-07-2025, 22844 - 22534 = 310 κυβικά, 93.00€', NULL, 1, NULL, NULL, 6);
INSERT INTO `synet_watercons` VALUES (407, 409, '2025-07-06', 23013, 22844, NULL, 169, 169, 169, 0.3, 50.7, 8.45, 'Παπαδημητροπούλου(Θαλασσινού) Μαρία Νικολάου, 06-07-2025, 23013 - 22844 = 169 κυβικά, 50.70€', NULL, 1, NULL, NULL, 4);
INSERT INTO `synet_watercons` VALUES (408, 410, '2025-07-06', 23132, 23013, NULL, 119, 119, 119, 0.3, 35.7, 5.95, 'Lleshi Denis(Αντώνης) Kaplan, 06-07-2025, 23132 - 23013 = 119 κυβικά, 35.70€', NULL, 1, NULL, NULL, 104);
INSERT INTO `synet_watercons` VALUES (409, 411, '2025-07-07', 23287, 23132, NULL, 155, 155, 155, 0.5, 77.5, 7.75, 'Plakut Nikos None, 07-07-2025, 23287 - 23132 = 155 κυβικά, 77.50€', NULL, 1, NULL, NULL, 19);
INSERT INTO `synet_watercons` VALUES (410, 412, '2025-07-08', 23409, 23287, NULL, 122, 122, 122, 0.3, 36.6, 6.1, 'Πιτροπάκης Βασίλειος Γεωργίου, 08-07-2025, 23409 - 23287 = 122 κυβικά, 36.60€', NULL, 1, NULL, NULL, 95);
INSERT INTO `synet_watercons` VALUES (411, 413, '2025-07-08', 23522, 23409, NULL, 113, 113, 113, 0.3, 33.9, 5.65, 'Πιτροπάκης Γεώργιος Νικολάου, 08-07-2025, 23522 - 23409 = 113 κυβικά, 33.90€', NULL, 1, NULL, NULL, 35);
INSERT INTO `synet_watercons` VALUES (412, 414, '2025-07-08', 23522, 23522, NULL, 0, 0, 0, 0.3, 0, 0, 'Απώλεια None None, 08-07-2025, 23522 - 23522 = 0 κυβικά, 0.00€', NULL, 1, NULL, NULL, 25);
INSERT INTO `synet_watercons` VALUES (413, 415, '2025-07-09', 23889, 23522, NULL, 367, 367, 367, 0.3, 110.1, 18.35, 'Πατιτάκης Γεώργιος Εμμανουήλ, 09-07-2025, 23889 - 23522 = 367 κυβικά, 110.10€', NULL, 1, NULL, NULL, 18);
INSERT INTO `synet_watercons` VALUES (414, 416, '2025-07-09', 4563, 4378, NULL, 185, 185, 185, 0.5, 92.5, 9.25, 'Βασιλάκης Ιωάννης Νικολάου, 09-07-2025, 4563 - 4378 = 185 κυβικά, 92.50€', NULL, 2, NULL, NULL, 9);
INSERT INTO `synet_watercons` VALUES (415, 417, '2025-07-10', 4829, 4563, NULL, 266, 266, 266, 0.3, 79.8, 13.3, 'Βασιλάκη-Μηλιαράκη Άννα Ιωάννου, 10-07-2025, 4829 - 4563 = 266 κυβικά, 79.80€', NULL, 2, NULL, NULL, 71);
INSERT INTO `synet_watercons` VALUES (416, 418, '2025-07-11', 4913, 4829, NULL, 84, 84, 84, 0.3, 25.2, 4.2, 'Russi Adem(Ανδρέας) None, 11-07-2025, 4913 - 4829 = 84 κυβικά, 25.20€', NULL, 2, NULL, NULL, 1);
INSERT INTO `synet_watercons` VALUES (417, 419, '2025-07-09', 23930, 23889, NULL, 41, 41, 41, 0.3, 12.3, 2.05, 'Παπαδημητρόπουλος Γεώργιος Άγγελου, 9-07-2025, 23930 - 23889 = 41 κυβικά, 12.30€', NULL, 1, NULL, NULL, 22);
INSERT INTO `synet_watercons` VALUES (418, 420, '2025-07-10', 24177, 23930, NULL, 247, 247, 247, 0.3, 74.1, 12.35, 'Κικάκης Μιχαήλ Ιωάννου, 10-07-2025, 24177 - 23930 = 247 κυβικά, 74.10€', NULL, 1, NULL, NULL, 7);
INSERT INTO `synet_watercons` VALUES (419, 421, '2025-07-12', 24652, 24177, NULL, 475, 475, 475, 0.3, 142.5, 23.75, 'Ζώτος Σπύρος, 12-07-2025, 24652 - 24177 = 475 κυβικά, 142.50€', NULL, 1, NULL, NULL, 6);
INSERT INTO `synet_watercons` VALUES (420, 422, '2025-07-12', 24696, 24652, NULL, 44, 44, 44, 0.3, 13.2, 2.2, 'Βερβελάκη Ευαγγελία Εμμανουήλ, 12-07-2025, 24696 - 24652 = 44 κυβικά, 13.20€', NULL, 1, NULL, NULL, 109);
INSERT INTO `synet_watercons` VALUES (421, 423, '2025-07-12', 24896, 24696, NULL, 200, 200, 200, 0.3, 60, 10, 'Βαρδάκης Εμμανουήλ Ματθαίου, 12-07-2025, 24896 - 24696 = 200 κυβικά, 60.00€', NULL, 1, NULL, NULL, 17);
INSERT INTO `synet_watercons` VALUES (422, 424, '2025-07-09', 16914, 16820, NULL, 94, 94, 94, 0.3, 28.2, 4.7, 'Βερβελάκη Ευαγγελία Εμμανουήλ, 09-07-2025, 16914 - 16820 = 94 κυβικά, 28.20€', NULL, 3, NULL, NULL, 109);
INSERT INTO `synet_watercons` VALUES (423, 425, '2025-07-14', 25214, 24896, NULL, 318, 318, 318, 0.3, 95.4, 15.9, 'Russi Bilal(Χρήστος) None, 14-07-2025, 25214 - 24896 = 318 κυβικά, 95.40€', NULL, 1, NULL, NULL, 2);
INSERT INTO `synet_watercons` VALUES (424, 426, '2025-07-14', 4998, 4913, NULL, 85, 85, 85, 0.3, 25.5, 4.25, 'Russi Bilal(Χρήστος) None, 14-07-2025, 4998 - 4913 = 85 κυβικά, 25.50€', NULL, 2, NULL, NULL, 2);
INSERT INTO `synet_watercons` VALUES (425, 427, '2025-07-13', 12414, 12145, NULL, 269, 269, 269, 0.4, 107.6, 13.45, 'Ρεστιβάκη(Παπαδημητροπούλου) Γεωργία Μιχαήλ, 13-07-2025, 12414 - 12145 = 269 κυβικά, 107.60€', NULL, 4, NULL, NULL, 20);
INSERT INTO `synet_watercons` VALUES (426, 428, '2025-07-14', 16947, 16914, NULL, 33, 33, 33, 0.3, 9.9, 1.65, 'Μπρότσικας Κώστας None, 14-07-2025, 16947 - 16914 = 33 κυβικά, 9.90€', NULL, 3, NULL, NULL, 32);
INSERT INTO `synet_watercons` VALUES (427, 429, '2025-07-15', 25402, 25214, NULL, 188, 188, 188, 0.3, 56.4, 9.4, 'Μαρουλάκης Ιωάννης Νικολάου, 15-07-2025, 25402 - 25214 = 188 κυβικά, 56.40€', NULL, 1, NULL, NULL, 3);
INSERT INTO `synet_watercons` VALUES (428, 430, '2025-07-15', 25486, 25402, NULL, 84, 84, 84, 0.3, 25.2, 4.2, 'Χατζοβασιλάκη Δανάη Δημητρίου, 15-07-2025, 25486 - 25402 = 84 κυβικά, 25.20€', NULL, 1, NULL, NULL, 29);
INSERT INTO `synet_watercons` VALUES (429, 431, '2025-07-15', 25561, 25486, NULL, 75, 75, 75, 0.3, 22.5, 3.75, 'Πατιτάκης Εμμανουήλ Γεωργίου, 15-07-2025, 25561 - 25486 = 75 κυβικά, 22.50€', NULL, 1, NULL, NULL, 8);
INSERT INTO `synet_watercons` VALUES (430, 432, '2025-07-16', 25897, 25561, NULL, 336, 336, 336, 0.3, 100.8, 16.8, 'Μαρουλάκης Στυλιανός Γεωργίου, 16-07-2025, 25897 - 25561 = 336 κυβικά, 100.80€', NULL, 1, NULL, NULL, 14);
INSERT INTO `synet_watercons` VALUES (431, 433, '2025-07-17', 26252, 25897, NULL, 355, 355, 355, 0.3, 106.5, 17.75, 'Βερβελάκης Γεώργιος Νικολάου, 17-07-2025, 26252 - 25897 = 355 κυβικά, 106.50€', NULL, 1, NULL, NULL, 5);

-- Drop table if exists `synet_paids`
DROP TABLE IF EXISTS `synet_paids`;

-- Table structure for `synet_paids`
CREATE TABLE `synet_paids` (`id` INT NOT NULL, `paid` decimal DEFAULT NULL, `paymentDate` date DEFAULT NULL, `balance` decimal DEFAULT NULL, `receiver_id` bigint DEFAULT NULL, `irrigation_id` bigint NOT NULL, `customer_id` bigint NOT NULL, `receiptNumber` INT, `cost` decimal DEFAULT NULL) ENGINE=InnoDB DEFAULT CHARSET=utf8mb4 COLLATE=utf8mb4_unicode_ci;
INSERT INTO `synet_paids` VALUES (1, 182.1, '2024-04-03', 0, 1, 5, 5, 5322, 182.1);
INSERT INTO `synet_paids` VALUES (2, 161.7, '2024-05-01', 0, 1, 39, 5, 5356, 161.7);
INSERT INTO `synet_paids` VALUES (3, 60, '2024-03-13', 0, 1, 1, 1, 5318, 60);
INSERT INTO `synet_paids` VALUES (4, 34.8, '2024-03-14', 0, 1, 2, 2, 5319, 34.8);
INSERT INTO `synet_paids` VALUES (5, 42.6, '2025-05-28', 0, 1, 3, 3, 5320, 42.6);
INSERT INTO `synet_paids` VALUES (6, 89.4, '2025-05-28', 0, 1, 6, 6, 5323, 89.4);
INSERT INTO `synet_paids` VALUES (7, 63, '2025-05-28', 0, 1, 7, 7, 5324, 63);
INSERT INTO `synet_paids` VALUES (8, 53.4, '2025-05-28', 0, 1, 8, 8, 5325, 53.4);
INSERT INTO `synet_paids` VALUES (9, 25.8, '2025-05-28', 0, 1, 9, 7, 5326, 25.8);
INSERT INTO `synet_paids` VALUES (10, 66.9, '2025-05-28', 0, 1, 10, 9, 5327, 66.9);
INSERT INTO `synet_paids` VALUES (11, 57.3, '2025-05-28', 0, 1, 4, 4, 5321, 57.3);
INSERT INTO `synet_paids` VALUES (12, 25.5, '2025-05-28', 0, 1, 11, 6, 5328, 25.5);
INSERT INTO `synet_paids` VALUES (13, 90, '2025-05-28', 0, 1, 12, 10, 5329, 90);
INSERT INTO `synet_paids` VALUES (14, 105.3, '2025-05-28', 0, 1, 13, 8, 5330, 105.3);
INSERT INTO `synet_paids` VALUES (15, 60, '2025-05-28', 0, 1, 14, 11, 5331, 60);
INSERT INTO `synet_paids` VALUES (16, 0, NULL, -57, NULL, 15, 12, 5332, 57);
INSERT INTO `synet_paids` VALUES (17, 16.5, '2025-05-28', 0, 1, 16, 10, 5333, 16.5);
INSERT INTO `synet_paids` VALUES (18, 72.9, '2025-05-28', 0, 1, 17, 3, 5334, 72.9);
INSERT INTO `synet_paids` VALUES (19, 103.8, '2025-05-28', 0, 1, 18, 13, 5335, 103.8);
INSERT INTO `synet_paids` VALUES (20, 19.5, '2025-05-28', 0, 1, 19, 14, 5336, 19.5);
INSERT INTO `synet_paids` VALUES (21, 26.4, '2025-05-28', 0, 1, 20, 10, 5337, 26.4);
INSERT INTO `synet_paids` VALUES (22, 55.5, '2025-05-28', 0, 1, 21, 14, 5338, 55.5);
INSERT INTO `synet_paids` VALUES (23, 83.7, '2025-05-28', 0, 1, 22, 15, 5339, 83.7);
INSERT INTO `synet_paids` VALUES (24, 58.8, '2025-05-28', 0, 1, 23, 16, 5340, 58.8);
INSERT INTO `synet_paids` VALUES (25, 18.6, '2025-05-28', 0, 1, 24, 1, 5341, 18.6);
INSERT INTO `synet_paids` VALUES (26, 20.7, '2025-05-28', 0, 1, 25, 7, 5342, 20.7);
INSERT INTO `synet_paids` VALUES (27, 55.8, '2025-05-28', 0, 1, 26, 11, 5343, 55.8);
INSERT INTO `synet_paids` VALUES (28, 95.7, '2025-05-28', 0, 1, 27, 17, 5344, 95.7);
INSERT INTO `synet_paids` VALUES (29, 46.5, '2025-05-28', 0, 1, 28, 6, 5345, 46.5);
INSERT INTO `synet_paids` VALUES (30, 103.2, '2025-05-28', 0, 1, 29, 1, 5346, 103.2);
INSERT INTO `synet_paids` VALUES (31, 84, '2025-05-28', 0, 1, 30, 8, 5347, 84);
INSERT INTO `synet_paids` VALUES (32, 25.2, '2025-05-28', 0, 1, 31, 14, 5348, 25.2);
INSERT INTO `synet_paids` VALUES (33, 30.6, '2025-05-28', 0, 1, 32, 6, 5349, 30.6);
INSERT INTO `synet_paids` VALUES (34, 23.4, '2025-05-28', 0, 1, 33, 18, 5350, 23.4);
INSERT INTO `synet_paids` VALUES (35, 51.9, '2025-05-28', 0, 1, 34, 10, 5351, 51.9);
INSERT INTO `synet_paids` VALUES (36, 99.6, '2025-05-28', 0, 1, 35, 2, 5352, 99.6);
INSERT INTO `synet_paids` VALUES (37, 57.6, '2025-05-28', 0, 1, 36, 19, 5353, 57.6);
INSERT INTO `synet_paids` VALUES (38, 30.3, '2025-05-28', 0, 1, 37, 57, 5354, 30.3);
INSERT INTO `synet_paids` VALUES (39, 43.8, '2025-05-28', 0, 1, 38, 13, 5355, 43.8);
INSERT INTO `synet_paids` VALUES (40, 0, NULL, -45, NULL, 40, 21, 5357, 45);
INSERT INTO `synet_paids` VALUES (41, 14.7, '2025-05-28', 0, 1, 41, 22, 5358, 14.7);
INSERT INTO `synet_paids` VALUES (42, 67.5, '2025-05-28', 0, 1, 42, 9, 5359, 67.5);
INSERT INTO `synet_paids` VALUES (43, 46.5, '2025-05-28', 0, 1, 43, 4, 5360, 46.5);
INSERT INTO `synet_paids` VALUES (44, 96.3, '2025-05-28', 0, 1, 44, 15, 5361, 96.3);
INSERT INTO `synet_paids` VALUES (45, 136.5, '2025-05-28', 0, 1, 45, 23, 5362, 136.5);
INSERT INTO `synet_paids` VALUES (46, 82, '2025-05-28', 0, 1, 46, 57, 5363, 82);
INSERT INTO `synet_paids` VALUES (47, 29.4, '2025-05-28', 0, 1, 47, 23, 5364, 29.4);
INSERT INTO `synet_paids` VALUES (48, 30.9, '2025-05-28', 0, 1, 48, 16, 5365, 30.9);
INSERT INTO `synet_paids` VALUES (49, 73.2, '2025-05-28', 0, 1, 49, 6, 5366, 73.2);
INSERT INTO `synet_paids` VALUES (50, 66.3, '2025-05-28', 0, 1, 50, 8, 5367, 66.3);
INSERT INTO `synet_paids` VALUES (51, 14.7, '2025-05-28', 0, 1, 51, 15, 5368, 14.7);
INSERT INTO `synet_paids` VALUES (52, 23.7, '2025-05-28', 0, 1, 52, 20, 5369, 23.7);
INSERT INTO `synet_paids` VALUES (53, 0, NULL, -26.1, NULL, 53, 21, 5370, 26.1);
INSERT INTO `synet_paids` VALUES (54, 31.5, '2025-05-28', 0, 1, 54, 3, 5371, 31.5);
INSERT INTO `synet_paids` VALUES (55, 7.5, '2025-05-28', 0, 1, 55, 6, 5372, 7.5);
INSERT INTO `synet_paids` VALUES (56, 96.3, '2025-05-28', 0, 1, 56, 7, 5373, 96.3);
INSERT INTO `synet_paids` VALUES (57, 66.9, '2025-05-28', 0, 1, 57, 6, 5374, 66.9);
INSERT INTO `synet_paids` VALUES (58, 41.1, '2025-05-28', 0, 1, 58, 20, 5375, 41.1);
INSERT INTO `synet_paids` VALUES (59, 30, '2025-05-28', 0, 1, 59, 24, 5376, 30);
INSERT INTO `synet_paids` VALUES (60, 97.2, '2025-05-28', 0, 1, 60, 10, 5377, 97.2);
INSERT INTO `synet_paids` VALUES (61, 20.4, '2025-05-28', 0, 1, 61, 14, 5378, 20.4);
INSERT INTO `synet_paids` VALUES (62, 24.9, '2025-05-28', 0, 1, 62, 10, 5379, 24.9);
INSERT INTO `synet_paids` VALUES (63, 69, '2025-05-28', 0, 1, 63, 1, 5380, 69);
INSERT INTO `synet_paids` VALUES (64, 24.9, '2025-05-28', 0, 1, 64, 1, 5381, 24.9);
INSERT INTO `synet_paids` VALUES (65, 102.3, '2025-05-28', 0, 1, 65, 23, 5382, 102.3);
INSERT INTO `synet_paids` VALUES (66, 16.5, '2025-05-28', 0, 1, 67, 14, 5383, 16.5);
INSERT INTO `synet_paids` VALUES (67, 60, '2025-05-28', 0, 1, 77, 27, 5384, 60);
INSERT INTO `synet_paids` VALUES (68, 57.3, '2025-05-28', 0, 1, 73, 26, 5385, 57.3);
INSERT INTO `synet_paids` VALUES (69, 39.3, '2025-05-28', 0, 1, 79, 28, 5386, 39.3);
INSERT INTO `synet_paids` VALUES (70, 16.5, '2025-05-28', 0, 1, 328, 14, 5389, 16.5);
INSERT INTO `synet_paids` VALUES (71, 33, '2025-05-28', 0, 1, 68, 14, 5390, 33);
INSERT INTO `synet_paids` VALUES (72, 17.7, '2025-05-28', 0, 1, 69, 10, 5391, 17.7);
INSERT INTO `synet_paids` VALUES (73, 144.9, '2025-05-28', 0, 1, 71, 13, 5392, 144.9);
INSERT INTO `synet_paids` VALUES (74, 26.1, '2025-05-28', 0, 1, 72, 10, 5393, 26.1);
INSERT INTO `synet_paids` VALUES (75, 78.3, '2025-05-28', 0, 1, 74, 2, 5394, 78.3);
INSERT INTO `synet_paids` VALUES (76, 15.6, '2025-05-28', 0, 1, 75, 2, 5395, 15.6);
INSERT INTO `synet_paids` VALUES (77, 190.5, '2025-05-28', 0, 1, 76, 5, 5396, 190.5);
INSERT INTO `synet_paids` VALUES (78, 102.6, '2025-05-28', 0, 1, 78, 17, 5397, 102.6);
INSERT INTO `synet_paids` VALUES (79, 74.1, '2025-05-28', 0, 1, 80, 20, 5398, 74.1);
INSERT INTO `synet_paids` VALUES (80, 42.3, '2025-05-28', 0, 1, 81, 29, 5399, 42.3);
INSERT INTO `synet_paids` VALUES (81, 91.5, '2025-05-28', 0, 1, 82, 30, 5400, 91.5);
INSERT INTO `synet_paids` VALUES (82, 0, NULL, NULL, NULL, 66, 25, 1, NULL);
INSERT INTO `synet_paids` VALUES (83, 0, NULL, NULL, NULL, 70, 25, 2, NULL);
INSERT INTO `synet_paids` VALUES (84, 51, '2025-05-29', 0, 1, 91, 9, 5401, 51);
INSERT INTO `synet_paids` VALUES (85, 0, NULL, -72.9, NULL, 92, 21, 5402, 72.9);
INSERT INTO `synet_paids` VALUES (86, 84.8, '2025-05-29', 0, 1, 90, 19, 5403, 84.8);
INSERT INTO `synet_paids` VALUES (87, 97.8, '2025-05-29', 0, 1, 93, 7, 5404, 97.8);
INSERT INTO `synet_paids` VALUES (88, 62.1, '2025-05-29', 0, 1, 89, 16, 5405, 62.1);
INSERT INTO `synet_paids` VALUES (89, 101.1, '2025-05-29', 0, 1, 83, 11, 5406, 101.1);
INSERT INTO `synet_paids` VALUES (90, 18, '2025-05-29', 0, 1, 84, 22, 5407, 18);
INSERT INTO `synet_paids` VALUES (91, 74.7, '2025-05-29', 0, 1, 85, 6, 5408, 74.7);
INSERT INTO `synet_paids` VALUES (92, 72.6, '2025-05-29', 0, 1, 86, 26, 5409, 72.6);
INSERT INTO `synet_paids` VALUES (93, 47.7, '2025-05-29', 0, 1, 87, 4, 5410, 47.7);
INSERT INTO `synet_paids` VALUES (94, 40.2, '2025-05-29', 0, 1, 88, 1, 5411, 40.2);
INSERT INTO `synet_paids` VALUES (95, 18, '2025-05-29', 0, 1, 94, 20, 5412, 18);
INSERT INTO `synet_paids` VALUES (96, 45.2, '2025-05-29', 0, 1, 95, 20, 5413, 45.2);
INSERT INTO `synet_paids` VALUES (97, 101.1, '2025-05-29', 0, 1, 96, 15, 5414, 101.1);
INSERT INTO `synet_paids` VALUES (98, 0, NULL, -50.7, NULL, 97, 12, 5415, 50.7);
INSERT INTO `synet_paids` VALUES (99, 0, NULL, -18, NULL, 98, 21, 5416, 18);
INSERT INTO `synet_paids` VALUES (100, 48.3, '2025-05-29', 0, 1, 99, 3, 5417, 48.3);
INSERT INTO `synet_paids` VALUES (101, 0, NULL, -131.4, NULL, 100, 23, 5418, 131.4);
INSERT INTO `synet_paids` VALUES (102, 38.1, '2025-05-29', 0, 1, 101, 20, 5419, 38.1);
INSERT INTO `synet_paids` VALUES (103, 100.2, '2025-05-29', 0, 1, 102, 31, 5420, 100.2);
INSERT INTO `synet_paids` VALUES (104, 21.6, '2025-05-29', 0, 1, 103, 31, 5421, 21.6);
INSERT INTO `synet_paids` VALUES (105, 22.2, '2025-05-29', 0, 1, 104, 14, 5422, 22.2);
INSERT INTO `synet_paids` VALUES (106, 75.3, '2025-05-29', 0, 1, 105, 2, 5423, 75.3);
INSERT INTO `synet_paids` VALUES (107, 20.1, '2025-05-29', 0, 1, 106, 2, 5424, 20.1);
INSERT INTO `synet_paids` VALUES (108, 51.6, '2025-05-29', 0, 1, 107, 20, 5425, 51.6);
INSERT INTO `synet_paids` VALUES (109, 60.9, '2025-05-29', 0, 1, 108, 1, 5426, 60.9);
INSERT INTO `synet_paids` VALUES (110, 29.1, '2025-05-29', 0, 1, 109, 1, 5427, 29.1);
INSERT INTO `synet_paids` VALUES (111, 21.6, '2025-05-29', 0, 1, 110, 26, 5428, 21.6);
INSERT INTO `synet_paids` VALUES (112, 113.1, '2025-05-29', 0, 1, 111, 8, 5429, 113.1);
INSERT INTO `synet_paids` VALUES (113, 204.9, '2025-05-29', 0, 1, 112, 5, 5430, 204.9);
INSERT INTO `synet_paids` VALUES (114, 10.8, '2025-05-29', 0, 1, 113, 32, 5431, 10.8);
INSERT INTO `synet_paids` VALUES (115, 21.9, '2025-05-29', 0, 1, 114, 31, 5432, 21.9);
INSERT INTO `synet_paids` VALUES (116, 16.5, '2025-05-29', 0, 1, 116, 13, 5433, 16.5);
INSERT INTO `synet_paids` VALUES (117, 40.2, '2025-05-29', 0, 1, 115, 14, 5434, 40.2);
INSERT INTO `synet_paids` VALUES (118, 35.7, '2025-05-29', 0, 1, 117, 14, 5435, 35.7);
INSERT INTO `synet_paids` VALUES (119, 18, '2025-05-29', 0, 1, 118, 7, 5436, 18);
INSERT INTO `synet_paids` VALUES (120, 41.4, '2025-05-29', 0, 1, 119, 28, 5437, 41.4);
INSERT INTO `synet_paids` VALUES (121, 2.4, '2025-05-29', 0, 1, 329, 13, 5438, 2.4);
INSERT INTO `synet_paids` VALUES (122, 105, '2025-05-29', 0, 1, 120, 26, 5439, 105);
INSERT INTO `synet_paids` VALUES (123, 78.6, '2025-05-29', 0, 1, 121, 16, 5440, 78.6);
INSERT INTO `synet_paids` VALUES (124, 112.8, '2025-05-29', 0, 1, 122, 13, 5441, 112.8);
INSERT INTO `synet_paids` VALUES (125, 82.5, '2025-05-29', 0, 1, 123, 17, 5442, 82.5);
INSERT INTO `synet_paids` VALUES (126, 44.1, '2025-05-29', 0, 1, 124, 4, 5443, 44.1);
INSERT INTO `synet_paids` VALUES (127, 40.2, '2025-05-29', 0, 1, 125, 20, 5444, 40.2);
INSERT INTO `synet_paids` VALUES (128, 49.6, '2025-05-29', 0, 1, 126, 20, 5445, 49.6);
INSERT INTO `synet_paids` VALUES (129, 36.8, '2025-05-29', 0, 1, 127, 24, 5446, 36.8);
INSERT INTO `synet_paids` VALUES (130, 9.6, '2025-05-29', 0, 1, 128, 22, 5447, 9.6);
INSERT INTO `synet_paids` VALUES (131, 24.3, '2025-05-29', 0, 1, 129, 33, 5448, 24.3);
INSERT INTO `synet_paids` VALUES (132, 0, NULL, -42, NULL, 131, 34, 5449, 42);
INSERT INTO `synet_paids` VALUES (133, 0, NULL, -48.9, NULL, 130, 34, 5450, 48.9);
INSERT INTO `synet_paids` VALUES (134, 96.9, '2025-05-29', 0, 1, 132, 30, 5451, 96.9);
INSERT INTO `synet_paids` VALUES (135, 0, NULL, -68.4, NULL, 133, 35, 5452, 68.4);
INSERT INTO `synet_paids` VALUES (136, 98.1, '2025-05-29', 0, 1, 134, 6, 5453, 98.1);
INSERT INTO `synet_paids` VALUES (137, 48.6, '2025-05-29', 0, 1, 135, 28, 5454, 48.6);
INSERT INTO `synet_paids` VALUES (138, 0, NULL, -92.7, NULL, 136, 21, 5455, 92.7);
INSERT INTO `synet_paids` VALUES (139, 25.5, '2025-05-29', 0, 1, 137, 26, 5456, 25.5);
INSERT INTO `synet_paids` VALUES (140, 55.2, '2025-05-29', 0, 1, 138, 3, 5457, 55.2);
INSERT INTO `synet_paids` VALUES (141, 33, '2025-05-29', 0, 1, 139, 1, 5458, 33);
INSERT INTO `synet_paids` VALUES (142, 90.6, '2025-05-29', 0, 1, 140, 11, 5459, 90.6);
INSERT INTO `synet_paids` VALUES (143, 86.1, '2025-05-29', 0, 1, 141, 2, 5460, 86.1);
INSERT INTO `synet_paids` VALUES (144, 34.2, '2025-05-29', 0, 1, 142, 36, 5461, 34.2);
INSERT INTO `synet_paids` VALUES (145, 81, '2025-05-29', 0, 1, 143, 15, 5462, 81);
INSERT INTO `synet_paids` VALUES (146, 78.6, '2025-05-29', 0, 1, 144, 28, 5463, 78.6);
INSERT INTO `synet_paids` VALUES (147, 8.2, '2025-05-29', -28.1, 1, 145, 4, 5464, 36.3);
INSERT INTO `synet_paids` VALUES (148, 86.4, '2025-05-29', 0, 1, 146, 31, 5465, 86.4);
INSERT INTO `synet_paids` VALUES (149, 72.9, '2025-05-29', 0, 1, 147, 14, 5466, 72.9);
INSERT INTO `synet_paids` VALUES (150, 13.5, '2025-05-29', 0, 1, 148, 31, 5467, 13.5);
INSERT INTO `synet_paids` VALUES (151, 0, NULL, -12.6, NULL, 149, 37, 5468, 12.6);
INSERT INTO `synet_paids` VALUES (152, 27.3, '2025-05-29', 0, 1, 150, 31, 5469, 27.3);
INSERT INTO `synet_paids` VALUES (153, 0, NULL, -15.9, NULL, 151, 21, 5470, 15.9);
INSERT INTO `synet_paids` VALUES (154, 187.2, '2025-05-29', 0, 1, 152, 5, 5471, 187.2);
INSERT INTO `synet_paids` VALUES (155, 66, '2025-05-29', 0, 1, 153, 38, 5472, 66);
INSERT INTO `synet_paids` VALUES (156, 101.4, '2025-05-29', 0, 1, 154, 1, 5473, 101.4);
INSERT INTO `synet_paids` VALUES (157, 0, NULL, -65.1, NULL, 155, 16, 5474, 65.1);
INSERT INTO `synet_paids` VALUES (158, 9.9, '2025-05-29', 0, 1, 156, 7, 5475, 9.9);
INSERT INTO `synet_paids` VALUES (159, 110.1, '2025-05-29', 0, 1, 157, 13, 5476, 110.1);
INSERT INTO `synet_paids` VALUES (160, 84.3, '2025-05-29', 0, 1, 158, 17, 5477, 84.3);
INSERT INTO `synet_paids` VALUES (161, 0, NULL, -29.7, NULL, 159, 39, 5478, 29.7);
INSERT INTO `synet_paids` VALUES (162, 20.4, '2025-05-29', 0, 1, 160, 6, 5479, 20.4);
INSERT INTO `synet_paids` VALUES (163, 0, NULL, -52.4, NULL, 161, 19, 5480, 52.4);
INSERT INTO `synet_paids` VALUES (164, 9, '2025-05-29', 0, 1, 162, 22, 5481, 9);
INSERT INTO `synet_paids` VALUES (165, 124.8, '2025-05-29', 0, 1, 163, 8, 5482, 124.8);
INSERT INTO `synet_paids` VALUES (166, 112.2, '2025-05-29', 0, 1, 164, 6, 5483, 112.2);
INSERT INTO `synet_paids` VALUES (167, 0, NULL, -60.6, NULL, 165, 9, 5484, 60.6);
INSERT INTO `synet_paids` VALUES (168, 0, NULL, -87.3, NULL, 166, 23, 5485, 87.3);
INSERT INTO `synet_paids` VALUES (169, 98.7, '2025-05-29', 0, 1, 167, 40, 5486, 98.7);
INSERT INTO `synet_paids` VALUES (170, 0, NULL, -45.3, NULL, 168, 35, 5487, 45.3);
INSERT INTO `synet_paids` VALUES (171, 0, NULL, -48, NULL, 169, 41, 5488, 48);
INSERT INTO `synet_paids` VALUES (172, 40.5, '2025-05-29', 0, 1, 170, 36, 5489, 40.5);
INSERT INTO `synet_paids` VALUES (173, 84.9, '2025-05-29', 0, 1, 171, 7, 5490, 84.9);
INSERT INTO `synet_paids` VALUES (174, 90.6, '2025-05-29', 0, 1, 172, 2, 5491, 90.6);
INSERT INTO `synet_paids` VALUES (175, 88.2, '2025-05-29', 0, 1, 173, 1, 5492, 88.2);
INSERT INTO `synet_paids` VALUES (176, 0, NULL, -51, NULL, 174, 3, 5493, 51);
INSERT INTO `synet_paids` VALUES (177, 21.3, '2025-05-29', 0, 1, 175, 26, 5494, 21.3);
INSERT INTO `synet_paids` VALUES (178, 71.1, '2025-05-29', 0, 1, 176, 11, 5495, 71.1);
INSERT INTO `synet_paids` VALUES (179, 31.2, '2025-05-29', 0, 1, 177, 24, 5496, 31.2);
INSERT INTO `synet_paids` VALUES (180, 0, NULL, -46.2, NULL, 178, 4, 5497, 46.2);
INSERT INTO `synet_paids` VALUES (181, 34.2, '2025-05-29', 0, 1, 179, 15, 5498, 34.2);
INSERT INTO `synet_paids` VALUES (182, 108.6, '2025-05-29', 0, 1, 180, 5, 5499, 108.6);
INSERT INTO `synet_paids` VALUES (183, 17.7, '2025-05-29', 0, 1, 181, 31, 5500, 17.7);
INSERT INTO `synet_paids` VALUES (184, 75.9, '2025-05-29', 0, 1, 182, 14, 5551, 75.9);
INSERT INTO `synet_paids` VALUES (185, 28.5, '2025-05-29', 0, 1, 185, 14, 5552, 28.5);
INSERT INTO `synet_paids` VALUES (186, 0, NULL, -60.3, NULL, 183, 21, 5553, 60.3);
INSERT INTO `synet_paids` VALUES (187, 105.3, '2025-05-29', 0, 1, 184, 26, 5554, 105.3);
INSERT INTO `synet_paids` VALUES (188, 59.1, '2025-05-29', 0, 1, 186, 20, 5555, 59.1);
INSERT INTO `synet_paids` VALUES (189, 99.2, '2025-05-29', 0, 1, 187, 20, 5556, 99.2);
INSERT INTO `synet_paids` VALUES (190, 28.5, '2025-05-29', 0, 1, 188, 31, 5557, 28.5);
INSERT INTO `synet_paids` VALUES (191, 81.6, '2025-05-29', 0, 1, 190, 28, 5558, 81.6);
INSERT INTO `synet_paids` VALUES (192, 52.8, '2025-05-29', 0, 1, 189, 6, 5559, 52.8);
INSERT INTO `synet_paids` VALUES (193, 152.1, '2025-05-29', 0, 1, 191, 5, 5560, 152.1);
INSERT INTO `synet_paids` VALUES (194, 35.1, '2025-05-29', 0, 1, 192, 36, 5561, 35.1);
INSERT INTO `synet_paids` VALUES (195, 68.4, '2025-05-29', 19.2, 1, 193, 31, 5562, 49.2);
INSERT INTO `synet_paids` VALUES (196, 0, NULL, -19.2, NULL, 194, 31, NULL, 19.2);
INSERT INTO `synet_paids` VALUES (197, 87.9, '2025-05-29', 0, 1, 195, 17, 5563, 87.9);
INSERT INTO `synet_paids` VALUES (198, 72.9, '2025-05-29', 0, 1, 196, 13, 5564, 72.9);
INSERT INTO `synet_paids` VALUES (199, 45.2, '2025-05-29', -110.5, 1, 197, 30, 5565, 155.7);
INSERT INTO `synet_paids` VALUES (200, 44.7, '2025-05-29', 0, 1, 198, 26, 5566, 44.7);
INSERT INTO `synet_paids` VALUES (201, 0, NULL, -60.9, NULL, 199, 9, 5567, 60.9);
INSERT INTO `synet_paids` VALUES (202, 0, NULL, -69.6, NULL, 200, 23, 5568, 69.6);
INSERT INTO `synet_paids` VALUES (203, 0, NULL, -23.2, NULL, 201, 23, 5569, 23.2);
INSERT INTO `synet_paids` VALUES (204, 0, NULL, -42.6, NULL, 204, 2, 5571, 42.6);
INSERT INTO `synet_paids` VALUES (205, 0, NULL, -45, NULL, 205, 21, 5572, 45);
INSERT INTO `synet_paids` VALUES (206, 0, NULL, -33.6, NULL, 206, 4, 5573, 33.6);
INSERT INTO `synet_paids` VALUES (207, 49.5, '2025-05-29', 0, 1, 207, 28, 5574, 49.5);
INSERT INTO `synet_paids` VALUES (208, 48, '2025-05-29', 0, 1, 208, 29, 5575, 48);
INSERT INTO `synet_paids` VALUES (209, 0, NULL, -45.9, NULL, 202, 3, 5576, 45.9);
INSERT INTO `synet_paids` VALUES (210, 69.9, '2025-05-29', 0, 1, 203, 6, 5577, 69.9);
INSERT INTO `synet_paids` VALUES (211, 49.8, '2025-05-29', 0, 1, 209, 7, 5578, 49.8);
INSERT INTO `synet_paids` VALUES (212, 42, '2025-05-29', 0, 1, 210, 5, 5579, 42);
INSERT INTO `synet_paids` VALUES (213, 0, NULL, -33, NULL, 211, 1, 5580, 33);
INSERT INTO `synet_paids` VALUES (214, 18, '2025-05-29', 0, 1, 212, 31, 5581, 18);
INSERT INTO `synet_paids` VALUES (215, 64.2, '2025-05-29', 0, 1, 213, 5, 5582, 64.2);
INSERT INTO `synet_paids` VALUES (216, 80.7, '2025-05-29', 24, 1, 216, 31, 5583, 56.7);
INSERT INTO `synet_paids` VALUES (217, 0, NULL, -12.9, NULL, 214, 31, NULL, 12.9);
INSERT INTO `synet_paids` VALUES (218, 0, NULL, -11.1, NULL, 217, 31, NULL, 11.1);
INSERT INTO `synet_paids` VALUES (219, 57.3, '2025-05-29', 0, 1, 215, 26, 5584, 57.3);
INSERT INTO `synet_paids` VALUES (220, 80.1, '2025-05-29', 0, 1, 218, 11, 5585, 80.1);
INSERT INTO `synet_paids` VALUES (221, 0, NULL, -10.8, NULL, 219, 22, 5586, 10.8);
INSERT INTO `synet_paids` VALUES (222, 41.4, '2025-05-29', 0, 1, 220, 26, 5587, 41.4);
INSERT INTO `synet_paids` VALUES (223, 0, NULL, -61.8, NULL, 221, 21, 5588, 61.8);
INSERT INTO `synet_paids` VALUES (224, 0, NULL, -27.9, NULL, 222, 1, 5589, 27.9);
INSERT INTO `synet_paids` VALUES (225, 90.9, '2025-05-29', 0, 1, 223, 14, 5590, 90.9);
INSERT INTO `synet_paids` VALUES (226, 108, '2025-05-29', 0, 1, 224, 17, 5591, 108);
INSERT INTO `synet_paids` VALUES (227, 39, '2025-05-29', 0, 1, 225, 36, 5592, 39);
INSERT INTO `synet_paids` VALUES (228, 78.9, '2025-05-29', 0, 1, 226, 31, 5593, 78.9);
INSERT INTO `synet_paids` VALUES (229, 36.9, '2025-05-29', 0, 1, 227, 5, 5594, 36.9);
INSERT INTO `synet_paids` VALUES (230, 0, NULL, -83.1, NULL, 228, 28, 5595, 83.1);
INSERT INTO `synet_paids` VALUES (231, 42, '2025-05-29', 0, 1, 229, 6, 5596, 42);
INSERT INTO `synet_paids` VALUES (232, 0, NULL, -116, NULL, 230, 20, 5597, 116);
INSERT INTO `synet_paids` VALUES (233, 0, NULL, -45, NULL, 231, 1, 5598, 45);
INSERT INTO `synet_paids` VALUES (234, 0, NULL, -21.3, NULL, 232, 2, 5599, 21.3);
INSERT INTO `synet_paids` VALUES (235, 0, NULL, -29.1, NULL, 233, 23, 5600, 29.1);
INSERT INTO `synet_paids` VALUES (236, 0, NULL, -85.5, NULL, 234, 20, 5601, 85.5);
INSERT INTO `synet_paids` VALUES (237, 0, NULL, -58.5, NULL, 235, 3, 5602, 58.5);
INSERT INTO `synet_paids` VALUES (238, 0, NULL, -143.4, NULL, 236, 8, 5603, 143.4);
INSERT INTO `synet_paids` VALUES (239, 0, NULL, -51.3, NULL, 237, 4, 5604, 51.3);
INSERT INTO `synet_paids` VALUES (240, 0, NULL, -45, NULL, 238, 30, 5605, 45);
INSERT INTO `synet_paids` VALUES (241, 33, '2025-05-31', 0, 1, 239, 6, 5606, 33);
INSERT INTO `synet_paids` VALUES (242, 70.2, '2025-05-31', 0, 1, 240, 26, 5607, 70.2);
INSERT INTO `synet_paids` VALUES (243, 50.4, '2025-05-31', 0, 1, 241, 6, 5608, 50.4);
INSERT INTO `synet_paids` VALUES (244, 111.3, '2025-05-31', 0, 1, 242, 42, 5609, 111.3);
INSERT INTO `synet_paids` VALUES (245, 105, '2025-05-31', 0, 1, 243, 17, 5610, 105);
INSERT INTO `synet_paids` VALUES (246, 0, NULL, -37.8, NULL, 244, 21, 5611, 37.8);
INSERT INTO `synet_paids` VALUES (247, 99, '2025-05-31', 0, 1, 245, 5, 5612, 99);
INSERT INTO `synet_paids` VALUES (248, 0, NULL, -81.6, NULL, 246, 28, 5613, 81.6);
INSERT INTO `synet_paids` VALUES (249, 0, NULL, -49.2, NULL, 247, 19, 5614, 49.2);
INSERT INTO `synet_paids` VALUES (250, 58.5, '2025-05-31', 0, 1, 248, 29, 5615, 58.5);
INSERT INTO `synet_paids` VALUES (251, 0, NULL, -108, NULL, 249, 2, 5616, 108);
INSERT INTO `synet_paids` VALUES (252, 0, NULL, -49.2, NULL, 250, 9, 5617, 49.2);
INSERT INTO `synet_paids` VALUES (253, 27, '2025-05-31', 0, 1, 251, 5, NULL, 27);
INSERT INTO `synet_paids` VALUES (254, 88.8, '2025-05-31', 0, 1, 252, 5, 5618, 88.8);
INSERT INTO `synet_paids` VALUES (255, 0, NULL, -111.6, NULL, 253, 20, 5619, 111.6);
INSERT INTO `synet_paids` VALUES (256, 22.8, '2025-05-31', 0, 1, 254, 31, 5620, 22.8);
INSERT INTO `synet_paids` VALUES (257, 80.4, '2025-05-31', 0, 1, 255, 26, 5621, 80.4);
INSERT INTO `synet_paids` VALUES (258, 76.5, '2025-05-31', 0, 1, 256, 11, 5622, 76.5);
INSERT INTO `synet_paids` VALUES (259, 0, NULL, -57.6, NULL, 257, 20, NULL, 57.6);
INSERT INTO `synet_paids` VALUES (260, 0, NULL, -38.4, NULL, 258, 20, 5623, 38.4);
INSERT INTO `synet_paids` VALUES (261, 40.5, '2025-05-31', 0, 1, 259, 6, 5624, 40.5);
INSERT INTO `synet_paids` VALUES (262, 0, NULL, -40.5, NULL, 260, 21, 5625, 40.5);
INSERT INTO `synet_paids` VALUES (263, 93, '2025-05-31', 0, 1, 261, 31, 5626, 93);
INSERT INTO `synet_paids` VALUES (264, 0, NULL, -66, NULL, 262, 28, 5627, 66);
INSERT INTO `synet_paids` VALUES (265, 98.1, '2025-05-31', 0, 1, 263, 42, 5628, 98.1);
INSERT INTO `synet_paids` VALUES (266, 0, NULL, -61.8, NULL, 264, 23, 5629, 61.8);
INSERT INTO `synet_paids` VALUES (267, 0, NULL, -32.8, NULL, 265, 23, NULL, 32.8);
INSERT INTO `synet_paids` VALUES (268, 0, NULL, -13.2, NULL, 266, 37, 5630, 13.2);
INSERT INTO `synet_paids` VALUES (269, 0, NULL, -33.6, NULL, 267, 4, 5631, 33.6);
INSERT INTO `synet_paids` VALUES (270, 0, NULL, -39.9, NULL, 268, 20, 5632, 39.9);
INSERT INTO `synet_paids` VALUES (271, 0, NULL, -40, NULL, 269, 20, 5633, 40);
INSERT INTO `synet_paids` VALUES (272, 79.5, '2025-05-31', 0, 1, 270, 14, 5634, 79.5);
INSERT INTO `synet_paids` VALUES (273, 0, NULL, -47.2, NULL, 271, 20, 5635, 47.2);
INSERT INTO `synet_paids` VALUES (274, 0, NULL, -48.3, NULL, 272, 20, 5636, 48.3);
INSERT INTO `synet_paids` VALUES (275, 0, NULL, -25.5, NULL, 273, 3, 5637, 25.5);
INSERT INTO `synet_paids` VALUES (276, 89.1, '2025-05-31', 0, 1, 274, 42, 5638, 89.1);
INSERT INTO `synet_paids` VALUES (277, 0, NULL, -57.3, NULL, 308, 11, 5639, 57.3);
INSERT INTO `synet_paids` VALUES (278, 0, NULL, -48, NULL, 309, 2, 5640, 48);
INSERT INTO `synet_paids` VALUES (279, 0, NULL, -90, NULL, 310, 7, 5641, 90);
INSERT INTO `synet_paids` VALUES (280, 0, NULL, -27, NULL, 312, 39, 5642, 27);
INSERT INTO `synet_paids` VALUES (281, 50.4, '2025-05-31', 0, 1, 311, 5, 5643, 50.4);
INSERT INTO `synet_paids` VALUES (282, 0, NULL, -111.6, NULL, 313, 13, 5644, 111.6);
INSERT INTO `synet_paids` VALUES (283, 0, NULL, -42, NULL, 314, 3, 5645, 42);
INSERT INTO `synet_paids` VALUES (284, 0, NULL, -174, NULL, 315, 17, 5646, 174);
INSERT INTO `synet_paids` VALUES (285, 33, '2025-05-31', 0, 1, 316, 104, 5647, 33);
INSERT INTO `synet_paids` VALUES (286, 0, NULL, -21, NULL, 317, 23, 5648, 21);
INSERT INTO `synet_paids` VALUES (287, 0, NULL, -46.5, NULL, 318, 21, 5649, 46.5);
INSERT INTO `synet_paids` VALUES (288, 0, NULL, -99, NULL, 319, 8, 5650, 99);
INSERT INTO `synet_paids` VALUES (289, 0, NULL, -24, NULL, 320, 2, 5651, 24);
INSERT INTO `synet_paids` VALUES (290, 0, NULL, -27.9, NULL, 321, 71, 5652, 27.9);
INSERT INTO `synet_paids` VALUES (291, 82.8, '2025-05-31', 0, 1, 322, 5, 5653, 82.8);
INSERT INTO `synet_paids` VALUES (292, 0, NULL, -40.2, NULL, 323, 18, 5654, 40.2);
INSERT INTO `synet_paids` VALUES (293, 0, NULL, -21, NULL, 324, 31, 5655, 21);
INSERT INTO `synet_paids` VALUES (294, 0, NULL, -23.7, NULL, 325, 31, 5656, 23.7);
INSERT INTO `synet_paids` VALUES (295, 0, NULL, -27.9, NULL, 326, 2, 5657, 27.9);
INSERT INTO `synet_paids` VALUES (296, 0, NULL, -57, NULL, 327, 1, 5658, 57);
INSERT INTO `synet_paids` VALUES (297, 0, NULL, -69, NULL, 330, 21, 5659, 69);
INSERT INTO `synet_paids` VALUES (298, 0, NULL, -87, NULL, 331, 20, 5660, 87);
INSERT INTO `synet_paids` VALUES (299, 0, NULL, -65, NULL, 332, 19, 5661, 65);
INSERT INTO `synet_paids` VALUES (300, 0, NULL, -150.3, NULL, 275, 10, 5169, 150.3);
INSERT INTO `synet_paids` VALUES (301, 85.2, '2025-05-31', 0, 1, 276, 5, 5170, 85.2);
INSERT INTO `synet_paids` VALUES (302, 57.47, '2025-05-31', 0, 1, 333, 5, 5171, 57.47);
INSERT INTO `synet_paids` VALUES (303, 0, NULL, -86.7, NULL, 277, 12, 5172, 86.7);
INSERT INTO `synet_paids` VALUES (304, 0, NULL, -68.7, NULL, 278, 6, 5173, 68.7);
INSERT INTO `synet_paids` VALUES (305, 0, NULL, -24.6, NULL, 279, 6, 5174, 24.6);
INSERT INTO `synet_paids` VALUES (306, 0, NULL, -153.9, NULL, 280, 6, 5175, 153.9);
INSERT INTO `synet_paids` VALUES (307, 0, NULL, -126.6, NULL, 281, 28, 5176, 126.6);
INSERT INTO `synet_paids` VALUES (308, 0, NULL, -84.8, NULL, 282, 43, 5177, 84.8);
INSERT INTO `synet_paids` VALUES (309, 0, NULL, -9.9, NULL, 283, 23, 5178, 9.9);
INSERT INTO `synet_paids` VALUES (310, 0, NULL, -45, NULL, 284, 3, 5179, 45);
INSERT INTO `synet_paids` VALUES (311, 0, NULL, -83.4, NULL, 285, 44, 5180, 83.4);
INSERT INTO `synet_paids` VALUES (312, 0, NULL, -3.6, NULL, 286, 44, 5181, 3.6);
INSERT INTO `synet_paids` VALUES (313, 0, NULL, -9.9, NULL, 287, 14, 5182, 9.9);
INSERT INTO `synet_paids` VALUES (314, 0, NULL, -63.6, NULL, 288, 38, 5183, 63.6);
INSERT INTO `synet_paids` VALUES (315, 0, NULL, -29.4, NULL, 289, 32, 5184, 29.4);
INSERT INTO `synet_paids` VALUES (316, 0, NULL, -64.5, NULL, 290, 45, 5185, 64.5);
INSERT INTO `synet_paids` VALUES (317, 0, NULL, -82.8, NULL, 291, 15, 5186, 82.8);
INSERT INTO `synet_paids` VALUES (318, 0, NULL, -28.2, NULL, 292, 46, 5187, 28.2);
INSERT INTO `synet_paids` VALUES (319, 0, NULL, -1.5, NULL, 293, 4, 5188, 1.5);
INSERT INTO `synet_paids` VALUES (320, 14, '2025-05-31', 0, 1, 294, 47, 5189, 14);
INSERT INTO `synet_paids` VALUES (321, 0, NULL, -55.6, NULL, 295, 48, 5190, 55.6);
INSERT INTO `synet_paids` VALUES (322, 0, NULL, -59.4, NULL, 296, 49, 5191, 59.4);
INSERT INTO `synet_paids` VALUES (323, 0, NULL, -80.1, NULL, 297, 21, 5192, 80.1);
INSERT INTO `synet_paids` VALUES (324, 0, NULL, -118, NULL, 298, 50, 5193, 118);
INSERT INTO `synet_paids` VALUES (325, 0, NULL, -22.5, NULL, 299, 39, 5194, 22.5);
INSERT INTO `synet_paids` VALUES (326, 0, NULL, -7.8, NULL, 300, 39, 5195, 7.8);
INSERT INTO `synet_paids` VALUES (327, 0, NULL, -88.2, NULL, 301, 39, 5196, 88.2);
INSERT INTO `synet_paids` VALUES (328, 0, NULL, -33.3, NULL, 302, 51, 5198, 33.3);
INSERT INTO `synet_paids` VALUES (329, 0, NULL, -89.7, NULL, 303, 51, 5199, 89.7);
INSERT INTO `synet_paids` VALUES (330, 0, NULL, -33, NULL, 304, 52, 5200, 33);
INSERT INTO `synet_paids` VALUES (331, 109.8, '2025-05-31', 0, 1, 305, 53, 5501, 109.8);
INSERT INTO `synet_paids` VALUES (332, NULL, NULL, NULL, NULL, 307, 25, NULL, NULL);
INSERT INTO `synet_paids` VALUES (333, NULL, NULL, NULL, NULL, 306, 25, NULL, NULL);
INSERT INTO `synet_paids` VALUES (334, 231.8, '2025-05-31', 0, 1, 334, 71, 5502, 231.8);
INSERT INTO `synet_paids` VALUES (335, 309.9, '2025-05-31', 0, 1, 335, 53, 5505, 309.9);
INSERT INTO `synet_paids` VALUES (336, 57.67, '2025-05-31', 0, 1, 336, 47, 5503, 57.67);
INSERT INTO `synet_paids` VALUES (337, 85, '2025-05-31', 0, 1, 337, 48, 5504, 85);
INSERT INTO `synet_paids` VALUES (338, 0, NULL, -4, NULL, 338, 105, 5506, 4);
INSERT INTO `synet_paids` VALUES (339, 0, NULL, -37.2, NULL, 365, 55, 5533, 37.2);
INSERT INTO `synet_paids` VALUES (340, 0, NULL, -29.1, NULL, 364, 52, 5532, 29.1);
INSERT INTO `synet_paids` VALUES (341, 0, NULL, -6.75, NULL, 363, 106, 5531, 6.75);
INSERT INTO `synet_paids` VALUES (342, 0, NULL, -2.2, NULL, 362, 64, 5530, 2.2);
INSERT INTO `synet_paids` VALUES (343, 0, NULL, -82.55, NULL, 361, 51, 5529, 82.55);
INSERT INTO `synet_paids` VALUES (344, 0, NULL, -104.4, NULL, 360, 51, 5528, 104.4);
INSERT INTO `synet_paids` VALUES (345, 0, NULL, -81.65, NULL, 359, 39, 5527, 81.65);
INSERT INTO `synet_paids` VALUES (346, 0, NULL, -13.07, NULL, 358, 39, 5526, 13.07);
INSERT INTO `synet_paids` VALUES (347, 0, NULL, -350.47, NULL, 357, 39, 5525, 350.47);
INSERT INTO `synet_paids` VALUES (348, 0, NULL, -38.8, NULL, 356, 6, 5524, 38.8);
INSERT INTO `synet_paids` VALUES (349, 0, NULL, -195.1, NULL, 355, 6, 5523, 195.1);
INSERT INTO `synet_paids` VALUES (350, 0, NULL, -74.4, NULL, 354, 50, 5522, 74.4);
INSERT INTO `synet_paids` VALUES (351, 0, NULL, -112.37, NULL, 353, 18, 5521, 112.37);
INSERT INTO `synet_paids` VALUES (352, 0, NULL, -35.27, NULL, 352, 45, 5520, 35.27);
INSERT INTO `synet_paids` VALUES (353, 0, NULL, -139.6, NULL, 351, 32, 5519, 139.6);
INSERT INTO `synet_paids` VALUES (354, 0, NULL, -7.4, NULL, 350, 38, 5518, 7.4);
INSERT INTO `synet_paids` VALUES (355, 0, NULL, -1.2, NULL, 349, 38, 5517, 1.2);
INSERT INTO `synet_paids` VALUES (356, 0, NULL, -8.1, NULL, 348, 14, 5516, 8.1);
INSERT INTO `synet_paids` VALUES (357, 0, NULL, -1.4, NULL, 347, 14, 5515, 1.4);
INSERT INTO `synet_paids` VALUES (358, 0, NULL, -893.55, NULL, 346, 44, 5514, 893.55);
INSERT INTO `synet_paids` VALUES (359, 0, NULL, -159.1, NULL, 345, 44, 5513, 159.1);
INSERT INTO `synet_paids` VALUES (360, 0, NULL, -85.17, NULL, 344, 3, 5512, 85.17);
INSERT INTO `synet_paids` VALUES (361, 0, NULL, -63.3, NULL, 343, 23, 5511, 63.3);
INSERT INTO `synet_paids` VALUES (362, 0, NULL, -444.25, NULL, 342, 28, 5510, 444.25);
INSERT INTO `synet_paids` VALUES (363, 0, NULL, -14.85, NULL, 341, 89, 5509, 14.85);
INSERT INTO `synet_paids` VALUES (364, 0, NULL, -91.37, NULL, 340, 12, 5508, 91.37);
INSERT INTO `synet_paids` VALUES (365, 0, NULL, -1305.6, NULL, 339, 10, 5507, 1305.6);
INSERT INTO `synet_paids` VALUES (366, 0, NULL, -57, NULL, 366, 36, 5662, 57);
INSERT INTO `synet_paids` VALUES (367, 0, NULL, -72.3, NULL, 367, 11, 5663, 72.3);
INSERT INTO `synet_paids` VALUES (368, 0, NULL, -203.7, NULL, 368, 109, 5664, 203.7);
INSERT INTO `synet_paids` VALUES (369, 58.2, '2025-06-29', 0, 1, 369, 5, 5665, 58.2);
INSERT INTO `synet_paids` VALUES (370, 0, NULL, -20.4, NULL, 370, 1, 5666, 20.4);
INSERT INTO `synet_paids` VALUES (371, 0, NULL, -92.1, NULL, 371, 2, 5667, 92.1);
INSERT INTO `synet_paids` VALUES (372, 0, NULL, -77.7, NULL, 372, 18, 5668, 77.7);
INSERT INTO `synet_paids` VALUES (373, 0, NULL, -42, NULL, 373, 4, 5669, 42);
INSERT INTO `synet_paids` VALUES (374, 0, NULL, -21, NULL, 374, 22, 5670, 21);
INSERT INTO `synet_paids` VALUES (375, 0, NULL, -69.6, NULL, 375, 7, 5671, 69.6);
INSERT INTO `synet_paids` VALUES (376, 0, NULL, -89.4, NULL, 376, 14, 5672, 89.4);
INSERT INTO `synet_paids` VALUES (377, 0, NULL, -58.8, NULL, 377, 3, 5673, 58.8);
INSERT INTO `synet_paids` VALUES (378, 0, NULL, -21, NULL, 378, 29, 5674, 21);
INSERT INTO `synet_paids` VALUES (379, 0, NULL, -81.9, NULL, 379, 18, 5675, 81.9);
INSERT INTO `synet_paids` VALUES (380, 0, NULL, -108.3, NULL, 380, 42, 5676, 108.3);
INSERT INTO `synet_paids` VALUES (381, 0, NULL, -6.9, NULL, 381, 6, 5677, 6.9);
INSERT INTO `synet_paids` VALUES (382, 0, NULL, -35, NULL, 382, 24, 5678, 35);
INSERT INTO `synet_paids` VALUES (383, 0, NULL, -47.4, NULL, 383, 6, 5679, 47.4);
INSERT INTO `synet_paids` VALUES (384, 0, NULL, -30.6, NULL, 384, 39, 5680, 30.6);
INSERT INTO `synet_paids` VALUES (385, 0, NULL, -36.3, NULL, 385, 104, 5681, 36.3);
INSERT INTO `synet_paids` VALUES (386, 0, NULL, -61.8, NULL, 386, 6, 5682, 61.8);
INSERT INTO `synet_paids` VALUES (387, 0, NULL, -21.3, NULL, 387, 23, 5683, 21.3);
INSERT INTO `synet_paids` VALUES (388, 68.1, '2025-06-29', 0, 1, 388, 5, 5684, 68.1);
INSERT INTO `synet_paids` VALUES (389, 0, NULL, -11.4, NULL, 389, 109, 5685, 11.4);
INSERT INTO `synet_paids` VALUES (390, 0, NULL, -106.5, NULL, 390, 13, 5686, 106.5);
INSERT INTO `synet_paids` VALUES (391, 0, NULL, -137.7, NULL, 391, 17, 5687, 137.7);
INSERT INTO `synet_paids` VALUES (392, 0, NULL, -88.4, NULL, 392, 20, 5688, 88.4);
INSERT INTO `synet_paids` VALUES (393, 0, NULL, -81.9, NULL, 393, 16, 5689, 81.9);
INSERT INTO `synet_paids` VALUES (394, 0, NULL, -80.4, NULL, 394, 36, 5690, 80.4);
INSERT INTO `synet_paids` VALUES (395, 0, NULL, -64.5, NULL, 395, 11, 5691, 64.5);
INSERT INTO `synet_paids` VALUES (396, 0, NULL, -59.7, NULL, 396, 21, 5692, 59.7);
INSERT INTO `synet_paids` VALUES (397, 0, NULL, -57, NULL, 397, 15, 5693, 57);
INSERT INTO `synet_paids` VALUES (398, 0, NULL, -88.8, NULL, 398, 20, 5694, 88.8);
INSERT INTO `synet_paids` VALUES (399, 0, NULL, -83.4, NULL, 403, 5, NULL, 83.4);